date,quantity,payment_method,products_id,customer_id,sales_person_id
6/6/2010,1,maestro,14,679,20
3/31/2006,2,americanexpress,71,361,16
3/23/2015,2,jcb,162,620,4
1/24/2005,4,jcb,144,760,7
8/28/2021,3,jcb,72,977,4
3/11/2021,5,bankcard,69,633,17
4/4/2024,2,jcb,114,245,8
6/26/2004,4,jcb,31,387,6
9/30/2004,2,visa-electron,126,773,18
2/1/2005,1,visa-electron,69,31,10
5/10/2021,4,jcb,195,909,1
1/24/2018,2,visa,149,476,16
5/18/2022,2,jcb,177,878,10
1/19/2004,5,visa,159,399,20
3/22/2025,2,visa-electron,143,955,11
4/6/2012,5,jcb,37,396,6
5/11/2005,5,visa-electron,195,377,5
1/18/2012,5,visa-electron,139,355,11
11/22/2006,3,mastercard,35,291,15
3/9/2005,2,jcb,126,551,15
9/5/2021,3,jcb,96,510,10
8/29/2018,5,jcb,31,942,9
8/12/2022,2,jcb,6,836,11
7/6/2002,5,mastercard,73,379,6
6/20/2024,3,china-unionpay,76,412,13
3/2/2015,2,bankcard,178,666,13
7/4/2013,5,jcb,64,829,8
11/3/2014,5,jcb,36,771,3
6/6/2014,5,switch,155,179,3
5/25/2016,4,china-unionpay,85,842,6
8/19/2020,4,diners-club-enroute,62,444,13
3/7/2010,5,diners-club-carte-blanche,128,711,7
12/30/2016,1,laser,15,885,16
4/7/2004,2,jcb,171,438,2
9/5/2020,1,jcb,13,427,4
12/13/2024,1,americanexpress,130,959,10
5/16/2012,1,jcb,51,935,6
10/3/2025,4,laser,129,173,4
5/4/2016,4,jcb,57,106,5
7/2/2003,3,mastercard,87,664,16
11/11/2006,1,maestro,82,98,1
11/12/2016,1,laser,191,696,6
8/29/2023,1,mastercard,60,172,17
10/27/2013,4,jcb,115,380,19
12/20/2015,1,mastercard,8,176,3
11/7/2003,5,jcb,44,973,8
9/27/2005,2,diners-club-enroute,185,459,6
4/10/2015,5,jcb,75,304,19
7/18/2013,1,mastercard,12,65,20
7/7/2025,4,jcb,66,414,11
4/27/2012,1,jcb,10,578,20
1/8/2023,3,diners-club-carte-blanche,107,331,10
4/7/2020,1,mastercard,2,594,7
7/3/2012,1,visa,198,375,1
5/3/2021,5,jcb,183,988,2
8/25/2019,2,jcb,44,288,7
12/10/2022,3,instapayment,192,396,6
8/9/2003,3,jcb,85,290,8
5/22/2014,1,jcb,82,671,19
5/7/2008,3,china-unionpay,171,248,3
7/9/2018,5,instapayment,189,688,3
5/10/2024,1,mastercard,31,800,16
12/13/2012,5,jcb,23,669,11
12/4/2008,5,diners-club-enroute,66,86,11
7/6/2016,2,switch,174,190,12
5/10/2017,4,jcb,57,876,5
2/19/2009,3,diners-club-international,169,555,6
8/1/2010,4,switch,18,177,4
4/13/2012,5,jcb,90,388,7
5/28/2024,1,jcb,129,425,8
7/7/2018,2,americanexpress,31,850,19
10/30/2014,1,jcb,87,486,15
6/6/2012,4,jcb,8,232,5
1/15/2012,1,switch,86,559,1
10/10/2008,5,visa-electron,156,992,9
3/29/2007,1,mastercard,164,904,12
1/1/2017,4,americanexpress,170,75,20
3/28/2002,2,jcb,103,212,13
1/8/2023,4,maestro,8,84,17
8/25/2021,1,visa,158,163,16
12/8/2008,5,jcb,46,68,4
11/11/2001,4,jcb,105,666,16
9/4/2008,5,china-unionpay,111,488,16
6/9/2010,5,jcb,165,805,14
11/29/2009,3,jcb,199,307,2
9/29/2021,3,jcb,104,511,1
4/21/2008,3,jcb,40,541,3
7/29/2006,4,jcb,175,758,2
1/17/2018,1,jcb,101,362,15
5/10/2001,4,mastercard,134,193,18
2/6/2019,5,diners-club-carte-blanche,84,658,20
2/16/2020,1,jcb,74,419,4
6/26/2007,4,switch,191,363,15
4/30/2019,1,americanexpress,60,241,15
4/15/2019,3,mastercard,70,652,11
8/30/2025,4,maestro,90,762,15
11/5/2023,1,jcb,42,92,8
12/4/2022,4,mastercard,182,644,1
8/28/2013,2,maestro,165,49,19
3/26/2016,5,diners-club-enroute,83,804,6
10/7/2013,2,solo,26,292,14
9/13/2012,4,jcb,142,252,14
12/10/2020,3,visa-electron,163,991,16
8/4/2023,1,jcb,22,672,2
9/10/2013,2,jcb,190,316,14
8/15/2006,3,mastercard,57,540,9
2/1/2004,4,jcb,25,345,20
4/14/2026,5,china-unionpay,186,617,2
1/29/2014,3,laser,127,398,12
1/2/2014,2,jcb,165,182,15
9/30/2021,1,jcb,90,516,15
12/17/2016,4,switch,19,786,15
12/20/2009,2,switch,130,496,16
11/2/2020,3,switch,62,198,5
1/1/2006,5,instapayment,178,927,1
11/9/2004,1,jcb,114,659,15
10/6/2017,2,diners-club-enroute,45,735,16
1/23/2002,4,americanexpress,99,831,19
7/8/2023,4,jcb,67,304,17
9/4/2018,2,maestro,105,432,3
5/30/2007,1,diners-club-carte-blanche,24,179,4
5/15/2014,1,mastercard,143,299,14
8/15/2016,1,jcb,118,875,12
12/21/2010,4,instapayment,2,914,20
11/26/2024,2,jcb,134,744,14
6/14/2001,5,switch,29,585,7
6/8/2012,5,jcb,195,576,14
7/12/2014,4,jcb,32,438,4
9/13/2010,5,mastercard,153,58,11
4/16/2020,3,jcb,112,292,19
1/16/2016,3,visa-electron,54,939,12
11/12/2019,1,mastercard,199,661,16
2/8/2003,5,jcb,29,172,16
1/15/2003,5,diners-club-enroute,69,113,7
5/24/2004,4,jcb,171,88,7
6/27/2002,4,americanexpress,151,595,5
10/18/2021,5,americanexpress,111,553,20
4/19/2012,5,jcb,136,594,11
8/16/2001,3,china-unionpay,116,645,10
4/27/2022,5,jcb,117,440,15
10/12/2024,3,jcb,141,275,11
9/13/2002,5,jcb,71,550,12
11/13/2020,1,diners-club-enroute,172,960,2
5/28/2015,1,jcb,91,101,1
12/31/2017,1,jcb,46,814,7
9/25/2014,1,diners-club-carte-blanche,39,694,20
2/24/2023,4,visa-electron,141,684,20
9/24/2007,5,mastercard,130,464,4
5/5/2016,1,jcb,170,232,12
5/4/2004,2,jcb,157,498,8
8/3/2001,1,jcb,45,583,16
9/24/2021,4,jcb,44,983,11
10/24/2005,1,jcb,7,636,7
5/10/2005,5,jcb,18,974,17
4/11/2002,2,jcb,115,940,1
2/20/2017,4,diners-club-enroute,153,556,10
7/9/2002,3,bankcard,148,271,11
7/31/2018,2,diners-club-enroute,126,22,20
3/15/2016,2,jcb,140,812,13
1/14/2004,1,jcb,127,559,10
8/9/2019,5,laser,29,987,4
8/14/2010,1,china-unionpay,191,144,1
3/27/2009,4,mastercard,184,988,18
5/27/2019,3,mastercard,140,96,11
6/6/2011,1,visa-electron,195,790,17
2/20/2012,1,jcb,169,636,8
2/26/2003,3,jcb,52,129,20
6/13/2009,4,maestro,120,142,3
10/17/2005,1,jcb,121,104,20
6/3/2011,1,jcb,163,312,8
2/19/2016,4,solo,84,765,14
8/29/2023,1,jcb,22,215,15
12/28/2013,4,jcb,197,998,16
8/9/2017,4,solo,194,331,20
7/2/2016,2,china-unionpay,56,222,8
1/11/2015,3,jcb,149,206,13
11/17/2006,4,mastercard,195,17,6
2/29/2004,3,jcb,158,562,15
4/8/2021,3,laser,83,861,4
5/29/2008,4,diners-club-carte-blanche,112,851,6
6/3/2009,4,jcb,8,21,2
3/12/2021,4,solo,73,482,14
4/17/2023,1,jcb,165,454,13
10/1/2017,4,jcb,180,537,1
6/18/2001,3,jcb,156,810,1
9/14/2011,1,jcb,70,136,3
8/18/2021,3,mastercard,200,274,10
11/7/2020,4,diners-club-carte-blanche,90,834,13
9/26/2005,3,maestro,91,788,9
4/27/2019,4,china-unionpay,85,531,1
8/17/2003,4,laser,67,980,12
8/22/2005,3,americanexpress,55,499,4
6/15/2018,3,maestro,90,780,9
2/2/2006,3,jcb,191,327,7
2/7/2017,3,mastercard,49,918,3
11/26/2007,1,americanexpress,131,262,17
10/26/2009,4,jcb,158,503,8
4/26/2022,3,jcb,62,155,4
8/1/2023,2,switch,13,206,13
4/16/2003,2,jcb,5,957,18
9/22/2002,5,americanexpress,138,202,6
6/17/2006,1,jcb,82,479,4
3/1/2012,4,visa,103,542,17
5/5/2008,1,mastercard,114,974,11
3/10/2020,5,jcb,154,675,14
11/11/2017,2,bankcard,85,927,15
5/14/2016,4,switch,68,652,5
2/13/2012,3,jcb,195,993,10
10/10/2025,4,americanexpress,101,511,11
11/22/2017,5,visa,78,598,1
1/15/2020,5,jcb,33,611,9
1/18/2004,3,visa,136,850,15
6/10/2004,1,visa-electron,94,620,11
5/24/2020,2,jcb,182,955,4
3/9/2017,2,jcb,85,469,9
10/3/2015,1,diners-club-carte-blanche,23,678,20
6/12/2013,5,diners-club-us-ca,106,382,7
4/8/2022,3,jcb,39,416,15
1/9/2018,2,mastercard,77,575,15
9/10/2022,2,jcb,103,157,13
1/14/2012,1,jcb,178,582,20
11/13/2001,4,jcb,198,39,7
10/3/2007,1,bankcard,42,116,1
10/17/2005,5,switch,147,36,5
1/1/2024,3,americanexpress,146,836,15
7/3/2024,3,instapayment,70,149,11
9/7/2002,5,switch,80,203,1
10/12/2003,1,jcb,175,118,17
6/2/2022,5,switch,97,252,14
6/10/2025,3,jcb,55,482,18
9/7/2011,1,solo,156,716,10
1/31/2004,1,visa-electron,47,845,15
4/12/2002,1,bankcard,86,785,6
2/10/2024,4,jcb,129,784,12
11/29/2010,3,diners-club-carte-blanche,37,189,6
7/8/2024,5,jcb,162,88,13
7/6/2014,1,americanexpress,39,110,13
3/8/2008,5,jcb,133,604,2
10/5/2022,4,jcb,16,47,12
6/27/2003,4,mastercard,181,287,12
4/22/2003,3,jcb,102,455,3
6/20/2018,2,jcb,136,152,16
1/9/2007,5,jcb,124,10,7
9/5/2014,1,jcb,107,36,19
8/7/2006,2,diners-club-us-ca,64,74,13
4/23/2019,1,jcb,53,543,7
5/2/2014,4,jcb,21,491,13
4/9/2010,4,switch,147,855,7
11/11/2020,5,mastercard,157,116,1
9/24/2023,4,visa-electron,91,786,10
1/26/2019,4,jcb,1,334,19
9/29/2006,3,solo,161,853,19
2/25/2016,1,diners-club-us-ca,13,955,6
6/17/2023,3,jcb,96,615,10
2/27/2010,1,switch,135,160,1
3/29/2017,4,mastercard,91,84,18
9/28/2013,2,maestro,1,943,7
8/25/2020,1,jcb,74,40,8
7/11/2019,4,jcb,143,267,19
8/10/2001,5,maestro,71,370,19
9/3/2024,2,americanexpress,194,227,5
5/25/2013,1,maestro,74,175,14
5/25/2015,1,jcb,83,140,17
10/20/2011,4,solo,69,33,10
3/1/2004,3,diners-club-enroute,132,499,11
6/22/2018,2,diners-club-carte-blanche,144,663,15
8/3/2002,4,diners-club-carte-blanche,191,953,13
12/11/2008,5,jcb,131,494,13
2/18/2012,4,visa-electron,129,475,6
7/23/2005,2,maestro,85,558,18
6/17/2001,3,instapayment,118,782,8
5/26/2009,2,diners-club-enroute,38,337,3
3/10/2006,1,laser,97,348,15
6/23/2021,3,jcb,113,465,1
11/8/2012,5,diners-club-carte-blanche,75,939,6
11/9/2015,2,diners-club-enroute,90,731,16
1/24/2026,3,maestro,68,667,8
3/20/2022,4,jcb,25,409,10
8/16/2001,5,china-unionpay,28,245,5
8/19/2012,1,jcb,198,504,14
7/14/2025,3,laser,13,465,20
9/26/2012,2,visa-electron,154,474,11
6/9/2022,5,diners-club-enroute,9,649,19
1/6/2018,5,jcb,162,172,1
10/28/2001,3,americanexpress,173,55,2
10/7/2002,1,jcb,58,440,16
4/3/2026,1,jcb,120,738,18
2/3/2009,5,jcb,45,923,5
3/29/2020,4,jcb,95,705,1
11/14/2015,3,maestro,27,39,20
7/5/2022,1,visa,184,112,16
10/9/2013,3,americanexpress,118,93,4
3/21/2017,2,switch,97,553,12
7/14/2002,3,diners-club-carte-blanche,117,186,3
11/28/2024,2,bankcard,56,29,17
7/15/2011,1,switch,164,121,5
8/4/2005,3,mastercard,52,297,8
6/18/2023,4,jcb,148,188,10
10/4/2017,4,diners-club-carte-blanche,144,574,15
8/8/2012,3,mastercard,190,919,6
4/10/2020,4,americanexpress,70,428,6
12/18/2018,2,maestro,39,69,13
1/31/2010,4,jcb,54,819,16
3/6/2013,5,jcb,195,121,13
6/6/2009,1,diners-club-carte-blanche,9,633,8
5/5/2011,5,jcb,98,342,10
12/21/2001,4,jcb,33,613,3
8/9/2014,4,diners-club-us-ca,47,338,13
7/20/2010,5,bankcard,36,621,6
5/25/2006,1,jcb,198,476,7
9/16/2022,4,jcb,38,676,1
12/6/2022,4,maestro,67,880,20
12/6/2015,2,china-unionpay,16,507,19
2/21/2021,4,jcb,72,362,11
4/20/2014,4,laser,26,462,6
3/5/2013,2,jcb,155,511,15
1/17/2009,3,mastercard,21,123,2
8/1/2015,2,mastercard,45,611,4
7/11/2008,1,switch,111,298,18
9/19/2023,1,jcb,143,347,8
8/8/2007,1,jcb,174,42,4
6/16/2001,5,jcb,43,502,4
9/12/2009,5,jcb,13,522,8
8/1/2023,4,jcb,144,707,15
5/28/2020,1,switch,134,301,5
8/2/2019,3,switch,15,437,7
3/2/2008,5,instapayment,187,526,2
7/4/2001,5,diners-club-carte-blanche,130,533,18
11/1/2008,1,maestro,62,697,2
10/30/2005,1,jcb,136,386,4
11/15/2004,4,jcb,104,824,20
9/8/2011,1,americanexpress,199,260,5
10/11/2011,2,jcb,21,227,10
9/21/2007,3,visa,79,777,12
8/28/2017,1,china-unionpay,85,171,19
5/26/2018,2,maestro,102,184,13
11/20/2018,5,jcb,72,347,15
9/22/2023,1,jcb,171,481,5
2/22/2005,1,maestro,93,526,9
11/14/2018,1,jcb,52,999,1
9/2/2005,5,visa-electron,159,528,15
5/15/2021,5,visa-electron,51,434,6
1/12/2014,5,jcb,179,34,7
5/20/2006,1,laser,103,976,9
12/9/2025,3,jcb,11,461,8
6/10/2021,1,maestro,119,230,7
6/4/2002,4,switch,3,142,8
10/4/2014,2,china-unionpay,198,469,5
10/2/2005,4,jcb,66,501,17
12/19/2008,3,visa-electron,102,223,1
8/10/2023,2,jcb,173,377,14
7/8/2009,2,visa,113,38,7
10/28/2002,2,jcb,120,57,18
9/14/2012,2,jcb,94,357,10
12/23/2016,3,jcb,55,630,13
4/15/2006,2,jcb,139,439,17
8/18/2008,1,diners-club-carte-blanche,125,964,16
1/10/2003,3,diners-club-carte-blanche,161,464,1
12/23/2025,4,jcb,74,470,4
2/8/2015,1,bankcard,29,415,5
11/16/2016,5,jcb,121,875,15
12/29/2018,4,switch,127,367,7
9/18/2001,4,visa-electron,197,392,12
2/17/2023,1,maestro,48,546,13
3/25/2011,4,maestro,15,48,4
8/7/2017,4,china-unionpay,146,309,15
10/24/2007,2,jcb,76,874,10
10/14/2005,3,jcb,200,581,12
6/20/2003,5,china-unionpay,79,519,6
12/11/2006,2,switch,72,602,16
11/21/2022,3,bankcard,198,136,13
6/30/2014,2,visa,137,763,13
5/16/2024,1,maestro,164,243,20
1/21/2019,4,jcb,158,497,16
11/15/2023,1,diners-club-enroute,81,476,13
10/11/2006,2,maestro,150,516,17
8/4/2020,3,visa-electron,109,286,20
5/6/2018,3,jcb,108,66,16
11/9/2015,4,jcb,1,660,18
6/7/2018,1,visa,144,26,8
1/12/2017,4,visa,132,394,9
3/25/2025,2,jcb,195,366,5
7/13/2012,2,jcb,120,157,10
1/19/2019,2,mastercard,29,850,10
10/17/2007,3,jcb,125,334,5
5/10/2011,3,americanexpress,119,9,15
4/3/2005,4,laser,110,697,14
9/2/2025,3,diners-club-enroute,101,952,9
10/6/2011,2,maestro,126,532,7
5/28/2013,2,bankcard,38,32,7
5/18/2013,3,jcb,43,705,8
11/13/2023,5,jcb,38,106,12
9/14/2012,5,jcb,142,126,20
2/27/2022,2,maestro,119,649,18
4/27/2020,5,jcb,155,60,3
11/16/2009,3,mastercard,40,77,1
6/21/2003,5,jcb,96,636,19
3/18/2007,2,visa-electron,162,39,20
1/24/2007,4,mastercard,11,814,10
10/25/2016,1,jcb,191,481,15
7/4/2013,4,bankcard,146,297,7
12/13/2008,2,jcb,176,579,10
6/15/2019,3,jcb,118,104,17
9/28/2008,4,diners-club-international,186,415,5
5/7/2017,4,jcb,131,586,2
5/16/2013,2,jcb,96,91,7
11/29/2024,3,jcb,152,882,2
8/13/2001,2,mastercard,156,981,15
5/26/2012,3,visa-electron,151,397,5
8/24/2024,2,jcb,108,645,20
4/20/2025,3,mastercard,154,386,10
3/26/2017,2,jcb,81,985,2
9/16/2015,2,diners-club-carte-blanche,28,878,19
10/14/2022,3,jcb,173,29,14
7/9/2009,1,diners-club-enroute,182,99,5
10/12/2023,1,maestro,48,313,16
10/12/2016,4,diners-club-carte-blanche,79,506,13
10/26/2019,2,diners-club-enroute,185,858,11
4/4/2006,1,jcb,27,59,16
10/14/2003,5,jcb,118,514,10
12/25/2018,1,maestro,81,431,9
7/7/2025,1,laser,95,737,1
4/22/2016,4,mastercard,96,246,18
7/27/2016,5,visa-electron,170,480,7
6/20/2003,4,visa,89,904,7
12/8/2024,3,diners-club-carte-blanche,166,879,7
8/17/2007,2,jcb,152,135,15
3/10/2014,4,maestro,119,128,19
7/28/2025,3,jcb,140,426,3
8/16/2020,5,jcb,166,786,16
10/13/2016,4,visa-electron,73,578,1
7/20/2023,1,diners-club-carte-blanche,159,712,19
8/23/2022,1,jcb,190,373,18
6/4/2008,1,jcb,93,438,17
10/9/2012,1,jcb,50,794,15
11/2/2005,3,jcb,48,831,19
10/5/2014,1,jcb,5,309,3
5/9/2017,3,maestro,191,970,16
12/17/2024,1,jcb,4,319,4
6/7/2015,3,jcb,70,257,18
5/25/2003,4,jcb,4,501,15
6/14/2016,2,bankcard,169,66,12
5/17/2005,1,jcb,52,313,2
6/3/2017,5,mastercard,100,30,16
2/25/2007,1,jcb,130,508,11
5/23/2003,1,china-unionpay,196,251,1
10/20/2004,2,china-unionpay,28,697,12
2/12/2022,1,switch,67,164,19
3/17/2007,3,bankcard,24,238,20
10/18/2013,5,mastercard,20,318,4
12/13/2011,5,jcb,35,585,16
4/25/2008,2,jcb,74,888,2
5/3/2003,1,instapayment,189,839,12
2/11/2021,2,jcb,43,488,1
8/4/2020,1,diners-club-carte-blanche,195,307,7
5/25/2024,5,visa-electron,30,259,2
11/14/2007,2,americanexpress,148,748,18
1/20/2003,1,jcb,148,155,3
9/30/2018,2,mastercard,181,176,15
2/7/2003,3,mastercard,199,995,10
3/2/2026,4,china-unionpay,66,82,15
5/5/2003,4,instapayment,33,175,5
6/1/2008,2,instapayment,33,23,10
7/17/2006,5,mastercard,97,883,9
12/26/2023,4,jcb,14,381,4
8/16/2010,1,jcb,106,513,11
10/26/2002,2,jcb,183,60,16
7/4/2005,3,bankcard,127,36,9
4/16/2021,3,diners-club-enroute,190,146,13
11/19/2023,4,americanexpress,152,97,5
7/9/2017,1,jcb,73,576,5
9/11/2019,1,jcb,133,625,18
9/2/2023,2,jcb,136,539,18
2/23/2017,4,diners-club-carte-blanche,32,12,18
10/29/2019,4,laser,188,600,4
10/21/2025,5,jcb,124,851,1
8/27/2015,2,jcb,195,126,2
4/26/2019,5,jcb,152,718,14
3/19/2026,1,diners-club-carte-blanche,186,438,7
9/8/2006,4,jcb,113,119,11
12/31/2009,4,jcb,19,222,3
4/22/2011,3,bankcard,118,596,14
2/19/2015,2,maestro,13,324,20
4/26/2008,4,visa-electron,96,624,14
8/20/2020,2,diners-club-us-ca,75,682,5
8/17/2002,5,jcb,173,770,13
12/28/2018,2,mastercard,79,866,3
1/8/2005,3,jcb,164,747,12
4/22/2002,5,china-unionpay,170,117,14
10/8/2025,5,china-unionpay,54,524,6
2/1/2007,1,americanexpress,172,977,13
5/27/2012,5,maestro,129,814,2
1/24/2004,5,mastercard,163,309,8
4/1/2025,5,switch,91,250,11
4/13/2002,3,switch,141,293,5
2/11/2009,3,diners-club-enroute,84,70,9
12/10/2007,3,diners-club-carte-blanche,83,514,2
10/31/2019,4,maestro,167,948,16
3/4/2020,2,jcb,65,596,9
6/21/2004,3,jcb,64,167,19
5/16/2009,5,bankcard,141,339,19
9/8/2005,3,solo,191,451,15
6/23/2018,5,maestro,111,42,16
2/3/2007,2,americanexpress,105,878,7
8/15/2001,4,maestro,104,303,8
5/24/2021,5,mastercard,145,961,5
12/3/2015,3,visa-electron,124,814,14
6/28/2009,1,diners-club-international,59,612,4
11/1/2022,5,mastercard,160,939,9
9/11/2018,1,bankcard,31,26,7
3/2/2017,4,jcb,48,270,14
1/5/2022,3,mastercard,5,230,5
2/24/2018,5,jcb,133,529,15
4/26/2024,1,visa-electron,8,156,9
4/23/2024,3,switch,81,363,6
9/25/2016,5,jcb,18,688,17
12/8/2004,2,diners-club-carte-blanche,95,900,15
5/11/2021,1,bankcard,88,491,5
1/7/2021,5,jcb,64,156,17
3/5/2009,5,diners-club-carte-blanche,192,620,12
7/18/2011,2,jcb,195,556,13
9/14/2013,4,china-unionpay,40,176,16
4/13/2024,3,bankcard,174,418,20
9/15/2019,2,jcb,96,258,6
8/13/2010,1,jcb,24,976,9
5/17/2012,5,jcb,150,865,1
3/28/2010,3,visa,24,635,2
11/29/2018,5,jcb,139,392,6
5/20/2008,3,visa-electron,33,73,2
8/19/2021,1,jcb,4,983,4
4/3/2021,2,jcb,8,194,8
8/14/2023,1,diners-club-enroute,160,615,9
7/11/2019,5,maestro,92,383,12
9/9/2019,3,instapayment,110,277,11
3/15/2021,2,laser,110,502,16
6/16/2016,4,china-unionpay,186,658,18
4/5/2023,5,switch,157,484,5
10/6/2005,3,mastercard,46,195,17
2/7/2004,2,jcb,118,551,18
1/15/2007,2,diners-club-carte-blanche,161,785,20
1/4/2013,2,instapayment,153,140,3
3/22/2002,4,bankcard,136,982,3
10/16/2025,2,china-unionpay,114,967,18
3/14/2012,4,jcb,140,821,2
4/12/2010,5,laser,90,984,15
8/3/2007,1,diners-club-carte-blanche,147,993,4
12/23/2014,5,visa,148,74,12
9/9/2002,1,switch,93,268,1
1/11/2022,3,americanexpress,121,338,9
8/8/2012,3,laser,30,111,4
11/22/2009,4,switch,172,739,12
8/1/2013,5,mastercard,61,875,4
5/4/2015,3,jcb,108,255,20
3/31/2025,4,jcb,44,153,7
6/30/2025,1,jcb,131,403,6
10/25/2008,1,jcb,195,617,1
4/23/2016,4,diners-club-carte-blanche,2,328,17
11/8/2004,1,jcb,186,702,19
12/6/2007,5,diners-club-carte-blanche,42,206,16
6/5/2013,5,jcb,25,876,15
2/19/2011,4,mastercard,109,875,19
8/16/2001,1,visa,153,326,8
11/27/2019,4,jcb,145,279,16
2/21/2015,2,jcb,122,137,1
2/7/2002,1,jcb,143,977,4
6/3/2015,4,jcb,42,168,17
11/9/2018,4,jcb,26,978,14
1/8/2012,5,mastercard,103,447,3
8/18/2019,2,mastercard,89,447,5
3/25/2005,1,jcb,122,490,8
9/2/2015,2,jcb,115,102,19
12/29/2023,2,jcb,53,407,19
8/1/2013,1,switch,60,421,14
3/26/2015,4,jcb,22,600,9
9/24/2007,3,jcb,64,427,7
10/26/2009,3,maestro,182,814,1
1/30/2019,4,switch,23,1000,15
4/25/2022,3,americanexpress,152,137,13
7/9/2010,5,jcb,15,143,1
3/30/2019,4,jcb,36,865,5
1/11/2019,1,jcb,25,259,16
3/12/2021,4,maestro,120,350,9
2/26/2014,3,jcb,160,321,19
2/5/2020,3,diners-club-international,156,922,16
3/6/2020,1,diners-club-carte-blanche,121,761,8
9/4/2021,4,maestro,42,465,2
4/29/2010,5,diners-club-carte-blanche,129,292,12
10/1/2013,4,jcb,98,677,17
6/2/2007,2,jcb,94,497,16
4/20/2019,5,jcb,154,782,16
3/3/2009,4,jcb,40,287,20
11/7/2007,5,maestro,11,905,5
5/4/2005,1,switch,8,868,8
2/15/2002,4,jcb,132,857,16
1/23/2022,2,jcb,110,43,5
1/26/2021,1,diners-club-carte-blanche,171,872,13
6/7/2003,2,visa,70,871,15
3/27/2024,3,jcb,30,760,6
9/18/2019,3,switch,186,231,7
7/15/2016,4,jcb,62,260,9
5/3/2024,1,switch,97,24,9
7/23/2008,4,laser,179,936,4
2/18/2012,3,china-unionpay,13,188,19
10/5/2018,1,jcb,119,154,1
3/27/2026,3,mastercard,15,492,12
12/26/2018,4,jcb,54,280,11
5/30/2002,2,visa,140,365,9
8/11/2011,4,mastercard,153,196,11
4/1/2008,3,jcb,75,479,20
3/11/2013,1,mastercard,41,156,6
1/17/2008,3,diners-club-carte-blanche,10,130,13
12/24/2013,3,jcb,190,446,15
11/12/2013,4,instapayment,64,140,9
7/23/2002,2,jcb,197,242,19
6/1/2025,2,visa-electron,5,569,18
8/25/2021,1,diners-club-carte-blanche,122,587,4
3/19/2019,1,laser,108,453,10
5/6/2010,2,jcb,33,868,8
10/24/2020,1,jcb,200,487,6
12/13/2020,3,jcb,154,416,20
5/8/2021,3,mastercard,96,288,12
6/7/2007,2,bankcard,11,140,1
7/22/2015,1,mastercard,6,866,6
10/7/2025,4,switch,158,431,12
7/15/2007,4,jcb,25,161,6
4/14/2004,1,jcb,200,837,3
7/9/2020,2,bankcard,87,131,13
3/23/2011,3,bankcard,139,472,8
2/12/2013,4,switch,121,707,16
10/25/2021,5,china-unionpay,118,294,19
12/27/2014,5,jcb,140,49,10
10/26/2015,3,visa-electron,45,817,16
2/12/2003,3,bankcard,23,853,5
6/24/2001,3,switch,13,427,17
5/3/2021,2,solo,35,486,1
2/6/2015,2,jcb,25,381,2
4/20/2020,2,laser,16,968,15
1/15/2004,1,china-unionpay,161,132,16
5/4/2022,4,instapayment,193,921,17
7/22/2022,1,mastercard,177,935,13
12/30/2001,2,jcb,74,623,8
9/11/2011,2,jcb,148,235,5
9/16/2025,5,china-unionpay,6,177,9
1/3/2012,2,visa,157,872,15
5/15/2002,4,switch,141,861,13
7/19/2009,5,bankcard,178,805,1
12/9/2023,5,diners-club-us-ca,18,943,8
3/22/2015,5,diners-club-international,26,918,2
3/25/2021,4,jcb,93,322,19
3/20/2005,3,jcb,185,458,19
5/29/2003,4,jcb,171,232,19
5/11/2018,1,jcb,130,209,18
1/4/2011,3,jcb,93,311,9
4/20/2024,1,visa-electron,193,6,8
4/7/2026,3,mastercard,110,239,16
2/4/2026,5,visa-electron,183,111,5
5/18/2021,4,laser,109,401,4
4/14/2012,5,diners-club-enroute,32,233,12
1/21/2014,4,jcb,175,258,3
10/10/2020,2,visa,95,924,6
4/4/2006,2,jcb,14,515,10
11/2/2018,3,jcb,177,479,14
10/23/2019,5,visa-electron,178,692,1
5/11/2002,3,mastercard,128,799,10
12/28/2004,5,mastercard,141,832,14
10/16/2013,3,mastercard,51,27,8
10/7/2002,2,china-unionpay,74,12,19
2/22/2007,3,switch,25,204,19
2/16/2006,3,jcb,102,328,20
7/24/2020,3,jcb,73,765,16
5/17/2024,4,visa,88,947,7
8/14/2013,3,maestro,181,120,14
3/22/2015,3,jcb,4,34,3
10/15/2015,3,laser,178,224,14
2/20/2006,1,jcb,53,104,10
4/6/2002,5,jcb,78,773,18
9/30/2021,4,jcb,168,776,2
11/6/2023,2,mastercard,179,472,2
4/1/2019,1,jcb,33,99,13
12/25/2005,4,jcb,92,336,17
8/31/2019,3,instapayment,108,619,12
7/21/2013,1,mastercard,37,123,11
12/28/2003,5,visa,93,79,5
2/9/2012,2,jcb,25,557,4
5/3/2014,2,jcb,165,261,16
7/6/2004,5,laser,79,798,17
5/14/2001,3,mastercard,69,876,5
11/23/2004,5,diners-club-us-ca,144,571,14
4/22/2015,3,switch,169,392,16
6/12/2011,1,jcb,14,721,1
6/24/2025,4,maestro,94,24,7
5/19/2012,5,jcb,147,588,19
12/21/2001,2,mastercard,116,950,17
8/25/2025,4,laser,200,979,9
6/27/2010,3,diners-club-carte-blanche,52,386,6
3/9/2008,1,jcb,141,708,4
12/16/2001,5,switch,184,482,7
6/3/2012,2,instapayment,175,704,6
1/13/2012,4,maestro,8,543,9
12/26/2003,1,jcb,72,821,4
6/15/2025,5,diners-club-enroute,8,220,7
3/18/2025,3,maestro,49,894,15
9/6/2010,3,jcb,96,342,20
6/30/2015,5,jcb,167,607,17
5/10/2022,5,jcb,6,662,6
10/20/2015,4,mastercard,44,841,14
6/3/2021,5,americanexpress,62,714,7
1/23/2021,4,jcb,79,775,16
6/12/2004,3,americanexpress,55,274,5
5/8/2003,2,diners-club-enroute,123,546,8
6/16/2019,4,instapayment,193,989,10
12/31/2002,4,switch,160,235,2
7/22/2019,4,jcb,52,211,20
5/27/2025,5,jcb,76,903,16
5/23/2011,1,mastercard,19,492,6
3/7/2006,5,diners-club-international,61,414,14
3/29/2022,2,switch,124,682,3
10/25/2022,3,jcb,34,101,13
5/12/2007,2,visa,51,76,14
12/5/2024,4,jcb,116,521,3
10/1/2008,2,jcb,93,277,8
3/12/2019,1,jcb,172,333,8
5/17/2005,4,switch,9,240,16
9/16/2011,1,jcb,61,347,13
7/15/2012,5,maestro,14,806,5
6/28/2015,2,jcb,175,138,8
5/31/2014,4,jcb,16,654,9
2/27/2005,3,mastercard,71,133,13
7/10/2020,4,jcb,123,404,10
3/19/2002,2,jcb,44,70,8
4/5/2004,3,jcb,147,71,17
5/24/2002,1,maestro,154,564,4
6/26/2016,5,diners-club-us-ca,13,802,13
9/5/2010,5,jcb,132,769,19
2/20/2004,3,jcb,132,7,2
1/6/2007,5,americanexpress,200,259,4
11/16/2022,5,jcb,12,576,19
3/9/2025,3,mastercard,77,138,1
1/24/2016,2,laser,173,350,16
3/23/2011,5,jcb,150,989,4
11/19/2022,1,jcb,37,697,11
2/2/2008,5,china-unionpay,74,778,11
2/12/2004,1,diners-club-enroute,161,448,18
8/30/2008,1,jcb,128,804,15
11/12/2017,4,jcb,174,198,19
8/30/2004,2,diners-club-us-ca,152,800,20
3/26/2012,5,laser,163,695,9
10/16/2013,2,jcb,174,884,7
4/23/2020,1,maestro,63,139,2
6/25/2018,3,jcb,46,934,16
5/30/2006,3,diners-club-enroute,106,10,18
5/1/2024,1,diners-club-carte-blanche,116,395,18
12/12/2011,3,jcb,33,798,18
7/20/2024,3,jcb,25,300,11
7/25/2004,2,jcb,70,371,4
5/25/2002,3,bankcard,127,818,3
5/22/2002,5,mastercard,180,119,20
5/16/2006,1,mastercard,90,756,2
3/20/2006,1,diners-club-enroute,111,889,7
7/18/2002,2,jcb,48,283,13
3/1/2022,2,jcb,106,905,5
12/23/2018,2,diners-club-carte-blanche,4,245,6
6/17/2022,2,china-unionpay,120,577,2
4/2/2024,4,jcb,109,722,9
11/29/2016,1,diners-club-carte-blanche,155,134,16
2/18/2025,1,jcb,52,48,15
7/25/2013,2,switch,176,511,2
2/14/2016,4,instapayment,38,185,5
12/17/2024,3,bankcard,76,86,17
6/1/2007,1,mastercard,116,19,4
9/24/2008,5,jcb,161,103,7
11/25/2014,2,mastercard,31,678,19
10/20/2007,5,bankcard,32,81,11
2/6/2012,5,visa,95,625,14
11/1/2025,5,mastercard,83,509,8
12/12/2014,2,instapayment,164,108,14
5/29/2013,3,jcb,60,247,7
9/14/2015,5,switch,194,67,17
1/6/2004,4,laser,9,434,19
2/12/2015,1,jcb,45,965,17
7/4/2012,4,americanexpress,197,324,16
3/11/2011,1,jcb,162,385,14
6/13/2001,4,diners-club-us-ca,81,777,14
2/6/2015,3,mastercard,76,563,17
3/18/2025,4,laser,9,253,10
5/10/2012,3,instapayment,111,181,4
8/20/2014,1,maestro,36,298,1
2/4/2006,5,mastercard,169,789,16
9/4/2006,3,switch,183,488,19
1/26/2014,2,jcb,1,821,6
9/7/2014,3,jcb,105,15,14
8/30/2007,1,jcb,138,987,2
1/16/2022,2,instapayment,101,26,1
7/22/2003,5,jcb,46,977,10
7/17/2008,3,diners-club-carte-blanche,82,279,17
8/25/2012,4,visa,14,946,19
10/28/2011,3,jcb,150,609,20
6/14/2015,2,jcb,25,905,3
9/17/2008,5,visa,30,37,6
12/9/2013,1,diners-club-us-ca,156,991,17
2/11/2021,3,diners-club-enroute,187,413,7
8/22/2024,2,jcb,75,761,6
5/22/2003,3,mastercard,74,795,18
12/18/2003,2,jcb,175,755,15
9/18/2011,2,mastercard,49,505,17
4/29/2024,4,switch,159,499,2
3/8/2017,3,maestro,112,703,18
7/27/2024,1,china-unionpay,68,908,2
6/17/2002,2,visa,99,651,7
1/8/2010,2,jcb,122,579,10
12/4/2023,2,jcb,189,707,8
10/26/2024,5,switch,35,618,10
9/19/2009,3,visa-electron,148,955,11
3/13/2025,2,jcb,32,770,5
6/30/2022,5,china-unionpay,126,523,3
11/15/2007,2,jcb,184,733,7
5/29/2003,4,jcb,178,208,5
9/28/2023,4,switch,157,329,14
4/12/2011,2,jcb,58,25,10
6/14/2017,5,visa,27,44,5
7/10/2003,5,americanexpress,177,321,11
5/15/2010,4,switch,85,58,6
3/10/2007,1,jcb,58,372,2
12/6/2015,2,visa-electron,192,4,2
10/26/2014,3,jcb,138,311,20
8/7/2014,2,jcb,46,330,14
12/22/2012,5,switch,153,291,13
8/16/2023,3,maestro,55,107,17
1/12/2020,3,jcb,1,14,9
2/14/2026,2,americanexpress,131,488,20
12/13/2003,2,jcb,180,85,11
12/28/2007,2,jcb,97,643,5
6/27/2014,5,jcb,7,586,20
3/30/2005,2,maestro,46,397,1
3/28/2024,5,mastercard,137,420,14
1/1/2007,1,jcb,10,421,19
10/10/2012,1,switch,71,742,1
6/8/2006,3,jcb,117,233,9
7/11/2010,3,jcb,14,909,6
12/5/2019,2,jcb,162,376,4
12/14/2016,1,diners-club-enroute,165,760,9
9/6/2006,5,china-unionpay,165,510,9
8/20/2001,5,americanexpress,189,268,1
5/29/2009,3,jcb,116,522,14
3/17/2016,3,diners-club-carte-blanche,133,888,20
4/14/2003,3,jcb,163,388,16
8/19/2013,2,visa,89,937,11
10/3/2008,5,jcb,1,426,15
11/3/2022,2,jcb,196,968,9
5/25/2003,5,jcb,20,735,4
1/21/2024,2,mastercard,128,222,7
12/29/2006,3,laser,152,707,15
4/13/2021,2,maestro,19,55,11
4/18/2023,1,jcb,168,48,15
11/17/2019,1,visa,86,102,3
12/11/2003,1,diners-club-carte-blanche,196,902,1
9/3/2015,4,jcb,101,452,19
6/24/2003,2,jcb,195,308,11
11/27/2018,2,jcb,35,250,13
12/24/2020,5,maestro,152,542,7
4/15/2021,1,jcb,163,707,12
3/22/2012,4,jcb,128,505,18
2/28/2017,3,jcb,183,128,19
5/8/2010,3,jcb,154,226,13
7/31/2009,1,switch,74,399,2
12/28/2025,2,diners-club-enroute,146,519,8
10/22/2006,5,jcb,72,665,1
8/4/2002,3,jcb,48,422,20
7/8/2008,4,visa-electron,67,978,7
10/24/2013,3,jcb,23,745,9
4/4/2024,4,visa-electron,114,21,20
6/6/2006,1,diners-club-enroute,163,964,8
4/12/2007,2,americanexpress,165,942,13
11/21/2011,1,jcb,70,392,16
12/29/2023,4,jcb,164,398,18
1/31/2002,1,jcb,61,536,3
10/21/2011,2,maestro,28,151,12
8/28/2010,3,mastercard,77,942,2
1/19/2012,1,jcb,82,513,15
10/6/2014,2,solo,76,367,4
5/6/2007,4,solo,62,446,11
3/29/2016,2,switch,159,61,8
6/10/2010,3,jcb,115,514,14
3/1/2002,3,jcb,87,140,3
7/23/2023,5,switch,81,905,3
4/30/2008,4,china-unionpay,180,57,14
6/6/2016,2,maestro,195,437,1
9/14/2016,2,diners-club-enroute,85,715,17
7/27/2017,2,maestro,53,936,17
11/16/2012,5,jcb,165,994,11
2/14/2025,4,mastercard,39,529,10
3/27/2018,3,jcb,93,703,3
11/9/2014,1,jcb,182,455,16
1/24/2026,4,jcb,170,139,6
6/15/2016,5,visa,183,432,14
9/10/2012,4,visa-electron,169,97,4
4/16/2007,3,maestro,134,33,12
1/9/2023,3,mastercard,28,760,10
8/6/2012,2,jcb,157,30,19
4/18/2008,1,jcb,116,383,3
3/6/2014,3,maestro,42,115,2
10/23/2009,5,visa,52,639,14
12/13/2020,4,jcb,120,589,4
10/9/2011,3,maestro,123,819,18
3/27/2005,1,laser,17,705,17
11/16/2002,3,solo,25,729,9
6/9/2009,3,jcb,192,488,5
7/27/2015,5,visa,39,897,7
9/13/2005,3,jcb,99,879,18
5/28/2004,5,jcb,17,607,20
8/28/2024,1,jcb,26,477,13
6/9/2001,5,diners-club-enroute,8,743,20
8/5/2013,4,laser,114,706,1
11/25/2015,5,jcb,118,533,7
6/12/2006,5,switch,178,2,17
12/29/2016,2,mastercard,188,182,19
11/6/2024,1,jcb,135,221,19
5/29/2008,4,jcb,20,14,11
6/25/2018,3,visa-electron,73,922,4
1/26/2020,3,maestro,87,743,9
1/9/2005,3,visa-electron,135,168,7
10/3/2018,5,visa-electron,133,476,8
1/31/2015,5,jcb,18,244,10
3/2/2011,2,jcb,71,498,18
1/19/2010,4,switch,195,359,19
12/27/2021,4,jcb,114,575,7
6/21/2012,1,jcb,124,874,7
4/12/2015,1,jcb,88,220,20
10/18/2017,4,jcb,187,336,18
9/27/2011,5,jcb,100,808,5
9/14/2008,3,laser,64,547,15
6/20/2011,1,mastercard,175,200,19
2/18/2014,5,jcb,112,759,2
11/11/2018,5,jcb,147,609,1
9/1/2020,2,china-unionpay,141,684,7
8/5/2025,2,bankcard,109,932,10
1/3/2024,4,diners-club-us-ca,11,827,10
3/18/2002,5,diners-club-enroute,147,529,11
3/3/2017,2,jcb,146,597,16
7/25/2010,3,laser,89,319,2
12/31/2011,2,bankcard,6,321,8
9/11/2006,2,americanexpress,28,754,19
11/5/2017,2,diners-club-enroute,57,313,16
11/23/2006,5,jcb,113,336,5
9/7/2005,5,jcb,118,6,17
11/16/2002,1,americanexpress,180,622,11
3/18/2012,5,visa-electron,13,893,7
5/16/2020,3,maestro,24,719,13
5/30/2010,1,jcb,114,796,5
11/9/2012,3,jcb,105,399,9
9/2/2006,4,jcb,119,389,18
4/1/2002,4,laser,109,855,8
2/12/2006,5,diners-club-international,196,801,11
10/27/2013,2,laser,167,574,6
7/10/2016,4,jcb,34,488,13
11/25/2024,5,americanexpress,27,204,11
1/5/2018,3,diners-club-us-ca,132,746,17
8/11/2010,3,jcb,172,414,16
10/5/2023,1,visa,142,511,13
1/19/2015,2,americanexpress,25,419,3
2/20/2010,2,diners-club-carte-blanche,174,322,17
2/10/2005,2,jcb,87,249,9
2/5/2017,4,jcb,162,238,1
1/15/2022,5,switch,155,647,7
8/22/2016,1,jcb,61,367,12
4/1/2008,2,jcb,155,821,8
5/12/2012,2,diners-club-carte-blanche,89,971,1
7/11/2014,3,jcb,110,160,6
9/17/2015,5,jcb,84,747,12
10/24/2021,5,mastercard,182,808,13
7/29/2014,2,maestro,36,239,8
11/15/2021,5,jcb,94,314,7
9/27/2024,4,instapayment,10,442,1
3/31/2011,2,diners-club-international,22,851,5
11/7/2004,1,switch,129,611,18
3/4/2013,2,diners-club-carte-blanche,107,62,15
3/2/2017,5,mastercard,39,686,12
6/25/2015,1,jcb,149,156,18
9/15/2025,2,bankcard,130,255,11
3/6/2023,3,bankcard,145,329,20
4/23/2008,5,jcb,186,18,15
12/17/2011,5,diners-club-enroute,143,623,2
5/12/2013,1,maestro,153,307,4
1/28/2006,3,jcb,60,86,10
12/3/2009,3,jcb,186,472,6
3/13/2013,4,switch,12,263,13
1/22/2022,1,jcb,26,481,1
5/19/2015,2,jcb,190,829,5
12/24/2003,5,diners-club-international,99,231,13
6/22/2019,4,jcb,2,930,6
6/24/2019,3,laser,112,106,18
7/23/2013,4,mastercard,15,625,8
7/16/2005,5,maestro,109,251,16
8/27/2023,1,mastercard,2,378,16
12/18/2014,3,visa-electron,44,784,9
5/26/2019,5,visa-electron,56,866,11
4/14/2017,4,laser,72,182,19
3/13/2024,2,mastercard,113,178,5
8/7/2009,4,maestro,86,51,12
2/6/2023,1,diners-club-carte-blanche,118,76,7
12/20/2018,2,mastercard,78,817,4
4/22/2007,1,diners-club-enroute,154,31,4
10/9/2013,1,instapayment,196,386,7
1/16/2008,3,jcb,129,802,18
3/22/2007,2,jcb,136,449,7
1/23/2019,5,jcb,6,823,5
4/10/2023,1,mastercard,24,244,17
7/25/2009,4,jcb,35,368,2
3/12/2026,2,americanexpress,153,273,20
11/21/2023,4,jcb,70,369,15
10/4/2006,4,bankcard,52,48,12
6/29/2015,2,maestro,155,829,11
6/8/2012,2,maestro,123,842,13
3/12/2026,4,jcb,12,678,17
1/17/2014,5,jcb,13,813,17
7/13/2013,3,jcb,98,859,5
8/14/2025,2,diners-club-carte-blanche,194,922,19
2/7/2003,5,jcb,189,195,7
1/18/2002,5,diners-club-carte-blanche,83,472,1
7/27/2009,3,americanexpress,54,957,8
4/4/2007,1,china-unionpay,63,115,8
9/24/2023,4,jcb,20,339,12
2/14/2022,5,diners-club-carte-blanche,119,393,14
11/29/2015,3,mastercard,101,607,15
2/14/2015,2,visa-electron,94,745,8
9/29/2024,5,laser,69,600,8
7/10/2024,1,jcb,63,31,9
12/4/2013,3,jcb,101,262,18
11/12/2014,4,visa-electron,127,119,8
11/1/2002,2,jcb,139,269,16
11/18/2024,4,jcb,43,366,18
3/13/2018,3,jcb,147,678,15
12/2/2018,4,mastercard,62,990,17
8/7/2002,3,maestro,29,831,4
4/10/2007,5,diners-club-carte-blanche,92,911,15
9/20/2017,1,jcb,12,386,12
1/14/2005,4,mastercard,2,640,9
4/4/2009,1,jcb,126,696,16
5/20/2019,1,mastercard,119,143,19
4/3/2009,4,mastercard,28,935,20
9/5/2016,2,china-unionpay,96,694,15
3/26/2003,5,jcb,6,30,18
7/25/2009,1,maestro,133,176,19
4/19/2009,5,diners-club-enroute,103,7,11
3/11/2012,2,jcb,137,399,10
12/24/2016,3,jcb,20,451,16
3/18/2026,2,mastercard,46,894,17
12/19/2013,4,jcb,149,721,1
4/20/2016,4,americanexpress,147,712,18
11/10/2009,1,americanexpress,195,709,9
3/19/2010,4,jcb,91,152,4
10/26/2018,5,diners-club-carte-blanche,9,315,8
6/3/2017,1,jcb,69,643,19
2/20/2010,3,solo,119,544,2
10/13/2003,3,mastercard,158,755,2
3/29/2008,5,maestro,37,988,6
10/25/2003,5,jcb,4,49,14
6/7/2003,2,maestro,167,356,11
8/3/2020,5,jcb,12,24,13
8/5/2015,4,instapayment,186,126,12
8/6/2015,1,mastercard,169,733,3
7/27/2024,2,jcb,90,309,8
10/17/2017,4,instapayment,51,860,1
9/19/2018,4,jcb,68,620,5
12/28/2018,4,jcb,22,458,18
12/21/2001,3,diners-club-enroute,119,688,11
10/23/2025,5,jcb,118,310,10
4/10/2004,3,jcb,183,381,8
9/15/2009,3,switch,72,494,13
1/3/2026,2,jcb,13,626,5
4/17/2023,2,maestro,97,823,7
10/25/2017,1,jcb,23,652,14
4/4/2005,5,diners-club-enroute,8,475,7
9/3/2021,5,mastercard,183,683,7
4/3/2008,4,jcb,67,647,6
1/20/2012,5,jcb,77,374,2
6/12/2014,5,jcb,35,900,2
5/12/2012,2,diners-club-enroute,17,986,5
5/24/2018,3,maestro,9,727,5
4/6/2010,4,jcb,164,375,3
5/24/2020,4,diners-club-carte-blanche,125,686,8
6/18/2014,3,china-unionpay,1,367,3
8/13/2011,5,jcb,155,587,16
7/6/2022,1,americanexpress,163,635,14
8/8/2002,1,maestro,99,226,5
6/27/2019,5,mastercard,181,743,18
2/20/2019,4,jcb,191,525,8
11/19/2011,3,mastercard,45,218,11
9/30/2005,4,mastercard,29,349,6
12/11/2015,3,americanexpress,109,278,16
10/5/2003,3,switch,161,552,15
7/10/2006,5,jcb,25,268,19
12/13/2010,1,jcb,66,749,6
10/18/2005,1,jcb,193,115,16
10/5/2025,1,jcb,19,811,11
12/7/2025,4,solo,80,55,17
8/27/2023,2,jcb,65,19,1
7/22/2004,5,jcb,30,643,16
9/2/2014,2,jcb,89,781,4
5/22/2012,4,jcb,160,517,19
8/18/2022,3,jcb,112,647,6
5/1/2001,2,mastercard,38,49,2
1/19/2009,3,jcb,97,731,7
12/2/2005,2,jcb,184,389,10
10/22/2019,2,switch,7,636,1
6/12/2020,5,maestro,86,72,3
11/2/2015,3,jcb,136,198,1
6/23/2016,4,jcb,84,306,2
6/2/2007,1,jcb,65,195,14
4/29/2006,4,mastercard,88,206,18
10/3/2002,5,jcb,99,888,20
10/2/2008,2,jcb,71,888,3
8/28/2017,1,diners-club-carte-blanche,150,567,8
2/8/2008,5,jcb,91,669,16
2/8/2008,3,jcb,200,959,18
8/31/2009,2,maestro,199,110,14
8/21/2025,2,jcb,45,823,20
7/5/2013,2,maestro,134,66,8
6/4/2020,5,diners-club-carte-blanche,27,8,16
12/24/2023,4,jcb,15,297,9
6/4/2015,2,jcb,112,67,16
9/10/2003,4,diners-club-enroute,57,723,2
7/8/2020,4,jcb,181,285,5
7/14/2021,5,jcb,29,771,5
2/4/2016,5,visa,184,193,15
11/19/2018,4,jcb,42,160,18
6/25/2022,2,visa,45,525,18
11/16/2017,3,diners-club-carte-blanche,72,432,16
10/9/2017,3,jcb,169,848,13
5/5/2005,2,laser,53,166,11
8/4/2017,2,mastercard,106,73,19
4/4/2012,3,solo,42,825,8
2/27/2002,5,diners-club-enroute,196,508,2
1/21/2013,3,jcb,26,266,10
5/5/2014,2,jcb,157,277,11
9/25/2019,5,jcb,98,922,10
3/3/2022,4,jcb,192,618,1
11/22/2025,5,bankcard,160,523,1
10/27/2007,2,bankcard,187,305,16
2/18/2009,1,visa-electron,13,882,10
5/28/2022,2,visa-electron,120,746,16
5/2/2008,1,jcb,197,318,8
1/3/2016,4,bankcard,142,900,17
9/7/2002,4,visa-electron,179,178,16
11/26/2010,2,diners-club-enroute,122,148,10
10/2/2011,5,jcb,23,186,13
2/19/2002,5,visa,37,721,6
9/22/2014,3,jcb,64,805,17
2/24/2014,2,jcb,18,784,14
6/11/2025,3,jcb,141,93,13
6/26/2008,1,visa-electron,5,886,13
1/17/2014,1,jcb,132,558,10
12/11/2020,1,jcb,54,251,6
11/11/2012,3,visa-electron,196,33,17
11/4/2008,3,visa,44,103,15
8/12/2023,1,jcb,133,34,11
1/9/2009,2,visa,1,743,4
11/28/2024,4,jcb,174,850,13
6/28/2009,1,visa-electron,183,604,1
2/22/2008,4,jcb,161,998,20
9/18/2003,5,jcb,83,933,10
10/14/2019,3,china-unionpay,166,881,19
6/10/2023,2,jcb,31,175,12
3/25/2023,2,visa-electron,179,98,17
11/4/2001,1,jcb,4,632,16
8/6/2008,2,jcb,84,81,20
11/11/2021,5,jcb,176,349,11
2/8/2012,3,jcb,94,97,1
7/20/2006,1,diners-club-enroute,177,936,16
4/20/2015,2,visa,132,756,17
12/15/2002,4,bankcard,165,306,12
12/1/2013,3,switch,57,256,11
11/28/2006,2,laser,24,734,5
8/10/2009,4,solo,9,450,15
6/8/2021,2,laser,2,401,20
6/16/2002,1,jcb,31,328,15
5/5/2007,5,jcb,104,254,11
9/22/2012,4,jcb,133,378,12
10/15/2012,5,jcb,189,781,17
11/1/2013,4,jcb,26,894,9
5/19/2005,3,switch,21,269,9
5/19/2002,3,switch,183,801,5
4/6/2019,4,jcb,157,889,2
10/20/2018,1,jcb,25,764,10
5/24/2006,1,jcb,16,283,19
9/11/2022,4,mastercard,162,520,12
3/3/2004,3,diners-club-enroute,69,978,11
6/26/2018,4,visa-electron,40,329,10
3/26/2011,5,diners-club-enroute,144,448,1
10/21/2018,3,jcb,70,431,18
9/28/2006,5,jcb,49,517,5
9/4/2025,1,jcb,196,165,3
11/24/2023,4,mastercard,134,308,19
9/19/2008,3,mastercard,25,846,17
2/27/2024,5,mastercard,139,214,4
9/4/2004,5,jcb,33,638,2
7/2/2001,1,switch,29,5,10
5/20/2007,5,maestro,179,107,9
4/25/2007,3,laser,166,38,13
4/4/2006,2,switch,76,968,17
1/22/2019,4,bankcard,100,361,15
2/4/2025,3,diners-club-enroute,132,417,2
10/20/2006,4,diners-club-enroute,23,914,7
8/26/2015,4,jcb,19,199,5
1/3/2022,5,diners-club-carte-blanche,166,622,6
6/29/2024,5,maestro,189,351,13
11/18/2017,2,visa,165,609,19
9/23/2018,4,jcb,147,810,16
6/10/2014,2,jcb,19,660,9
1/5/2015,4,jcb,149,848,15
5/17/2011,2,jcb,85,217,12
9/4/2019,2,bankcard,131,555,1
1/7/2012,5,jcb,148,79,7
8/7/2006,1,mastercard,192,907,9
2/20/2018,4,jcb,38,170,10
6/1/2013,2,jcb,63,243,6
10/6/2013,4,jcb,12,433,17
10/27/2012,5,jcb,95,44,5
3/1/2003,3,americanexpress,69,20,8
12/3/2016,4,bankcard,134,796,17
6/19/2018,1,china-unionpay,154,701,13
3/25/2009,1,laser,66,35,17
12/10/2010,3,jcb,163,604,16
7/7/2020,4,diners-club-enroute,50,593,20
5/6/2003,4,americanexpress,141,367,7
9/29/2017,4,jcb,175,938,9
11/29/2013,1,mastercard,155,625,2
11/28/2024,3,mastercard,139,889,5
4/4/2025,4,mastercard,63,547,5
8/19/2012,5,mastercard,197,354,12
2/15/2010,2,mastercard,58,336,14
9/30/2012,4,bankcard,33,462,18
9/28/2022,4,switch,107,167,4
10/13/2015,5,solo,153,290,11
6/3/2007,5,diners-club-carte-blanche,39,180,16
4/5/2026,4,jcb,192,464,18
1/12/2020,4,mastercard,170,752,2
8/3/2003,3,bankcard,62,519,8
8/10/2003,1,visa,149,445,6
1/18/2023,3,switch,89,853,5
5/4/2003,2,instapayment,149,980,17
10/5/2007,2,jcb,151,978,12
6/9/2020,1,jcb,114,200,19
4/30/2019,5,laser,170,725,4
1/20/2018,5,laser,83,195,15
10/10/2009,2,jcb,97,332,11
3/15/2009,3,jcb,77,967,17
3/12/2022,2,jcb,159,483,13
1/27/2011,1,diners-club-enroute,125,355,11
10/10/2001,5,laser,117,256,4
11/17/2025,4,jcb,128,676,7
1/17/2008,4,jcb,124,842,17
4/26/2014,4,diners-club-enroute,164,543,14
8/29/2013,3,jcb,177,346,12
3/23/2014,4,jcb,180,680,2
10/29/2019,2,mastercard,114,103,19
11/20/2020,3,jcb,61,928,5
11/13/2022,3,jcb,90,252,7
12/9/2021,1,jcb,36,991,15
9/8/2020,4,jcb,124,299,12
8/10/2008,3,jcb,13,481,2
2/14/2016,1,mastercard,124,636,2
2/24/2012,2,jcb,48,473,13
11/12/2005,4,visa-electron,36,590,11
3/8/2025,5,jcb,37,383,8
12/22/2005,3,diners-club-enroute,26,322,13
10/17/2005,5,visa,7,964,6
5/2/2015,3,diners-club-carte-blanche,154,276,2
5/24/2015,1,instapayment,8,411,16
1/7/2012,3,jcb,70,430,6
4/10/2024,5,jcb,40,535,16
2/28/2010,4,visa,134,456,10
2/20/2019,2,jcb,141,488,2
3/10/2010,5,jcb,89,464,1
7/31/2011,4,jcb,190,296,3
8/21/2006,2,jcb,165,901,16
8/18/2018,5,visa,72,616,8
10/25/2006,2,bankcard,29,825,10
1/23/2005,2,jcb,37,450,11
10/29/2014,3,jcb,81,220,6
5/14/2011,5,visa,58,982,15
8/26/2015,4,instapayment,35,353,14
8/20/2008,4,maestro,174,124,3
3/19/2024,2,jcb,46,515,9
2/8/2020,3,mastercard,135,342,13
9/20/2017,1,jcb,198,577,3
9/6/2018,1,americanexpress,186,64,19
11/30/2015,4,visa,29,625,5
12/20/2024,2,jcb,88,397,6
5/22/2013,3,jcb,98,489,9
6/14/2004,2,jcb,5,869,8
7/5/2021,4,visa,126,38,20
4/25/2019,2,americanexpress,46,688,2
5/29/2002,4,maestro,72,464,2
2/2/2015,2,solo,33,301,2
4/4/2026,2,jcb,60,11,2
9/14/2007,3,visa,21,57,5
2/3/2024,1,switch,174,188,19
4/23/2006,2,mastercard,55,682,17
2/11/2018,5,americanexpress,197,384,12
7/28/2016,3,jcb,47,316,7
6/4/2020,5,americanexpress,24,258,11
7/10/2012,3,diners-club-us-ca,109,481,17
10/15/2008,1,maestro,127,200,2
10/15/2002,2,diners-club-carte-blanche,149,970,7
8/10/2006,5,jcb,183,209,8
12/1/2011,3,visa-electron,16,312,12
11/3/2022,3,jcb,24,215,2
12/18/2021,5,jcb,176,652,1
8/2/2014,5,jcb,142,346,12
8/20/2015,1,jcb,112,179,11
7/15/2010,3,jcb,43,672,16
11/28/2021,5,jcb,35,648,16
4/6/2010,2,jcb,46,416,6
7/28/2017,5,bankcard,119,339,18
5/22/2022,2,jcb,167,217,2
5/14/2022,3,americanexpress,176,79,18
2/23/2006,3,mastercard,113,357,17
1/24/2010,1,mastercard,21,954,1
12/4/2003,5,mastercard,69,399,6
8/24/2015,5,mastercard,75,718,20
7/28/2010,1,jcb,193,16,3
8/25/2018,1,laser,20,855,10
8/26/2015,5,maestro,187,624,18
10/20/2020,4,bankcard,169,900,18
11/1/2024,2,jcb,83,510,16
4/10/2022,5,jcb,126,186,4
3/4/2012,3,mastercard,172,886,18
5/28/2012,3,china-unionpay,110,744,16
8/11/2014,5,jcb,183,855,17
4/7/2024,3,jcb,180,886,13
12/10/2018,2,americanexpress,179,212,19
3/26/2022,1,maestro,146,443,5
11/11/2017,2,jcb,71,194,1
10/1/2016,4,switch,188,421,17
4/10/2025,4,jcb,129,879,14
10/8/2010,4,china-unionpay,169,494,14
5/18/2023,1,jcb,118,852,20
1/19/2012,2,jcb,68,606,5
5/20/2023,3,americanexpress,177,420,10
5/24/2017,4,switch,36,970,16
10/31/2013,5,americanexpress,191,847,11
6/2/2017,4,diners-club-enroute,61,344,4
8/4/2007,1,mastercard,150,10,15
10/7/2009,5,visa,119,956,11
10/3/2018,1,jcb,79,514,8
2/23/2025,2,maestro,138,291,17
4/25/2024,2,jcb,48,115,16
11/18/2015,1,jcb,35,805,8
10/14/2013,3,jcb,7,868,8
4/13/2014,4,americanexpress,78,144,18
6/16/2008,5,visa-electron,150,311,11
1/10/2021,2,diners-club-carte-blanche,39,560,11
2/6/2006,2,jcb,22,735,9
3/30/2003,5,jcb,88,16,7
12/9/2018,1,maestro,95,270,8
1/6/2025,2,jcb,72,332,11
7/18/2003,1,jcb,165,193,19
4/26/2013,1,maestro,116,920,5
11/9/2022,3,instapayment,146,881,1
2/24/2011,2,jcb,131,80,8
2/8/2019,3,laser,52,108,17
10/27/2003,2,jcb,184,497,15
12/14/2007,3,diners-club-international,17,891,15
10/12/2018,4,diners-club-carte-blanche,35,226,20
11/13/2006,2,jcb,144,591,18
5/16/2016,2,jcb,58,884,6
1/6/2017,3,jcb,28,840,16
4/15/2022,2,diners-club-carte-blanche,167,753,1
4/4/2010,5,jcb,127,41,19
6/13/2018,3,diners-club-carte-blanche,46,110,20
11/29/2010,5,jcb,59,35,13
10/5/2009,4,jcb,136,575,7
6/17/2006,3,jcb,73,381,13
5/10/2022,2,switch,50,404,14
7/12/2007,5,visa-electron,189,530,14
7/19/2021,3,jcb,118,52,20
3/18/2016,3,diners-club-carte-blanche,186,960,13
3/7/2006,5,jcb,130,473,8
12/28/2008,2,americanexpress,165,817,16
7/3/2006,5,maestro,152,376,4
7/12/2015,4,jcb,115,190,12
6/22/2013,1,jcb,66,837,3
2/14/2009,4,jcb,129,530,20
7/1/2001,3,maestro,56,463,13
12/3/2010,4,switch,158,560,16
11/26/2022,1,switch,186,312,14
5/3/2005,2,jcb,141,906,20
5/7/2016,3,laser,119,574,8
4/29/2019,3,jcb,74,49,17
5/29/2019,1,maestro,55,710,15
12/20/2021,1,mastercard,59,220,18
4/14/2024,4,china-unionpay,139,131,20
6/11/2004,3,visa-electron,26,322,9
6/19/2009,1,jcb,32,535,17
7/16/2020,3,jcb,71,65,2
1/7/2004,1,visa,51,808,18
6/14/2025,2,mastercard,77,636,19
2/3/2022,5,jcb,38,880,8
6/1/2013,2,maestro,43,414,11
4/10/2024,1,maestro,181,693,2
9/24/2010,1,mastercard,125,34,9
11/12/2021,5,jcb,172,678,12
6/25/2022,2,mastercard,114,120,2
9/28/2024,4,maestro,174,153,9
5/23/2004,4,jcb,36,184,5
3/28/2020,3,jcb,106,61,12
1/3/2022,4,mastercard,81,800,11
1/24/2004,4,jcb,16,96,18
8/17/2004,2,china-unionpay,72,397,18
7/21/2022,2,switch,117,373,20
3/20/2013,1,jcb,132,421,3
8/9/2003,4,jcb,16,590,10
8/17/2018,2,mastercard,29,155,8
7/11/2009,4,jcb,198,214,14
6/15/2018,4,jcb,169,67,17
7/7/2022,4,switch,102,597,17
12/4/2020,1,jcb,140,863,13
4/12/2009,3,jcb,80,609,10
11/16/2017,3,bankcard,34,845,4
3/27/2022,4,jcb,152,309,14
8/3/2018,4,mastercard,99,985,3
10/14/2009,3,mastercard,165,732,11
3/27/2023,1,mastercard,67,408,2
3/15/2022,3,visa-electron,156,522,3
1/2/2003,3,mastercard,134,387,16
6/27/2005,4,jcb,23,415,3
2/19/2009,4,visa,135,971,4
7/13/2001,5,maestro,191,161,6
4/11/2010,1,jcb,121,942,7
6/11/2023,3,jcb,183,29,3
7/13/2008,5,jcb,43,945,15
8/25/2009,2,bankcard,116,879,4
5/17/2010,3,americanexpress,5,693,6
5/22/2008,4,jcb,169,591,2
5/11/2017,5,jcb,91,370,7
7/24/2025,3,mastercard,110,478,10
12/22/2007,5,jcb,16,887,18
6/30/2021,4,jcb,62,803,1
1/13/2004,2,mastercard,180,637,2
11/28/2019,5,maestro,184,137,13
5/23/2012,1,jcb,79,648,3
7/2/2020,3,jcb,30,945,9
11/27/2012,2,americanexpress,41,697,8
1/11/2008,5,jcb,149,119,17
7/24/2001,2,china-unionpay,198,949,7
6/21/2021,1,jcb,172,557,4
8/22/2017,2,jcb,193,618,7
12/28/2006,3,jcb,43,963,14
11/5/2010,5,jcb,128,571,15
5/1/2009,3,jcb,157,919,3
6/5/2016,2,laser,196,344,13
1/5/2024,5,solo,157,828,11
11/27/2022,4,switch,69,837,6
3/30/2008,3,diners-club-carte-blanche,149,159,2
11/14/2017,2,diners-club-enroute,102,678,17
10/15/2009,2,solo,133,592,6
8/10/2019,2,laser,194,169,2
12/10/2016,4,maestro,95,849,13
7/2/2005,2,bankcard,162,96,4
7/14/2007,4,diners-club-carte-blanche,195,65,5
4/29/2025,2,visa,94,700,3
5/16/2020,2,jcb,124,476,6
9/26/2020,2,jcb,34,60,12
5/17/2009,3,jcb,180,608,12
2/25/2011,2,jcb,9,647,1
10/29/2019,3,jcb,104,155,10
1/29/2005,1,switch,40,573,17
6/15/2007,2,jcb,21,6,19
9/19/2001,2,jcb,67,736,8
3/7/2003,2,jcb,150,588,15
1/15/2012,1,mastercard,164,780,13
4/22/2009,2,americanexpress,122,247,11
10/25/2014,5,jcb,169,26,11
6/19/2006,5,jcb,126,609,19
7/22/2003,1,jcb,87,876,17
3/10/2024,3,china-unionpay,110,139,13
1/1/2019,4,jcb,146,197,3
1/23/2021,5,mastercard,35,139,6
2/13/2014,3,jcb,40,748,11
2/11/2026,1,jcb,179,505,13
5/30/2017,2,bankcard,142,466,7
6/6/2006,4,china-unionpay,117,460,18
9/26/2022,3,jcb,2,39,13
1/20/2019,4,jcb,64,748,13
10/29/2019,2,switch,25,747,8
3/24/2025,2,jcb,193,882,15
8/29/2002,5,diners-club-carte-blanche,6,194,14
11/13/2015,4,americanexpress,176,947,6
10/19/2020,5,jcb,138,211,5
4/22/2005,1,visa,60,864,18
9/16/2017,1,jcb,136,12,9
11/13/2022,3,jcb,55,295,2
6/16/2005,5,jcb,132,146,17
4/27/2002,1,maestro,20,431,3
7/30/2009,1,mastercard,64,542,10
5/13/2021,1,bankcard,14,703,13
3/24/2006,1,diners-club-enroute,185,622,8
2/15/2014,2,china-unionpay,108,345,14
8/30/2017,3,jcb,8,891,3
10/10/2002,1,jcb,105,651,16
4/16/2024,3,visa-electron,104,156,10
7/6/2016,5,instapayment,38,861,19
1/22/2008,2,americanexpress,52,76,7
4/26/2012,5,jcb,165,183,3
10/29/2006,5,switch,90,99,9
2/22/2004,3,jcb,139,466,7
1/30/2026,5,switch,23,799,3
3/9/2006,4,jcb,172,694,19
9/20/2022,1,visa-electron,95,845,15
1/26/2006,2,jcb,79,541,12
1/1/2010,5,bankcard,94,102,3
1/7/2013,1,china-unionpay,197,572,14
12/26/2024,5,jcb,176,183,9
12/26/2012,3,mastercard,140,223,8
12/19/2020,1,diners-club-carte-blanche,123,508,6
2/15/2013,5,jcb,190,534,8
2/17/2008,4,jcb,140,228,10
3/7/2021,1,jcb,193,300,14
4/5/2021,5,laser,169,641,12
7/27/2012,4,mastercard,21,632,19
11/24/2018,5,mastercard,11,207,17
4/19/2026,2,americanexpress,132,851,7
1/9/2022,1,visa,140,844,14
9/18/2020,1,solo,27,950,2
4/8/2019,3,diners-club-carte-blanche,112,40,9
8/19/2002,2,jcb,77,604,12
10/9/2018,3,americanexpress,176,593,15
3/3/2025,4,china-unionpay,55,629,8
10/17/2020,3,china-unionpay,19,331,18
8/19/2017,2,jcb,176,785,5
11/6/2018,1,americanexpress,168,790,5
5/9/2007,5,jcb,43,799,1
6/2/2009,4,jcb,78,152,5
11/2/2001,1,diners-club-carte-blanche,64,975,6
11/19/2024,4,jcb,162,953,1
1/19/2008,3,mastercard,140,83,15
5/23/2022,1,mastercard,42,857,12
10/6/2020,3,jcb,108,465,6
2/2/2015,3,jcb,131,470,9
4/9/2024,4,jcb,187,260,19
11/8/2012,3,jcb,32,354,18
5/4/2007,5,visa-electron,43,689,4
9/9/2007,5,diners-club-carte-blanche,51,554,2
7/29/2024,2,jcb,133,918,17
12/13/2001,5,mastercard,119,87,9
7/3/2005,3,jcb,168,721,3
2/23/2013,3,jcb,54,107,1
7/13/2016,1,diners-club-carte-blanche,50,297,18
9/8/2006,2,jcb,160,258,2
12/10/2020,5,jcb,5,435,2
10/1/2002,5,jcb,122,270,6
2/1/2003,3,jcb,1,318,18
9/5/2005,4,bankcard,49,156,5
6/5/2006,3,jcb,140,977,9
4/2/2026,1,jcb,184,386,12
10/8/2004,4,americanexpress,141,76,18
8/2/2005,2,visa-electron,81,289,13
6/4/2006,5,maestro,104,106,8
8/23/2007,4,jcb,23,746,12
6/17/2001,1,jcb,1,926,20
8/11/2008,3,jcb,130,16,5
6/8/2006,1,jcb,192,459,5
3/16/2012,3,mastercard,27,514,3
7/23/2009,2,jcb,91,279,13
11/21/2007,3,switch,146,170,12
10/17/2003,4,jcb,27,566,2
6/6/2021,2,mastercard,35,821,18
10/28/2004,5,instapayment,188,114,19
9/27/2016,2,switch,39,605,6
10/12/2009,2,jcb,175,826,10
2/9/2007,4,jcb,149,673,4
9/16/2023,3,jcb,68,882,19
5/15/2008,5,china-unionpay,60,838,13
6/19/2016,5,maestro,83,901,12
10/13/2008,5,china-unionpay,160,915,11
12/27/2003,1,maestro,119,66,12
3/7/2004,3,jcb,95,2,10
9/4/2002,5,jcb,168,677,15
6/16/2009,1,diners-club-carte-blanche,40,179,13
9/9/2004,2,jcb,130,461,16
10/9/2020,4,jcb,141,221,15
8/26/2003,3,switch,26,666,7
6/14/2004,1,mastercard,3,894,5
12/22/2018,5,mastercard,114,449,4
7/25/2006,4,jcb,187,654,2
12/7/2003,2,jcb,157,31,10
3/6/2021,1,diners-club-enroute,161,397,4
11/15/2007,1,switch,112,631,18
10/31/2018,4,jcb,21,802,18
3/23/2024,3,diners-club-carte-blanche,41,357,17
1/24/2024,3,jcb,167,462,5
11/10/2018,3,jcb,99,956,14
3/21/2015,3,maestro,196,61,11
5/4/2009,5,visa-electron,169,655,1
11/3/2016,2,visa,2,91,2
5/15/2020,1,jcb,54,726,8
10/9/2002,3,visa-electron,60,316,19
7/1/2018,2,americanexpress,125,339,2
9/11/2020,4,jcb,28,831,7
5/10/2020,3,laser,32,114,13
5/23/2014,2,diners-club-enroute,97,359,11
12/8/2020,4,diners-club-enroute,33,707,5
11/7/2018,2,laser,140,120,10
11/13/2005,4,jcb,19,585,1
2/24/2018,2,mastercard,148,508,6
10/1/2025,3,switch,191,210,19
10/27/2005,1,diners-club-enroute,81,789,9
5/19/2001,1,maestro,191,90,5
10/8/2014,4,bankcard,77,358,19
5/5/2025,3,diners-club-enroute,38,55,16
11/27/2013,1,diners-club-international,143,389,12
1/25/2006,1,jcb,192,269,14
2/23/2021,3,jcb,83,951,6
10/16/2016,3,diners-club-carte-blanche,23,114,3
5/31/2004,1,china-unionpay,165,136,5
7/28/2015,1,jcb,67,166,3
6/17/2013,3,visa-electron,31,598,3
9/21/2007,1,bankcard,59,325,15
7/7/2019,4,china-unionpay,199,84,20
8/24/2021,5,mastercard,145,505,6
1/24/2006,3,china-unionpay,75,78,5
7/24/2009,1,jcb,23,764,3
5/22/2001,2,bankcard,95,745,20
11/25/2020,3,visa-electron,36,348,19
9/13/2019,1,jcb,124,31,19
2/4/2002,4,jcb,186,462,10
9/26/2010,5,jcb,36,135,6
12/10/2022,2,jcb,174,181,10
8/9/2010,4,diners-club-enroute,19,948,5
6/30/2021,1,visa-electron,126,47,20
11/11/2025,2,mastercard,90,449,12
12/23/2009,5,maestro,143,448,12
7/24/2023,5,jcb,85,106,20
7/2/2011,2,jcb,28,642,3
12/13/2003,3,maestro,72,978,16
2/10/2017,5,jcb,195,405,18
11/3/2006,3,jcb,182,838,17
7/25/2018,3,diners-club-carte-blanche,185,512,19
11/9/2010,5,maestro,188,109,2
8/18/2024,3,mastercard,116,572,15
5/21/2005,3,maestro,183,618,17
12/13/2007,2,mastercard,153,260,18
6/22/2023,3,china-unionpay,162,871,19
4/23/2013,3,china-unionpay,29,898,6
7/12/2012,3,diners-club-enroute,12,327,16
12/7/2008,2,jcb,95,959,20
10/8/2019,4,visa-electron,48,306,7
12/15/2001,2,diners-club-international,50,257,6
2/7/2011,4,switch,34,367,13
3/22/2002,2,visa-electron,70,217,3
2/17/2006,3,americanexpress,101,800,7
10/15/2005,4,jcb,115,840,7
11/4/2006,2,china-unionpay,161,662,18
3/20/2020,3,jcb,147,533,11
3/1/2007,3,jcb,92,740,11
5/2/2005,4,visa,172,636,1
8/22/2012,5,americanexpress,76,749,15
7/9/2005,4,jcb,83,884,20
4/8/2019,4,jcb,34,907,11
1/7/2012,1,jcb,48,375,17
10/29/2025,1,visa-electron,76,351,5
6/30/2011,2,china-unionpay,67,908,8
9/21/2021,2,jcb,199,223,1
9/17/2025,1,mastercard,127,853,5
12/1/2018,2,maestro,37,615,19
3/5/2015,2,jcb,90,911,13
3/26/2007,4,visa-electron,67,361,20
8/7/2022,1,jcb,74,30,5
1/24/2007,1,jcb,41,805,16
1/6/2025,4,mastercard,156,128,1
9/20/2017,3,diners-club-enroute,151,354,7
4/18/2004,2,visa-electron,100,617,18
3/7/2007,4,americanexpress,30,643,15
5/3/2006,5,jcb,89,116,11
6/15/2007,5,solo,130,392,14
12/17/2015,5,jcb,177,683,9
1/19/2005,4,jcb,182,441,14
1/5/2021,2,diners-club-enroute,42,735,9
1/27/2009,1,bankcard,88,699,1
12/7/2001,1,jcb,128,722,17
4/26/2006,3,visa,40,800,11
12/29/2003,1,bankcard,47,567,15
2/16/2004,2,visa-electron,139,763,7
10/10/2015,3,jcb,82,919,19
4/13/2006,1,maestro,51,166,19
11/27/2025,5,mastercard,186,281,9
4/23/2020,2,mastercard,60,351,13
9/18/2005,2,jcb,108,437,13
1/7/2017,2,maestro,185,422,15
6/28/2023,2,switch,79,464,7
5/20/2023,5,visa-electron,3,114,10
9/10/2012,4,switch,46,396,14
12/3/2024,1,diners-club-enroute,99,512,2
7/26/2002,1,jcb,171,497,10
2/19/2009,1,bankcard,1,721,3
7/13/2016,5,jcb,14,111,15
11/24/2025,5,jcb,185,918,10
10/19/2016,2,jcb,168,866,15
10/17/2024,4,diners-club-carte-blanche,132,82,9
11/15/2006,4,jcb,50,503,17
12/12/2022,1,jcb,31,303,8
10/17/2006,4,jcb,155,855,9
6/6/2020,5,mastercard,189,651,10
12/29/2010,1,jcb,44,3,16
2/10/2010,5,switch,66,941,20
7/14/2014,1,jcb,48,760,4
7/25/2025,2,laser,159,178,11
10/19/2024,5,jcb,35,713,16
8/19/2009,4,visa-electron,18,238,4
5/6/2019,5,mastercard,119,325,16
8/18/2003,2,visa,111,153,13
8/22/2001,4,jcb,111,120,19
2/28/2003,1,bankcard,93,195,19
10/1/2025,2,china-unionpay,54,653,20
11/11/2021,4,maestro,82,706,20
10/11/2005,5,jcb,200,60,17
9/22/2007,3,jcb,16,458,6
3/29/2007,3,jcb,160,826,17
8/18/2023,2,switch,157,722,3
5/16/2011,4,switch,199,534,5
6/10/2023,1,jcb,107,267,17
8/22/2004,5,visa,78,80,11
5/3/2016,1,jcb,100,334,3
6/5/2004,5,diners-club-carte-blanche,176,307,19
7/1/2015,5,jcb,28,869,2
5/24/2012,5,bankcard,64,345,5
3/8/2017,5,jcb,171,885,10
1/8/2010,2,solo,78,824,15
12/19/2017,2,maestro,113,692,7
8/12/2009,5,jcb,22,600,2
5/12/2018,4,maestro,156,595,2
3/28/2022,5,jcb,35,953,17
3/6/2005,1,maestro,154,593,20
2/5/2022,1,jcb,195,944,11
4/4/2004,1,jcb,113,137,13
2/10/2011,4,china-unionpay,23,983,15
10/24/2016,5,jcb,91,239,13
8/31/2023,2,instapayment,27,28,15
1/27/2005,3,diners-club-enroute,110,268,3
2/19/2007,2,switch,96,863,19
3/10/2026,4,jcb,53,144,8
4/9/2025,2,jcb,133,646,19
10/23/2005,4,visa,20,20,8
6/29/2017,1,bankcard,86,605,13
11/13/2019,5,instapayment,45,528,13
11/21/2025,2,laser,17,858,10
4/24/2011,2,jcb,28,385,19
6/2/2001,2,mastercard,67,911,10
12/16/2004,3,jcb,188,819,10
1/10/2018,4,switch,83,884,2
3/18/2009,4,maestro,15,108,2
6/13/2002,5,maestro,46,226,20
12/10/2022,5,maestro,159,130,18
6/20/2015,3,jcb,196,469,6
11/18/2004,2,jcb,57,559,16
5/5/2007,5,mastercard,135,432,14
4/29/2019,1,americanexpress,83,647,4
12/7/2025,3,jcb,79,434,7
4/8/2002,3,diners-club-carte-blanche,74,464,18
11/15/2013,4,laser,177,123,11
10/5/2013,2,maestro,64,270,8
8/3/2020,5,americanexpress,192,129,13
5/28/2010,3,jcb,65,55,3
1/15/2004,3,maestro,118,179,5
7/21/2020,3,americanexpress,55,441,18
10/27/2002,2,americanexpress,112,293,2
2/18/2016,4,china-unionpay,4,106,6
10/22/2008,3,jcb,181,690,15
9/5/2006,1,maestro,100,536,10
1/9/2022,1,jcb,149,397,5
7/2/2007,5,mastercard,61,515,13
9/20/2010,5,jcb,144,530,1
7/25/2024,4,jcb,181,245,14
11/19/2014,1,jcb,176,452,4
8/3/2014,1,diners-club-us-ca,47,486,17
12/2/2019,5,jcb,55,31,6
5/29/2001,4,switch,37,219,3
8/30/2004,3,visa-electron,93,257,3
3/8/2015,1,jcb,33,517,6
12/9/2023,1,americanexpress,137,604,9
5/16/2007,1,diners-club-carte-blanche,95,756,7
5/19/2013,1,mastercard,49,964,8
3/2/2003,3,jcb,104,927,8
4/1/2015,2,jcb,69,674,3
12/11/2019,5,jcb,180,491,16
1/27/2011,2,jcb,13,578,9
12/18/2014,5,jcb,25,415,9
6/7/2010,4,mastercard,94,627,14
12/20/2021,3,laser,13,998,19
4/14/2019,4,mastercard,128,721,4
6/22/2018,5,instapayment,65,554,16
2/2/2018,1,maestro,121,455,20
4/17/2002,2,jcb,33,591,1
12/8/2014,1,visa-electron,153,373,18
3/12/2017,5,diners-club-enroute,18,620,9
8/20/2013,5,jcb,186,624,20
11/6/2017,3,visa-electron,106,401,18
10/11/2016,3,americanexpress,55,687,7
2/21/2010,5,americanexpress,36,40,17
9/18/2011,1,jcb,80,156,3
8/19/2014,4,mastercard,103,611,9
11/20/2012,2,maestro,87,911,8
6/19/2015,5,china-unionpay,91,280,9
5/26/2009,3,jcb,82,689,10
1/13/2018,4,jcb,97,86,4
10/23/2005,3,jcb,164,828,3
12/8/2015,5,diners-club-carte-blanche,38,418,4
1/15/2013,1,bankcard,45,163,18
4/11/2007,3,jcb,129,82,2
10/19/2012,4,jcb,156,573,2
3/22/2012,3,diners-club-carte-blanche,161,519,1
3/13/2012,3,americanexpress,119,350,7
3/19/2010,5,maestro,160,776,14
9/2/2020,2,visa-electron,97,558,20
5/27/2009,5,maestro,183,474,1
1/20/2015,3,jcb,195,475,3
10/10/2024,1,jcb,144,99,11
2/24/2003,4,bankcard,20,991,5
5/4/2023,3,jcb,132,452,14
10/27/2019,3,jcb,17,835,11
8/4/2005,1,mastercard,39,106,9
4/21/2020,2,jcb,65,378,4
10/18/2005,1,jcb,195,140,6
8/2/2004,5,jcb,150,805,4
1/8/2023,5,jcb,86,837,4
2/12/2016,4,visa,77,185,7
10/25/2015,1,jcb,69,845,18
10/5/2001,1,bankcard,118,563,20
6/10/2011,2,switch,75,179,20
4/27/2024,4,china-unionpay,87,76,12
6/25/2019,3,laser,112,83,6
9/22/2021,4,jcb,70,482,18
12/10/2014,5,switch,43,610,12
10/21/2004,3,switch,84,89,9
2/2/2021,5,china-unionpay,59,126,14
4/19/2005,3,mastercard,40,261,13
7/6/2009,2,jcb,166,736,17
7/21/2019,4,mastercard,153,729,15
10/14/2016,3,jcb,51,551,18
8/11/2008,2,diners-club-enroute,110,442,13
9/18/2004,2,mastercard,49,912,3
11/26/2016,2,jcb,32,654,17
12/11/2012,3,jcb,140,560,1
12/3/2008,5,jcb,12,190,15
7/11/2019,4,jcb,149,389,20
4/17/2009,2,bankcard,107,939,8
6/3/2020,4,jcb,77,504,10
11/1/2012,3,jcb,71,868,6
12/1/2013,2,switch,37,1,13
7/26/2022,4,maestro,86,514,18
4/26/2019,5,visa-electron,47,780,1
11/19/2010,1,jcb,112,566,12
8/12/2015,5,china-unionpay,189,493,14
2/28/2019,3,americanexpress,172,534,11
6/1/2023,1,jcb,54,16,13
5/8/2002,4,mastercard,106,934,5
8/15/2021,2,jcb,166,10,13
2/3/2019,3,jcb,122,13,11
11/21/2002,5,jcb,98,421,1
12/21/2021,2,jcb,90,56,5
7/28/2003,4,jcb,159,643,19
11/14/2022,5,jcb,180,879,5
11/16/2005,4,diners-club-carte-blanche,5,512,13
10/25/2019,4,visa-electron,55,587,18
10/30/2025,3,jcb,180,750,3
9/22/2003,1,laser,194,48,14
6/5/2015,3,americanexpress,77,760,16
1/23/2013,4,jcb,59,843,4
6/12/2012,5,visa-electron,60,555,6
10/19/2014,3,jcb,194,191,5
8/15/2006,3,jcb,173,690,9
8/13/2007,2,jcb,36,542,14
6/9/2011,3,jcb,58,849,10
12/24/2002,3,jcb,136,521,3
12/6/2009,3,americanexpress,126,969,7
6/18/2016,3,maestro,181,191,2
8/12/2006,5,diners-club-international,56,624,14
8/28/2009,4,laser,93,248,7
6/11/2015,1,visa-electron,180,236,10
2/13/2014,3,diners-club-carte-blanche,11,667,6
4/7/2024,2,switch,149,711,20
3/17/2026,4,jcb,58,84,18
2/26/2021,5,jcb,89,991,4
10/6/2005,5,bankcard,171,807,3
4/17/2019,4,switch,3,491,3
4/12/2012,2,jcb,50,984,17
7/26/2013,5,bankcard,124,113,4
2/12/2024,5,jcb,16,906,8
11/25/2025,1,mastercard,131,365,11
9/7/2005,4,jcb,186,136,19
1/26/2013,5,visa-electron,58,563,5
11/29/2008,4,solo,89,837,6
3/21/2010,2,jcb,162,869,6
4/14/2024,1,switch,74,581,8
4/27/2008,2,jcb,45,954,18
12/1/2015,2,jcb,160,744,20
8/4/2023,1,maestro,24,336,12
1/30/2006,5,switch,153,459,20
10/27/2014,1,jcb,45,737,2
10/16/2009,3,diners-club-carte-blanche,164,847,9
8/26/2023,1,visa-electron,31,923,19
4/30/2006,2,visa,14,751,17
1/26/2008,1,diners-club-enroute,85,566,10
11/16/2004,4,china-unionpay,113,88,15
11/1/2009,4,maestro,172,356,8
10/20/2015,3,mastercard,197,12,12
3/24/2019,5,diners-club-enroute,72,887,9
1/19/2022,5,jcb,107,245,4
1/20/2015,5,bankcard,111,779,4
9/19/2018,5,jcb,25,922,8
12/15/2025,3,switch,177,126,6
12/14/2023,5,jcb,199,681,8
1/4/2007,4,jcb,17,573,6
10/31/2005,3,visa-electron,71,975,17
4/17/2010,1,jcb,67,355,17
3/17/2012,5,laser,93,395,9
12/1/2014,4,china-unionpay,19,531,18
8/15/2023,3,jcb,65,936,18
10/4/2004,1,diners-club-enroute,17,490,1
5/15/2010,3,mastercard,43,573,17
4/5/2011,1,jcb,117,453,20
7/2/2001,1,jcb,93,896,11
5/23/2018,1,jcb,41,960,8
11/10/2011,4,jcb,47,510,8
3/7/2014,2,americanexpress,94,157,3
8/17/2013,1,americanexpress,124,673,15
4/8/2017,3,diners-club-international,168,255,13
10/20/2004,3,diners-club-enroute,47,613,5
11/19/2023,3,jcb,20,26,9
12/12/2002,1,mastercard,155,739,2
3/15/2024,2,jcb,18,246,19
3/20/2016,5,jcb,45,880,12
11/23/2019,4,americanexpress,173,227,6
6/18/2017,2,maestro,2,835,10
9/7/2016,2,maestro,151,370,17
11/2/2019,5,bankcard,175,448,10
1/22/2010,3,diners-club-carte-blanche,119,112,20
7/9/2006,3,solo,52,304,6
8/20/2011,4,jcb,109,811,8
3/20/2017,4,jcb,37,440,2
5/15/2019,5,jcb,193,125,1
6/3/2006,2,mastercard,65,660,2
4/19/2013,1,maestro,98,761,14
8/19/2024,2,jcb,57,287,6
12/30/2010,3,jcb,44,678,6
11/30/2022,4,maestro,142,303,10
8/19/2002,1,mastercard,118,341,16
3/29/2010,1,maestro,55,190,19
1/2/2020,2,visa-electron,176,82,17
10/21/2018,3,laser,50,750,4
5/26/2012,2,diners-club-enroute,147,867,4
4/3/2019,5,jcb,136,830,20
6/3/2009,4,jcb,4,550,12
4/19/2014,3,americanexpress,177,903,3
2/21/2013,4,jcb,109,828,19
2/10/2019,3,china-unionpay,104,359,16
7/14/2021,3,solo,144,149,20
11/23/2007,1,jcb,25,901,3
9/9/2017,5,mastercard,8,829,18
12/18/2023,5,mastercard,160,925,12
8/10/2017,1,mastercard,93,355,17
2/25/2013,5,china-unionpay,69,944,16
5/10/2007,4,china-unionpay,34,259,14
1/17/2025,3,jcb,116,799,6
10/21/2014,5,jcb,178,529,16
2/7/2021,1,jcb,73,277,5
2/14/2013,2,mastercard,116,300,9
3/10/2011,4,jcb,67,445,20
5/28/2019,2,china-unionpay,135,52,1
1/2/2016,4,jcb,187,423,13
2/27/2012,5,laser,182,927,20
6/5/2025,4,jcb,3,693,3
2/1/2025,1,jcb,188,19,8
4/16/2023,1,mastercard,122,244,14
2/18/2017,1,jcb,39,689,13
3/4/2020,4,laser,110,330,3
7/7/2003,4,switch,48,705,4
12/23/2022,1,jcb,28,191,6
6/16/2002,5,visa-electron,46,108,11
11/20/2001,1,visa-electron,132,886,15
8/31/2005,5,china-unionpay,175,396,12
3/20/2006,1,jcb,62,985,6
5/13/2001,3,mastercard,53,121,6
8/20/2005,1,jcb,176,55,18
12/8/2004,4,jcb,4,660,15
10/5/2021,2,jcb,5,446,7
11/27/2024,3,jcb,68,435,14
12/31/2019,2,jcb,24,983,16
1/6/2024,5,laser,129,63,13
4/5/2006,3,maestro,81,582,14
3/15/2006,2,americanexpress,172,912,10
2/20/2023,4,jcb,168,737,11
6/24/2020,1,diners-club-carte-blanche,127,962,14
1/16/2006,2,americanexpress,14,354,8
12/11/2015,4,diners-club-enroute,28,602,10
1/13/2015,5,maestro,196,226,6
8/31/2015,5,jcb,1,325,15
4/23/2015,2,china-unionpay,80,609,20
6/24/2010,5,jcb,90,26,19
1/23/2009,4,bankcard,73,523,3
4/26/2017,3,jcb,5,237,20
1/23/2010,2,bankcard,101,977,9
8/24/2017,1,maestro,191,671,2
11/7/2020,3,jcb,42,258,1
6/23/2023,5,jcb,177,458,18
9/24/2015,3,americanexpress,8,132,6
5/28/2024,4,jcb,18,94,16
7/12/2025,3,jcb,27,80,10
3/13/2015,1,mastercard,58,646,13
2/11/2009,2,laser,86,941,6
5/11/2023,3,diners-club-enroute,53,807,14
10/14/2024,1,visa-electron,61,435,14
9/7/2006,5,mastercard,70,448,14
2/19/2017,5,mastercard,32,255,12
1/26/2023,3,americanexpress,6,720,17
3/18/2024,5,solo,81,172,12
5/1/2016,3,jcb,45,884,12
7/8/2003,1,americanexpress,30,551,16
5/30/2013,5,switch,189,785,10
6/6/2025,5,jcb,23,422,9
6/14/2024,3,jcb,10,45,16
11/21/2012,1,switch,126,713,5
1/29/2005,2,jcb,22,822,9
4/2/2014,2,jcb,138,149,13
1/20/2009,5,mastercard,90,139,2
3/27/2015,3,americanexpress,136,452,6
12/18/2003,3,diners-club-enroute,145,877,15
5/20/2001,2,mastercard,165,385,7
10/13/2004,3,laser,136,501,18
2/12/2016,4,switch,182,599,1
4/21/2009,4,instapayment,2,290,12
5/14/2019,5,jcb,100,320,6
4/10/2024,4,jcb,163,201,9
12/21/2021,3,jcb,76,295,5
12/7/2017,5,solo,37,894,2
6/20/2014,3,jcb,186,254,17
9/17/2008,1,jcb,81,912,14
12/5/2005,4,diners-club-international,76,464,18
4/8/2024,1,switch,100,845,2
1/23/2016,4,jcb,39,833,1
6/11/2002,2,jcb,85,997,13
1/16/2008,2,maestro,51,714,14
12/17/2024,5,jcb,125,518,6
12/16/2024,2,diners-club-us-ca,24,654,6
1/23/2026,5,jcb,122,208,7
11/30/2019,2,laser,128,265,11
5/14/2003,4,jcb,102,338,9
2/26/2011,1,diners-club-carte-blanche,46,488,6
4/7/2008,2,jcb,25,230,12
5/25/2022,2,jcb,20,247,2
10/29/2005,4,americanexpress,166,287,9
3/15/2007,1,jcb,183,439,6
5/31/2020,4,bankcard,197,66,14
7/17/2010,5,jcb,127,417,18
7/13/2020,3,jcb,162,23,10
2/24/2018,5,maestro,186,593,18
6/20/2016,3,mastercard,148,645,6
8/19/2012,2,jcb,140,904,10
5/15/2014,5,visa,74,37,13
6/24/2021,2,jcb,74,627,8
2/2/2011,4,jcb,81,883,17
10/3/2023,2,jcb,61,483,17
3/10/2026,5,diners-club-carte-blanche,114,614,19
1/18/2016,2,jcb,55,531,4
5/16/2008,4,laser,138,547,10
2/5/2008,4,diners-club-carte-blanche,128,835,12
9/28/2014,5,maestro,169,391,3
1/26/2012,1,americanexpress,126,462,13
9/4/2005,5,switch,195,260,18
12/27/2013,2,instapayment,74,695,10
5/25/2010,4,jcb,43,764,1
11/9/2014,4,jcb,66,199,17
6/2/2001,2,jcb,76,962,8
6/2/2008,4,diners-club-enroute,50,88,15
6/13/2002,3,maestro,109,910,7
10/24/2006,5,mastercard,187,904,6
3/12/2011,5,mastercard,114,579,1
8/24/2008,1,diners-club-carte-blanche,133,767,18
9/9/2002,3,instapayment,115,102,15
8/27/2019,4,maestro,8,446,12
7/9/2023,2,jcb,76,195,18
12/29/2008,1,jcb,50,252,18
9/26/2004,2,solo,99,310,14
4/21/2022,5,jcb,126,778,6
3/25/2009,1,laser,140,489,11
1/18/2012,3,diners-club-enroute,3,163,15
11/30/2020,5,jcb,136,680,3
4/18/2024,5,jcb,174,129,2
12/20/2012,4,diners-club-enroute,155,757,14
8/8/2018,2,switch,169,877,15
3/31/2008,2,jcb,172,688,7
9/30/2021,3,jcb,24,959,14
4/21/2025,1,jcb,162,147,1
1/13/2005,5,jcb,57,601,6
4/18/2020,3,mastercard,2,423,20
7/1/2020,2,jcb,175,148,6
1/30/2013,3,diners-club-international,153,590,18
10/23/2023,5,visa-electron,38,561,3
1/31/2022,2,china-unionpay,12,591,19
3/22/2018,5,bankcard,187,318,4
3/30/2019,1,jcb,2,431,18
3/15/2013,4,jcb,155,183,2
3/14/2026,1,jcb,52,881,12
6/12/2025,2,diners-club-carte-blanche,77,353,7
11/2/2018,4,jcb,111,343,5
4/5/2003,1,jcb,110,269,20
10/10/2009,3,switch,178,896,18
9/12/2018,2,jcb,190,749,14
6/4/2007,5,jcb,130,455,3
9/17/2023,3,jcb,103,21,3
5/27/2004,3,americanexpress,56,412,14
3/8/2004,4,jcb,60,633,16
11/15/2020,1,diners-club-enroute,154,308,9
10/3/2022,2,jcb,3,5,19
2/5/2022,3,americanexpress,151,44,13
1/15/2014,1,jcb,60,721,14
1/9/2016,1,switch,197,742,16
10/24/2003,4,switch,37,838,7
8/21/2020,2,jcb,194,553,2
9/16/2013,2,jcb,101,248,8
9/26/2010,2,switch,91,487,6
12/14/2009,2,americanexpress,83,448,9
4/21/2013,2,americanexpress,68,899,3
10/28/2003,2,jcb,100,24,15
12/2/2004,3,jcb,45,103,6
2/27/2006,4,jcb,153,861,4
9/28/2013,5,china-unionpay,198,648,19
12/29/2020,1,switch,197,34,6
2/17/2022,1,jcb,144,278,10
3/11/2017,1,jcb,23,751,10
10/1/2004,4,jcb,51,476,18
10/1/2016,2,jcb,105,898,12
9/22/2006,2,diners-club-enroute,114,248,20
1/30/2021,4,maestro,172,656,15
5/27/2008,1,jcb,101,997,16
8/22/2013,2,diners-club-carte-blanche,82,807,20
11/1/2012,1,maestro,167,200,17
5/11/2019,2,china-unionpay,106,802,14
7/31/2012,5,jcb,63,298,20
7/24/2015,5,jcb,68,803,16
6/2/2013,4,laser,40,712,12
2/2/2011,2,visa-electron,153,614,18
10/23/2025,5,jcb,137,148,12
12/10/2002,5,visa,33,684,20
7/23/2024,4,jcb,176,677,8
2/8/2003,4,jcb,156,166,13
6/20/2024,1,jcb,91,705,19
2/6/2011,1,maestro,196,434,20
5/25/2022,4,instapayment,180,52,15
6/27/2018,3,diners-club-us-ca,109,741,16
10/9/2008,4,diners-club-international,11,108,11
1/19/2011,3,switch,146,751,2
5/22/2010,5,jcb,99,17,20
3/25/2005,2,jcb,118,565,11
1/5/2022,4,mastercard,188,782,16
4/3/2015,5,laser,191,24,14
12/27/2021,4,jcb,35,958,10
10/24/2018,5,jcb,4,96,12
9/18/2006,3,americanexpress,26,785,3
6/7/2003,5,jcb,48,745,16
1/23/2015,5,maestro,188,38,20
8/16/2023,5,jcb,137,155,7
9/10/2019,3,bankcard,147,246,3
4/14/2003,1,bankcard,83,702,16
7/30/2021,3,bankcard,54,347,6
10/19/2016,1,jcb,141,191,7
4/4/2013,4,americanexpress,18,4,12
12/15/2011,2,bankcard,78,877,4
8/19/2003,3,bankcard,115,685,5
10/16/2019,5,jcb,155,841,3
2/4/2025,3,diners-club-carte-blanche,185,219,15
6/1/2024,4,jcb,64,488,2
10/16/2008,2,maestro,8,365,8
8/14/2005,3,mastercard,150,705,20
6/16/2004,4,jcb,109,388,17
1/12/2026,2,maestro,192,790,11
5/24/2005,3,mastercard,123,635,16
1/22/2025,1,jcb,27,274,1
4/1/2007,5,bankcard,88,455,1
12/12/2006,2,switch,88,279,16
9/2/2024,5,mastercard,56,878,7
9/23/2008,2,americanexpress,1,476,20
5/20/2002,5,maestro,185,811,7
8/14/2008,3,jcb,192,672,12
12/27/2019,5,jcb,57,240,5
10/14/2015,4,jcb,192,566,20
1/4/2017,2,jcb,37,212,10
8/2/2006,1,jcb,153,219,1
10/6/2011,3,bankcard,19,939,10
10/11/2024,5,bankcard,159,299,2
4/20/2016,2,visa-electron,150,620,12
7/13/2019,5,instapayment,92,620,6
10/16/2010,2,mastercard,183,147,13
6/8/2004,1,jcb,18,309,11
12/30/2013,5,jcb,143,159,15
12/17/2009,1,jcb,172,862,14
5/28/2011,2,visa-electron,180,740,4
11/13/2023,3,americanexpress,156,470,18
7/18/2015,5,switch,116,871,12
8/17/2025,1,jcb,120,35,8
12/6/2022,1,jcb,81,583,3
5/30/2005,4,solo,59,963,8
8/10/2011,4,jcb,147,423,20
5/15/2018,2,jcb,15,999,17
10/21/2022,4,jcb,65,426,13
12/23/2024,1,americanexpress,63,817,1
4/10/2014,4,mastercard,101,315,3
12/8/2017,3,mastercard,36,881,12
11/11/2003,5,laser,139,795,13
10/5/2005,4,jcb,180,390,12
4/7/2017,1,switch,88,506,15
1/1/2025,1,jcb,76,445,9
3/27/2021,1,jcb,160,853,2
4/15/2016,4,jcb,103,114,8
7/13/2013,5,instapayment,95,774,6
4/19/2007,5,maestro,21,102,8
2/19/2019,5,diners-club-carte-blanche,51,380,8
8/21/2023,3,diners-club-enroute,57,684,8
6/22/2014,5,bankcard,193,900,13
6/13/2011,3,maestro,196,468,2
2/17/2002,4,diners-club-carte-blanche,62,496,9
12/23/2021,4,mastercard,41,51,10
9/30/2016,2,jcb,105,89,19
12/20/2016,2,switch,44,50,12
2/22/2010,4,jcb,142,476,14
10/30/2021,4,diners-club-international,42,76,14
5/28/2004,3,jcb,4,866,14
1/28/2007,4,visa-electron,6,813,14
3/11/2025,3,maestro,163,324,11
5/14/2009,1,jcb,15,455,11
2/11/2015,5,visa-electron,154,965,13
8/27/2012,1,mastercard,156,561,11
8/22/2021,3,jcb,75,704,5
11/11/2025,1,visa,41,317,8
4/29/2009,3,jcb,136,692,2
9/1/2008,4,jcb,9,815,17
9/20/2025,2,maestro,56,745,14
7/18/2024,1,china-unionpay,37,9,9
5/26/2001,5,maestro,196,175,2
11/23/2025,1,jcb,52,58,1
6/30/2020,4,laser,27,665,8
7/21/2024,4,jcb,84,434,7
6/13/2008,2,jcb,92,887,11
8/12/2019,3,diners-club-enroute,171,170,20
5/1/2018,5,jcb,129,969,10
7/26/2017,1,jcb,191,855,3
1/19/2017,2,mastercard,36,106,15
10/16/2001,2,instapayment,32,688,20
6/1/2002,5,laser,13,201,3
7/5/2016,5,americanexpress,111,129,14
6/26/2004,5,bankcard,175,480,1
2/9/2008,5,jcb,190,993,2
5/5/2007,3,jcb,58,274,8
6/6/2016,4,americanexpress,9,123,3
1/18/2012,1,jcb,126,167,14
11/12/2023,5,instapayment,84,877,6
7/7/2010,5,diners-club-carte-blanche,49,631,5
4/24/2017,3,diners-club-enroute,168,552,3
5/27/2010,2,diners-club-carte-blanche,54,333,15
12/3/2017,4,americanexpress,58,736,19
4/18/2020,3,switch,74,306,15
5/18/2007,5,mastercard,175,63,14
10/8/2017,1,jcb,173,49,2
1/27/2003,5,diners-club-carte-blanche,107,64,11
7/13/2019,3,jcb,137,177,6
9/28/2023,1,americanexpress,196,18,5
2/11/2008,4,jcb,177,176,17
4/29/2012,1,maestro,172,231,15
12/25/2024,1,maestro,198,856,19
1/4/2026,5,maestro,154,745,7
11/9/2014,5,china-unionpay,177,248,17
10/27/2025,5,switch,188,12,2
10/18/2022,1,jcb,89,968,8
3/12/2011,5,jcb,16,885,1
11/29/2001,3,jcb,20,235,19
12/27/2017,5,jcb,24,999,13
3/25/2008,1,visa,126,6,20
5/18/2005,4,maestro,137,250,1
8/25/2011,1,visa,120,694,19
8/7/2006,1,mastercard,114,936,20
12/25/2017,2,mastercard,35,654,7
10/16/2018,3,mastercard,17,570,15
11/21/2005,1,jcb,54,637,18
5/13/2023,5,jcb,32,860,4
4/5/2022,1,bankcard,35,212,17
5/11/2014,2,china-unionpay,18,818,17
11/23/2004,5,switch,124,296,10
4/2/2002,3,diners-club-carte-blanche,190,927,15
7/24/2022,5,jcb,62,146,12
1/14/2009,3,maestro,159,989,8
4/7/2017,2,jcb,34,596,19
1/23/2014,2,jcb,62,896,18
11/16/2014,1,diners-club-us-ca,29,509,16
5/13/2022,2,jcb,137,359,17
5/28/2006,1,bankcard,110,39,12
4/18/2006,1,laser,140,693,4
3/12/2009,1,jcb,165,67,8
8/13/2012,2,diners-club-carte-blanche,170,519,8
1/26/2024,1,jcb,41,226,1
10/26/2009,1,laser,169,153,9
2/14/2024,3,jcb,109,792,15
7/12/2003,4,diners-club-enroute,11,557,12
7/5/2021,4,visa-electron,19,821,2
12/27/2003,4,jcb,28,245,6
12/11/2023,3,maestro,116,31,8
4/30/2018,3,jcb,46,22,2
11/4/2013,5,jcb,175,446,14
5/8/2019,3,diners-club-carte-blanche,73,804,17
9/19/2007,5,jcb,118,507,15
10/10/2001,4,diners-club-enroute,32,60,4
9/4/2005,3,mastercard,98,143,5
8/8/2015,1,visa,111,866,5
9/22/2016,1,jcb,194,28,11
2/22/2011,2,maestro,161,862,14
12/16/2017,2,jcb,182,701,1
10/2/2017,1,diners-club-enroute,194,487,5
10/8/2006,3,jcb,155,163,12
4/26/2015,5,visa-electron,70,781,1
9/18/2012,3,jcb,9,276,7
5/17/2022,3,diners-club-us-ca,25,569,17
9/24/2023,4,jcb,155,849,18
12/30/2014,4,jcb,7,175,18
11/24/2016,3,visa-electron,124,628,15
11/11/2007,4,jcb,158,463,4
6/25/2002,4,jcb,37,506,20
12/9/2007,5,maestro,65,730,9
3/27/2022,3,mastercard,149,476,12
9/3/2009,5,visa-electron,182,27,19
7/27/2021,2,jcb,76,648,6
2/2/2020,5,jcb,37,760,11
7/3/2002,5,bankcard,176,658,16
7/23/2011,4,jcb,155,411,17
1/7/2010,5,jcb,78,253,12
2/25/2013,2,jcb,154,852,11
9/27/2003,5,laser,149,600,16
6/15/2020,1,maestro,190,310,19
11/30/2006,5,jcb,9,801,5
12/25/2007,5,switch,22,32,1
3/15/2015,3,diners-club-carte-blanche,119,636,17
4/11/2007,5,jcb,137,402,6
4/9/2002,3,visa-electron,26,566,6
10/31/2015,1,jcb,181,193,15
1/21/2019,5,jcb,51,896,16
5/6/2010,5,maestro,182,238,4
6/11/2017,4,bankcard,122,8,6
11/21/2016,3,jcb,20,116,20
10/6/2007,2,china-unionpay,184,273,2
7/6/2006,3,bankcard,16,780,3
2/12/2009,2,instapayment,129,378,10
8/15/2018,3,jcb,100,882,7
1/21/2011,1,jcb,57,845,20
12/6/2013,4,laser,36,477,6
5/30/2006,3,jcb,7,22,17
5/12/2017,3,visa-electron,106,616,11
4/30/2015,2,jcb,78,671,12
5/21/2022,4,jcb,124,912,9
3/12/2005,5,jcb,2,124,7
7/28/2020,4,visa-electron,25,971,11
12/17/2023,2,mastercard,59,294,6
10/22/2009,4,diners-club-carte-blanche,102,365,5
5/11/2007,1,jcb,114,269,16
7/17/2016,5,switch,159,59,16
10/8/2023,3,jcb,60,249,3
8/24/2012,1,americanexpress,49,887,1
5/1/2004,5,mastercard,73,148,16
7/16/2005,2,jcb,3,754,6
12/10/2012,5,jcb,168,548,3
11/5/2019,1,diners-club-enroute,85,37,14
11/30/2016,4,jcb,28,581,8
3/21/2017,3,jcb,63,357,15
1/31/2023,3,diners-club-enroute,175,793,20
3/14/2005,2,mastercard,153,700,18
10/19/2021,5,diners-club-enroute,125,823,10
12/8/2009,1,jcb,94,924,7
10/8/2004,3,diners-club-carte-blanche,107,492,13
12/11/2008,2,jcb,94,730,9
2/5/2018,4,jcb,170,326,11
7/29/2021,3,americanexpress,151,774,4
7/31/2022,1,jcb,42,567,11
4/17/2013,1,mastercard,78,356,17
1/9/2018,2,jcb,47,50,15
10/6/2022,4,mastercard,109,687,12
12/10/2022,4,switch,191,777,6
7/27/2006,4,switch,52,148,9
7/20/2011,4,diners-club-carte-blanche,115,915,11
11/7/2002,4,switch,21,596,14
8/14/2012,2,jcb,189,145,18
9/18/2003,5,jcb,73,612,15
1/13/2022,4,jcb,117,144,12
7/28/2013,1,bankcard,68,541,8
7/15/2019,4,jcb,105,816,2
8/30/2015,5,solo,69,230,2
5/22/2022,2,switch,182,630,18
10/26/2021,5,switch,122,201,3
12/20/2002,4,diners-club-enroute,126,749,14
2/4/2002,2,visa,88,610,15
7/31/2018,2,switch,138,771,10
12/10/2014,1,laser,192,363,18
2/9/2009,1,jcb,163,840,1
6/2/2019,1,jcb,144,437,8
10/30/2002,5,diners-club-enroute,21,603,14
1/1/2014,3,americanexpress,112,416,2
8/3/2009,2,jcb,134,460,3
7/28/2002,3,visa,45,211,4
6/23/2009,3,jcb,64,615,2
12/2/2013,4,diners-club-enroute,42,355,3
9/11/2019,5,jcb,189,320,14
3/26/2026,2,jcb,71,50,10
10/7/2023,4,mastercard,184,857,11
10/18/2009,4,switch,24,258,9
12/26/2008,3,jcb,87,198,20
12/11/2002,3,diners-club-carte-blanche,98,210,14
1/2/2009,4,diners-club-enroute,43,415,7
12/20/2020,1,jcb,77,794,9
3/31/2009,1,diners-club-carte-blanche,98,455,9
4/17/2025,5,solo,147,250,7
11/15/2010,5,jcb,19,41,9
5/27/2020,1,maestro,39,91,8
7/16/2004,1,jcb,27,771,10
11/26/2024,2,maestro,176,530,7
9/22/2014,5,diners-club-carte-blanche,3,661,19
5/21/2006,5,visa-electron,21,498,4
11/2/2023,5,china-unionpay,43,340,2
8/2/2013,4,mastercard,5,317,20
12/28/2008,1,china-unionpay,104,925,7
4/19/2017,4,maestro,115,649,13
1/12/2004,3,jcb,43,732,16
6/14/2018,3,bankcard,42,65,16
11/23/2011,2,jcb,122,314,11
8/1/2019,5,switch,167,618,13
12/30/2008,1,china-unionpay,114,39,3
8/18/2016,3,switch,2,686,10
3/15/2005,2,jcb,143,577,10
9/14/2013,5,diners-club-enroute,80,559,8
8/17/2002,1,china-unionpay,116,954,18
11/1/2008,4,laser,51,313,1
10/5/2015,1,switch,65,876,5
2/22/2002,4,americanexpress,143,738,2
7/24/2017,2,jcb,180,221,20
9/12/2004,5,instapayment,56,31,3
1/22/2005,3,instapayment,91,122,7
6/29/2004,5,instapayment,169,492,2
10/22/2016,5,instapayment,192,59,6
9/12/2001,2,americanexpress,195,789,18
11/21/2003,2,jcb,61,303,19
1/31/2019,2,jcb,178,545,11
12/5/2008,4,jcb,93,465,14
4/28/2020,5,switch,12,142,13
1/15/2012,2,mastercard,119,978,6
3/18/2015,4,jcb,54,353,14
9/2/2003,1,jcb,13,745,18
9/25/2021,2,jcb,109,676,12
8/8/2001,4,maestro,17,741,20
11/21/2018,5,visa,40,244,6
11/30/2016,4,jcb,135,276,18
2/18/2016,5,bankcard,127,469,12
4/1/2002,3,jcb,97,859,10
3/25/2003,2,china-unionpay,127,676,3
4/11/2007,4,jcb,128,746,3
12/13/2018,3,jcb,61,726,19
3/30/2003,5,jcb,118,637,10
2/15/2003,4,mastercard,9,232,8
8/14/2009,1,jcb,64,797,12
3/18/2009,1,diners-club-carte-blanche,49,534,9
11/16/2005,3,diners-club-international,34,561,13
10/17/2002,2,maestro,183,304,12
12/11/2008,4,americanexpress,4,317,9
11/22/2006,5,maestro,183,348,19
8/13/2016,1,jcb,36,832,5
12/3/2024,1,diners-club-enroute,139,687,11
11/7/2023,3,mastercard,69,984,5
12/9/2017,3,jcb,53,527,6
10/12/2017,3,maestro,143,171,7
5/23/2005,3,jcb,27,124,5
10/3/2020,5,diners-club-international,78,317,3
7/18/2021,1,jcb,29,317,20
7/6/2019,4,jcb,50,969,14
10/27/2020,5,diners-club-enroute,23,945,12
9/30/2021,1,maestro,34,230,2
4/26/2020,5,jcb,10,612,4
7/14/2021,2,jcb,184,602,4
3/12/2005,3,mastercard,42,521,14
2/22/2003,3,diners-club-us-ca,170,15,6
10/30/2022,1,jcb,32,136,8
9/20/2025,4,mastercard,19,795,2
10/12/2003,4,bankcard,124,398,17
7/30/2012,2,mastercard,42,669,17
4/15/2024,1,jcb,96,639,12
1/17/2006,5,mastercard,59,715,20
12/25/2024,3,jcb,123,278,8
4/11/2009,3,jcb,26,776,6
5/20/2005,1,jcb,18,914,4
1/27/2002,4,instapayment,162,251,19
11/16/2002,2,jcb,39,28,17
1/21/2017,3,diners-club-enroute,12,666,6
9/25/2015,3,jcb,143,121,8
9/28/2020,3,visa-electron,56,610,1
11/28/2018,5,switch,7,766,18
10/24/2009,3,jcb,142,881,6
8/14/2022,3,diners-club-enroute,19,346,12
3/18/2003,4,china-unionpay,141,797,5
6/29/2007,3,diners-club-carte-blanche,166,519,6
7/2/2010,3,jcb,75,499,6
9/24/2011,2,jcb,6,227,2
9/11/2016,1,visa-electron,17,537,17
9/10/2018,3,jcb,163,329,8
11/8/2003,1,americanexpress,6,920,6
5/1/2005,1,jcb,69,606,12
2/23/2013,5,jcb,188,540,4
11/8/2004,5,mastercard,60,21,20
7/26/2025,5,diners-club-carte-blanche,4,744,7
2/20/2018,2,diners-club-enroute,43,851,17
5/15/2002,1,instapayment,150,298,3
9/27/2002,4,bankcard,27,670,18
1/18/2026,4,laser,88,99,12
4/14/2008,3,mastercard,9,799,11
9/6/2015,3,maestro,194,140,7
1/21/2021,1,china-unionpay,34,143,19
7/5/2021,2,diners-club-carte-blanche,81,860,4
8/18/2001,1,jcb,113,348,9
12/7/2010,4,jcb,163,46,3
5/13/2014,5,mastercard,6,993,2
8/8/2022,3,jcb,19,228,14
6/30/2021,3,jcb,38,851,7
7/14/2024,2,maestro,86,195,12
10/17/2022,4,jcb,154,99,16
3/23/2009,5,americanexpress,38,392,16
4/28/2014,1,china-unionpay,98,568,11
5/18/2025,2,diners-club-carte-blanche,142,510,8
10/2/2016,4,switch,97,970,4
12/6/2025,1,mastercard,20,895,1
5/2/2003,1,diners-club-carte-blanche,4,398,9
3/15/2013,2,jcb,108,460,1
1/25/2002,2,jcb,43,797,1
12/8/2009,3,diners-club-carte-blanche,110,55,8
6/1/2010,5,solo,176,8,14
2/18/2022,3,laser,128,769,10
4/6/2018,3,laser,172,340,8
3/18/2017,2,solo,46,217,16
5/19/2008,4,diners-club-enroute,147,356,4
4/22/2006,5,mastercard,168,390,3
3/30/2009,5,jcb,66,962,2
7/1/2001,4,jcb,7,884,5
7/14/2025,5,switch,40,101,4
9/30/2010,2,jcb,164,47,3
12/8/2022,5,mastercard,29,954,14
1/5/2003,1,americanexpress,24,743,4
8/2/2023,3,visa-electron,113,654,5
5/18/2011,5,jcb,186,802,19
9/25/2010,1,bankcard,22,65,1
2/5/2026,3,jcb,43,95,18
1/11/2009,1,americanexpress,15,229,5
2/7/2022,5,diners-club-us-ca,115,454,8
6/12/2020,5,bankcard,200,123,17
3/9/2002,5,jcb,156,168,2
1/8/2006,5,jcb,79,626,14
12/25/2015,3,jcb,33,443,5
8/22/2002,2,jcb,70,997,2
3/3/2019,3,americanexpress,80,263,19
1/28/2002,5,diners-club-carte-blanche,13,961,17
5/20/2016,3,diners-club-enroute,77,165,17
5/5/2009,4,laser,175,163,20
4/15/2007,5,mastercard,28,169,1
12/6/2016,2,jcb,3,520,11
1/2/2019,5,diners-club-us-ca,184,450,14
5/19/2007,5,jcb,145,538,13
7/20/2013,3,bankcard,15,38,9
5/23/2024,3,mastercard,25,373,10
7/8/2020,4,jcb,122,606,7
5/6/2008,3,americanexpress,122,691,14
3/31/2025,2,jcb,28,886,6
7/18/2018,3,laser,82,466,3
6/25/2018,5,jcb,84,763,16
1/11/2017,5,diners-club-enroute,77,45,9
5/12/2009,4,visa,197,225,14
7/26/2002,1,jcb,25,896,3
9/12/2001,3,jcb,63,53,20
1/18/2017,5,diners-club-carte-blanche,17,296,15
1/6/2023,1,maestro,51,391,6
9/21/2017,4,visa-electron,185,285,9
4/20/2005,2,diners-club-enroute,147,85,6
6/28/2009,1,bankcard,166,781,17
11/7/2007,2,maestro,76,163,4
8/3/2013,3,diners-club-carte-blanche,106,559,7
12/29/2001,4,switch,122,519,2
4/7/2012,4,switch,146,205,1
12/1/2011,4,instapayment,69,651,2
12/22/2006,3,jcb,152,521,13
8/31/2022,2,maestro,104,430,4
6/3/2018,3,bankcard,146,95,6
9/14/2025,2,jcb,93,15,3
1/12/2005,3,jcb,63,917,20
5/29/2011,3,mastercard,32,93,16
9/4/2006,2,jcb,19,60,1
1/18/2003,5,jcb,122,853,1
1/21/2024,3,jcb,149,822,19
7/2/2025,3,jcb,188,925,5
7/30/2011,5,diners-club-enroute,183,845,11
8/29/2009,1,mastercard,70,751,8
7/16/2012,2,jcb,91,795,11
3/24/2014,3,americanexpress,155,905,17
4/22/2002,2,switch,128,636,16
12/6/2007,1,mastercard,141,760,16
6/9/2003,5,jcb,112,381,7
10/11/2002,3,diners-club-enroute,3,211,18
5/1/2014,1,mastercard,84,23,3
7/11/2005,3,jcb,29,845,16
3/28/2008,1,maestro,64,156,5
12/19/2018,5,visa-electron,78,635,15
12/10/2012,3,mastercard,169,734,2
9/16/2010,4,jcb,51,443,20
4/12/2010,5,jcb,115,810,16
8/23/2011,2,jcb,132,387,9
2/21/2026,4,switch,28,631,13
6/17/2003,4,jcb,175,39,1
10/28/2004,5,jcb,164,964,14
7/6/2023,2,jcb,135,201,15
2/18/2015,1,americanexpress,102,810,14
6/10/2001,3,diners-club-enroute,153,774,9
5/11/2004,2,jcb,54,987,7
5/1/2022,3,jcb,101,550,20
9/8/2002,5,jcb,21,915,4
11/2/2021,2,maestro,105,983,17
10/15/2002,2,laser,105,187,7
8/25/2025,2,americanexpress,126,730,8
9/25/2025,5,jcb,65,310,7
10/12/2003,3,jcb,129,960,10
1/4/2015,5,jcb,101,289,1
5/18/2021,5,diners-club-enroute,125,454,14
5/29/2012,1,jcb,189,93,20
8/19/2015,1,diners-club-enroute,11,765,11
6/9/2006,2,maestro,23,997,11
8/26/2022,2,jcb,113,345,19
5/26/2017,1,maestro,41,532,15
8/24/2015,2,jcb,118,81,16
5/28/2007,1,solo,177,660,14
11/12/2005,4,bankcard,29,545,2
11/6/2003,3,switch,59,302,9
6/23/2011,1,jcb,43,175,11
6/29/2007,5,jcb,68,277,13
5/26/2020,1,china-unionpay,97,905,5
12/20/2023,5,diners-club-us-ca,177,204,12
9/23/2018,4,jcb,103,698,2
6/15/2006,3,jcb,22,556,19
7/10/2024,2,bankcard,6,456,18
12/13/2021,4,jcb,199,729,1
6/30/2005,4,bankcard,92,317,14
3/10/2016,1,mastercard,13,321,8
3/28/2021,2,switch,95,4,11
6/7/2004,5,jcb,13,324,5
7/5/2004,4,jcb,140,214,3
12/31/2019,1,maestro,182,484,5
12/30/2012,5,jcb,124,762,2
8/14/2020,3,jcb,34,552,2
3/25/2011,3,jcb,95,73,15
12/18/2012,2,visa-electron,25,488,20
3/10/2013,4,jcb,137,770,19
7/19/2019,2,jcb,96,706,12
7/20/2015,1,visa,163,984,2
8/16/2008,5,mastercard,82,274,10
4/19/2006,5,jcb,154,202,1
5/13/2014,2,jcb,60,926,15
12/23/2015,4,jcb,34,189,16
12/18/2005,3,switch,3,514,11
6/11/2010,5,diners-club-enroute,49,362,2
7/26/2025,1,jcb,49,828,20
3/10/2021,4,jcb,5,144,1
11/1/2012,5,jcb,192,823,16
3/23/2005,3,jcb,144,464,8
1/8/2014,1,bankcard,41,1000,5
8/26/2023,3,maestro,41,641,7
9/14/2019,4,jcb,128,895,16
6/8/2018,2,maestro,157,297,14
11/25/2007,2,diners-club-us-ca,115,98,8
6/15/2002,3,jcb,155,410,2
6/22/2017,3,americanexpress,87,140,4
1/2/2012,2,jcb,160,614,17
2/7/2006,2,jcb,5,264,15
3/11/2014,1,jcb,116,635,18
11/28/2014,4,diners-club-enroute,62,113,11
5/4/2007,5,diners-club-enroute,40,44,12
3/23/2021,2,china-unionpay,190,8,13
1/20/2016,4,jcb,125,345,7
4/18/2011,4,jcb,172,649,4
10/26/2007,3,visa-electron,104,979,15
10/17/2012,3,jcb,66,907,12
11/10/2012,1,jcb,60,608,6
8/25/2018,4,maestro,102,966,11
9/22/2018,3,jcb,114,845,19
2/22/2002,2,jcb,63,941,10
1/30/2006,4,diners-club-carte-blanche,15,598,2
11/16/2024,4,bankcard,129,356,5
9/27/2025,5,jcb,118,528,10
4/6/2008,3,switch,45,824,13
1/12/2026,1,jcb,199,170,6
5/15/2001,5,mastercard,113,775,17
11/10/2010,1,visa,188,513,11
2/11/2012,5,mastercard,87,326,12
7/3/2010,2,jcb,30,883,17
6/19/2008,1,jcb,103,426,10
10/9/2010,1,diners-club-carte-blanche,111,93,8
10/7/2002,3,jcb,86,843,19
10/28/2001,1,instapayment,121,263,12
7/4/2025,1,diners-club-carte-blanche,48,468,9
10/25/2016,2,visa-electron,7,854,12
10/22/2021,5,jcb,193,900,4
10/28/2014,3,mastercard,28,237,5
3/2/2013,2,jcb,91,439,3
9/23/2019,3,mastercard,15,599,19
1/31/2023,5,jcb,134,931,2
6/24/2005,2,maestro,21,302,4
2/25/2023,2,maestro,182,93,6
2/1/2019,4,mastercard,98,71,2
10/22/2002,4,jcb,101,77,7
1/3/2006,2,maestro,145,299,5
11/30/2020,5,jcb,33,65,10
2/6/2006,5,diners-club-enroute,84,90,9
2/3/2022,1,visa,117,469,8
2/19/2020,2,mastercard,184,133,12
11/27/2018,5,diners-club-us-ca,138,912,4
6/14/2015,4,mastercard,101,578,13
11/27/2015,1,maestro,23,427,5
1/29/2003,2,jcb,97,407,12
10/13/2022,3,jcb,91,265,1
7/12/2005,3,jcb,176,728,15
6/8/2010,1,laser,140,950,6
2/13/2018,5,maestro,46,683,4
6/28/2004,3,jcb,20,870,14
12/23/2008,1,mastercard,14,44,18
11/7/2017,1,bankcard,77,513,15
10/8/2020,4,jcb,180,290,20
2/9/2007,3,visa,25,173,12
10/6/2009,4,jcb,9,283,6
10/15/2022,1,diners-club-carte-blanche,56,3,18
7/9/2007,5,jcb,176,731,3
6/13/2023,3,visa,93,555,3
9/2/2014,5,jcb,136,129,5
1/6/2023,4,bankcard,73,978,18
11/18/2001,5,diners-club-international,64,908,10
1/26/2017,2,jcb,187,299,10
11/20/2012,5,jcb,51,366,9
12/29/2020,2,jcb,7,989,12
9/14/2021,5,jcb,88,930,18
2/8/2022,1,jcb,111,374,8
9/20/2023,3,bankcard,120,180,19
1/29/2015,2,jcb,119,53,7
1/10/2016,1,jcb,97,527,4
5/16/2017,2,diners-club-us-ca,82,352,20
8/1/2011,4,china-unionpay,10,872,10
6/24/2018,5,jcb,77,17,12
11/26/2024,4,diners-club-enroute,78,797,14
5/2/2013,5,maestro,30,963,2
10/6/2022,5,diners-club-enroute,50,309,18
12/25/2012,5,jcb,83,436,11
1/8/2010,2,jcb,35,816,10
2/11/2003,5,maestro,34,556,4
5/23/2012,1,americanexpress,58,500,15
9/7/2012,1,visa,83,207,7
3/23/2013,4,jcb,129,281,2
12/10/2001,5,jcb,11,569,1
4/18/2012,1,bankcard,112,232,17
4/28/2007,4,jcb,57,516,9
8/17/2006,2,jcb,121,629,3
7/29/2024,1,instapayment,92,307,20
7/19/2014,5,jcb,186,556,6
9/18/2002,3,instapayment,172,596,7
7/1/2006,2,jcb,192,309,19
3/14/2010,3,jcb,53,146,20
8/27/2012,3,jcb,193,728,4
8/6/2021,5,jcb,34,838,13
12/14/2015,2,diners-club-enroute,160,387,5
2/25/2023,1,jcb,144,131,18
4/20/2008,5,jcb,59,973,2
10/13/2008,5,diners-club-us-ca,70,894,18
5/26/2005,4,jcb,92,471,11
12/31/2011,5,jcb,99,700,13
7/29/2004,5,jcb,107,951,9
8/25/2006,3,jcb,136,305,14
12/15/2004,2,jcb,43,789,7
4/1/2014,1,china-unionpay,196,448,7
2/8/2007,5,diners-club-carte-blanche,27,643,13
5/28/2021,4,jcb,60,128,12
8/21/2019,1,maestro,198,882,20
7/25/2021,4,jcb,122,285,13
11/29/2004,3,visa-electron,7,916,4
2/11/2004,5,diners-club-us-ca,2,790,10
9/4/2004,5,visa-electron,106,623,4
10/15/2021,1,diners-club-enroute,52,231,16
3/12/2004,4,jcb,114,867,6
4/19/2012,4,switch,163,579,9
7/15/2007,5,maestro,140,523,9
4/19/2013,2,mastercard,74,412,17
10/10/2020,1,jcb,42,227,16
2/9/2005,1,diners-club-carte-blanche,131,191,13
11/28/2025,2,jcb,184,99,5
3/19/2022,2,americanexpress,67,108,9
11/23/2002,2,jcb,124,470,11
7/11/2006,5,maestro,128,405,14
9/24/2023,1,mastercard,98,379,10
3/1/2012,2,diners-club-enroute,90,390,20
6/12/2011,5,bankcard,128,379,3
12/27/2013,1,laser,65,693,10
11/15/2003,1,jcb,179,633,5
10/22/2012,5,visa,67,601,15
1/28/2019,1,laser,56,155,1
11/1/2012,4,jcb,117,948,10
10/18/2022,4,americanexpress,62,530,12
5/25/2007,1,laser,178,142,20
6/10/2017,3,mastercard,24,64,8
12/22/2019,3,switch,85,419,13
6/18/2009,3,visa-electron,180,108,11
7/12/2013,3,visa-electron,72,892,14
8/19/2006,2,maestro,173,334,9
10/2/2006,3,jcb,187,201,4
12/23/2008,2,americanexpress,177,208,2
8/20/2023,3,maestro,19,138,2
1/14/2011,4,jcb,58,570,15
7/28/2025,2,jcb,153,121,7
5/13/2011,1,diners-club-carte-blanche,100,496,18
6/29/2025,1,visa-electron,9,935,11
7/19/2021,4,switch,143,128,11
8/31/2025,2,jcb,160,668,6
1/25/2007,4,instapayment,129,311,2
9/6/2010,4,jcb,158,619,14
10/1/2020,3,jcb,115,371,7
9/17/2008,3,switch,20,288,13
4/30/2007,5,visa-electron,63,690,20
7/9/2002,5,instapayment,189,879,16
12/26/2003,3,switch,80,946,15
2/28/2026,2,diners-club-carte-blanche,193,272,19
4/12/2003,4,switch,74,565,13
6/9/2005,2,bankcard,167,2,18
1/13/2011,3,mastercard,47,414,11
5/6/2008,2,jcb,113,905,7
8/19/2018,1,diners-club-us-ca,165,755,7
4/13/2008,4,jcb,190,27,10
2/18/2004,1,jcb,115,681,13
3/1/2008,2,jcb,193,641,10
9/1/2012,1,jcb,57,620,20
7/25/2017,2,china-unionpay,52,593,15
4/18/2006,4,maestro,164,100,4
9/7/2023,2,jcb,112,836,16
10/5/2015,5,laser,196,138,10
5/13/2024,2,jcb,139,879,20
4/12/2011,2,bankcard,90,893,13
11/29/2019,2,diners-club-enroute,113,208,3
4/5/2024,4,diners-club-us-ca,185,527,4
2/8/2014,4,jcb,116,757,13
10/16/2014,5,switch,133,610,5
11/20/2012,2,jcb,15,997,6
7/1/2005,1,jcb,133,749,4
9/1/2012,2,diners-club-enroute,22,35,6
12/10/2024,2,mastercard,71,885,16
12/18/2022,1,diners-club-us-ca,68,46,3
11/30/2015,2,switch,65,981,11
3/26/2011,1,switch,170,362,20
11/14/2006,5,bankcard,55,39,10
3/13/2016,2,solo,134,956,20
10/16/2025,5,laser,153,751,1
12/25/2018,1,jcb,162,646,20
11/14/2007,1,americanexpress,115,446,2
1/2/2026,5,jcb,94,28,4
11/13/2014,4,jcb,176,561,20
10/12/2005,2,china-unionpay,113,118,18
4/3/2017,4,maestro,79,392,1
6/10/2018,5,mastercard,19,760,10
11/17/2018,4,jcb,14,626,2
9/6/2017,5,jcb,85,939,8
7/31/2002,3,jcb,186,686,12
8/27/2004,2,jcb,68,679,19
8/8/2001,4,jcb,56,973,6
12/25/2024,4,jcb,47,967,4
3/16/2011,2,diners-club-carte-blanche,2,396,16
6/4/2024,1,mastercard,61,42,5
7/9/2025,3,mastercard,182,812,18
12/25/2006,2,diners-club-carte-blanche,159,925,3
3/24/2011,2,jcb,137,244,16
9/28/2001,3,jcb,171,939,8
9/21/2003,3,jcb,150,118,14
2/11/2019,4,laser,184,710,5
8/9/2022,2,jcb,117,152,4
2/6/2017,5,maestro,197,900,20
3/10/2019,2,jcb,115,445,14
10/14/2005,5,china-unionpay,171,83,13
1/8/2016,2,mastercard,193,366,13
4/12/2012,1,jcb,197,27,9
3/13/2003,2,jcb,32,654,12
3/15/2017,2,china-unionpay,138,926,8
9/30/2024,4,jcb,87,408,3
12/23/2021,3,mastercard,131,95,14
12/12/2024,3,americanexpress,66,149,8
10/18/2007,3,jcb,154,557,7
7/5/2008,4,diners-club-enroute,138,531,18
6/16/2004,3,switch,80,858,8
4/26/2022,3,americanexpress,140,111,15
12/15/2022,5,jcb,33,458,7
7/14/2022,5,visa-electron,119,940,5
7/10/2012,3,jcb,97,123,19
8/3/2004,3,jcb,36,846,10
3/15/2008,4,instapayment,25,492,20
9/20/2025,4,diners-club-enroute,13,326,15
1/4/2004,1,jcb,112,603,16
6/16/2010,1,diners-club-carte-blanche,60,124,17
6/2/2007,2,jcb,128,381,13
4/10/2024,3,jcb,84,764,18
7/29/2001,2,maestro,193,89,19
1/31/2005,4,solo,7,892,2
9/28/2007,5,maestro,173,848,17
7/10/2012,1,maestro,43,610,20
9/14/2023,3,mastercard,74,518,9
7/5/2010,1,switch,16,113,18
2/23/2008,4,jcb,133,249,19
11/25/2008,3,jcb,146,667,18
10/24/2016,3,maestro,85,81,6
12/23/2025,2,jcb,84,169,15
6/20/2017,3,jcb,34,341,19
8/6/2016,2,mastercard,122,610,14
8/1/2024,5,mastercard,82,929,6
10/7/2024,3,jcb,16,424,18
6/7/2003,1,laser,101,926,16
10/4/2023,4,visa,26,579,13
4/20/2008,2,diners-club-enroute,88,79,3
6/3/2013,4,jcb,56,320,8
10/27/2006,3,maestro,50,514,14
9/6/2008,5,maestro,146,825,13
5/18/2014,2,mastercard,2,213,17
10/5/2024,2,maestro,38,792,11
6/3/2025,1,americanexpress,135,35,4
2/3/2021,5,jcb,43,297,15
2/21/2022,4,mastercard,173,164,15
2/26/2007,4,jcb,172,32,2
7/22/2004,5,jcb,184,836,18
3/29/2012,4,jcb,28,160,2
11/14/2012,4,instapayment,92,861,11
12/15/2001,4,jcb,125,303,2
12/16/2021,5,china-unionpay,182,42,7
8/6/2006,3,china-unionpay,194,741,11
12/29/2017,2,switch,10,379,10
10/4/2021,1,solo,21,258,17
2/16/2013,4,jcb,79,762,2
8/2/2015,3,visa,107,292,10
2/26/2008,5,china-unionpay,43,12,8
6/27/2013,2,jcb,64,449,14
4/8/2016,3,jcb,41,79,16
8/27/2015,3,jcb,30,175,10
12/16/2018,4,jcb,124,366,14
7/10/2008,3,laser,140,792,8
10/6/2016,4,diners-club-carte-blanche,137,256,10
4/6/2014,1,jcb,82,162,3
10/21/2009,4,visa-electron,171,604,17
4/1/2019,5,jcb,164,627,7
12/11/2023,5,china-unionpay,69,881,5
11/25/2006,3,solo,14,149,13
10/16/2006,1,jcb,186,897,17
9/17/2003,4,jcb,126,982,7
8/29/2013,4,china-unionpay,9,834,15
1/18/2026,4,jcb,165,872,11
1/28/2004,4,visa-electron,96,328,14
8/7/2016,1,jcb,102,656,15
9/6/2001,2,jcb,144,798,1
9/28/2017,2,jcb,32,481,18
2/7/2021,4,maestro,87,965,8
4/18/2009,4,visa-electron,182,867,18
9/15/2010,5,laser,182,941,16
10/24/2008,5,bankcard,32,627,2
6/12/2017,5,maestro,101,392,1
9/21/2012,3,jcb,199,417,4
6/24/2015,5,mastercard,44,496,1
7/28/2019,3,jcb,189,641,4
1/15/2024,5,switch,64,71,11
7/21/2021,1,jcb,72,442,14
5/24/2015,2,americanexpress,192,722,15
7/2/2012,5,jcb,144,61,6
5/31/2024,3,mastercard,137,326,4
4/7/2015,5,laser,141,67,10
4/8/2010,1,mastercard,189,710,6
6/21/2017,1,jcb,53,869,6
5/30/2022,4,instapayment,74,535,9
3/18/2024,3,jcb,129,547,14
12/5/2015,1,maestro,118,677,9
12/19/2010,5,maestro,39,279,2
10/4/2004,4,jcb,9,382,5
12/1/2017,1,jcb,66,81,4
7/19/2020,5,jcb,56,746,1
6/17/2023,3,china-unionpay,45,452,4
11/30/2012,5,jcb,188,243,10
7/29/2016,4,diners-club-enroute,18,785,13
5/31/2018,2,mastercard,33,952,10
11/5/2011,5,americanexpress,132,983,9
4/3/2025,1,switch,84,419,8
2/10/2026,1,laser,64,406,13
4/30/2020,5,china-unionpay,174,849,3
11/4/2014,1,china-unionpay,106,601,14
8/11/2015,3,jcb,104,523,20
11/26/2004,3,visa,153,81,10
5/15/2019,1,jcb,1,412,3
1/23/2011,5,switch,149,668,20
8/1/2025,5,jcb,57,708,20
11/1/2008,1,mastercard,59,88,19
8/7/2007,1,bankcard,102,364,12
3/25/2019,5,maestro,4,362,18
11/23/2024,2,jcb,176,641,8
5/9/2003,1,jcb,28,244,1
6/2/2002,2,visa-electron,102,90,19
4/14/2013,5,maestro,160,128,15
3/1/2012,3,mastercard,151,82,19
9/13/2012,5,diners-club-international,163,888,20
12/25/2024,2,jcb,170,131,8
3/22/2011,5,jcb,180,260,8
1/18/2007,5,diners-club-enroute,100,88,3
3/2/2026,3,bankcard,45,872,4
4/16/2006,3,jcb,88,168,2
1/23/2003,4,jcb,58,952,14
5/4/2022,4,diners-club-enroute,200,173,4
8/13/2024,3,mastercard,151,610,10
5/16/2005,5,jcb,88,879,4
2/20/2023,1,jcb,117,884,8
5/13/2007,2,switch,11,54,10
8/6/2022,3,americanexpress,122,785,13
10/8/2008,3,jcb,51,626,4
10/23/2023,3,visa-electron,67,528,15
1/12/2020,3,china-unionpay,158,788,18
2/18/2002,5,jcb,129,385,5
3/10/2019,3,jcb,11,972,18
3/28/2021,5,diners-club-enroute,92,718,13
11/9/2002,2,switch,5,520,8
1/7/2018,3,bankcard,122,97,1
9/11/2009,5,mastercard,191,652,14
9/7/2021,1,mastercard,78,180,14
1/1/2009,5,visa,103,822,16
4/5/2010,5,mastercard,166,437,20
12/30/2008,2,americanexpress,88,520,3
11/6/2018,1,visa-electron,18,30,10
5/10/2009,2,jcb,188,812,20
10/26/2014,2,jcb,12,162,16
10/9/2020,4,switch,8,742,11
9/19/2010,2,jcb,117,555,14
1/14/2026,5,switch,97,349,1
1/10/2013,2,switch,181,608,12
4/25/2005,5,jcb,10,22,18
1/25/2008,5,jcb,29,307,2
7/11/2017,2,jcb,131,398,16
5/15/2008,1,jcb,39,974,3
12/8/2012,4,americanexpress,27,178,10
8/11/2003,1,jcb,147,723,5
11/29/2013,5,instapayment,139,805,6
7/21/2025,5,laser,63,539,9
10/7/2025,3,jcb,18,896,18
12/2/2002,4,switch,37,482,19
4/26/2003,4,diners-club-carte-blanche,112,549,4
9/2/2015,5,jcb,185,559,18
11/17/2001,5,visa,53,125,18
2/25/2022,5,jcb,136,167,9
12/26/2002,1,jcb,178,694,5
3/29/2009,5,jcb,18,740,2
7/13/2014,3,jcb,94,1,20
2/1/2004,3,jcb,44,42,13
4/4/2023,4,mastercard,4,617,20
10/11/2002,5,mastercard,150,728,6
4/14/2026,1,diners-club-enroute,50,669,14
5/15/2019,1,jcb,102,720,4
2/7/2012,5,jcb,143,290,6
11/23/2023,2,jcb,103,83,19
11/11/2024,2,diners-club-carte-blanche,91,648,17
5/29/2018,4,jcb,133,326,5
8/2/2012,1,jcb,176,878,19
1/26/2020,3,visa,159,952,2
2/21/2012,5,mastercard,129,954,2
4/25/2008,5,jcb,126,63,5
6/30/2005,3,jcb,36,814,16
5/15/2009,2,americanexpress,22,35,8
5/21/2022,1,jcb,102,883,2
4/4/2020,1,jcb,33,949,3
10/7/2013,2,jcb,180,466,18
6/2/2014,5,jcb,20,535,14
10/2/2010,2,mastercard,33,494,11
6/20/2017,4,mastercard,48,236,3
11/17/2002,1,china-unionpay,89,36,20
11/3/2010,4,jcb,81,848,14
6/10/2020,5,mastercard,102,932,2
10/21/2022,3,jcb,25,387,4
6/26/2006,3,jcb,45,615,18
6/5/2008,5,maestro,161,811,14
7/30/2010,3,jcb,79,649,16
12/14/2019,4,mastercard,72,596,15
5/25/2002,2,americanexpress,69,607,17
10/31/2002,2,americanexpress,144,231,8
12/8/2014,3,switch,107,395,3
12/11/2022,2,americanexpress,110,651,9
12/15/2014,5,jcb,99,124,11
3/14/2008,5,jcb,149,894,19
8/26/2009,3,diners-club-carte-blanche,24,83,11
8/27/2017,2,instapayment,79,669,5
4/25/2007,1,jcb,11,19,10
9/30/2004,4,diners-club-carte-blanche,184,672,13
6/15/2009,2,jcb,5,72,20
8/17/2016,2,jcb,111,366,1
2/5/2009,3,jcb,144,313,1
6/13/2018,5,laser,10,73,19
3/30/2024,5,visa-electron,175,87,12
7/15/2014,5,diners-club-carte-blanche,33,496,16
10/2/2009,4,diners-club-carte-blanche,158,862,5
4/14/2018,4,maestro,65,409,2
1/24/2008,3,visa-electron,100,985,10
12/11/2015,1,diners-club-enroute,108,512,1
3/18/2021,3,jcb,177,492,1
4/16/2026,2,mastercard,98,304,18
5/4/2010,1,diners-club-enroute,83,676,20
1/2/2020,4,jcb,62,349,17
1/15/2012,3,maestro,110,727,4
12/28/2002,3,jcb,159,727,11
11/10/2006,2,jcb,54,66,15
1/19/2018,2,solo,43,99,15
8/11/2007,2,diners-club-enroute,21,24,8
1/8/2021,4,jcb,156,719,1
12/9/2020,5,maestro,122,328,20
3/19/2020,5,jcb,3,273,2
6/7/2001,3,diners-club-international,159,70,5
10/29/2022,5,bankcard,157,597,6
8/26/2010,5,jcb,57,56,1
11/21/2004,3,americanexpress,190,275,6
7/23/2020,4,switch,33,623,18
1/21/2008,4,china-unionpay,127,315,1
10/12/2015,1,jcb,77,496,4
2/1/2012,5,americanexpress,112,44,1
5/10/2017,4,mastercard,190,685,2
5/5/2014,3,jcb,77,858,1
1/28/2012,4,jcb,30,463,3
9/2/2018,2,visa-electron,34,296,19
6/19/2008,3,jcb,196,826,1
2/27/2024,3,diners-club-carte-blanche,46,699,4
7/6/2022,2,jcb,178,546,2
4/4/2005,3,americanexpress,56,483,13
12/19/2020,3,diners-club-us-ca,164,110,7
6/13/2017,2,jcb,108,706,4
4/7/2024,4,visa,152,841,6
8/13/2005,5,jcb,55,350,15
8/26/2025,5,bankcard,77,908,18
1/15/2010,1,americanexpress,151,191,13
7/30/2025,1,jcb,173,718,2
4/15/2017,5,bankcard,59,986,4
11/5/2004,2,bankcard,49,835,15
12/5/2005,1,jcb,118,666,19
10/20/2013,1,jcb,5,374,20
3/26/2018,4,jcb,15,370,20
8/30/2006,2,switch,184,40,17
11/18/2025,2,jcb,165,436,8
7/18/2004,4,jcb,145,306,17
7/30/2020,5,jcb,180,986,3
7/11/2002,3,jcb,197,702,20
5/10/2008,1,jcb,124,992,4
10/24/2014,1,mastercard,92,864,7
2/21/2024,5,visa,5,249,14
1/14/2009,1,jcb,156,793,13
5/30/2002,3,mastercard,140,555,15
10/2/2004,4,visa,10,906,19
1/15/2013,1,mastercard,100,604,1
7/14/2025,3,mastercard,51,951,18
10/15/2023,4,jcb,32,360,10
3/22/2012,2,bankcard,41,775,11
2/1/2024,2,diners-club-carte-blanche,119,117,12
12/7/2012,3,solo,2,813,15
5/27/2017,4,jcb,66,114,6
1/19/2025,2,jcb,10,139,4
6/5/2006,4,laser,73,833,17
11/14/2001,4,jcb,63,247,11
11/10/2024,3,china-unionpay,187,340,1
5/12/2008,4,visa-electron,21,569,10
5/6/2018,4,switch,77,138,18
8/24/2009,1,visa-electron,105,84,7
12/12/2011,5,maestro,36,895,17
7/27/2014,5,laser,106,325,13
7/22/2020,4,jcb,60,859,1
9/7/2003,4,visa,24,46,15
5/27/2023,3,jcb,92,163,6
12/24/2007,4,mastercard,37,950,17
2/23/2009,5,solo,71,333,10
3/27/2002,2,jcb,195,556,8
5/8/2008,1,instapayment,109,166,19
3/10/2016,1,jcb,171,347,16
9/4/2003,2,americanexpress,78,421,10
5/4/2021,2,diners-club-carte-blanche,194,18,6
9/10/2022,2,bankcard,166,700,20
2/13/2008,5,jcb,8,893,18
4/4/2016,1,diners-club-enroute,184,174,14
10/12/2009,2,jcb,51,55,3
12/6/2002,3,americanexpress,108,868,11
5/26/2006,3,diners-club-enroute,37,814,16
8/10/2019,5,jcb,102,322,4
5/17/2001,4,switch,128,565,19
1/29/2017,4,jcb,70,440,3
11/13/2013,2,bankcard,52,177,8
9/13/2014,1,jcb,90,465,12
7/13/2019,1,maestro,15,124,7
6/20/2025,1,diners-club-carte-blanche,27,48,16
1/29/2007,4,maestro,117,566,16
10/30/2011,3,diners-club-international,161,820,4
5/7/2010,2,bankcard,48,4,3
8/9/2019,5,jcb,89,632,20
12/25/2001,1,jcb,156,231,5
6/19/2024,3,diners-club-enroute,12,297,6
1/8/2023,1,jcb,14,682,10
1/20/2014,4,visa,40,207,8
6/8/2022,3,jcb,7,337,15
4/4/2007,1,maestro,141,17,16
7/14/2005,3,jcb,169,512,17
9/29/2015,3,diners-club-carte-blanche,34,787,9
8/26/2024,3,switch,113,20,9
1/16/2002,4,jcb,173,684,10
11/8/2007,4,china-unionpay,141,59,16
9/24/2009,2,maestro,112,584,6
3/9/2009,1,jcb,189,646,16
5/14/2007,4,china-unionpay,156,327,19
2/13/2022,1,jcb,168,458,4
6/14/2012,2,switch,73,392,2
3/16/2019,1,jcb,47,595,9
10/21/2010,4,jcb,62,962,5
4/3/2019,2,diners-club-enroute,179,98,8
6/25/2019,3,jcb,28,128,3
5/13/2019,5,visa,19,719,10
7/2/2021,4,mastercard,28,131,17
5/15/2011,5,jcb,149,806,18
2/11/2005,2,visa,175,779,6
12/2/2021,3,americanexpress,104,847,1
11/24/2025,1,jcb,194,507,3
2/2/2006,2,jcb,107,639,15
7/26/2010,5,diners-club-us-ca,8,53,4
3/1/2023,1,jcb,12,173,11
8/14/2022,4,maestro,107,357,16
6/7/2011,3,jcb,17,509,16
2/8/2022,2,instapayment,72,483,5
4/19/2006,4,visa-electron,34,360,13
2/12/2020,2,switch,42,585,10
7/10/2006,5,diners-club-enroute,36,407,1
9/4/2017,2,switch,147,802,4
9/29/2009,4,diners-club-enroute,162,101,13
1/5/2002,5,jcb,107,313,1
9/15/2015,2,bankcard,51,486,13
10/17/2003,2,jcb,11,7,6
8/2/2010,5,switch,115,43,5
4/4/2023,2,maestro,62,815,4
4/21/2015,1,jcb,17,777,5
12/24/2001,4,mastercard,75,630,4
4/1/2014,1,jcb,25,263,17
5/5/2019,3,maestro,95,320,19
12/7/2012,4,jcb,69,845,4
5/16/2002,5,visa,176,217,17
12/31/2003,5,visa-electron,50,632,16
7/29/2022,5,china-unionpay,133,526,5
1/6/2011,1,jcb,155,550,18
3/16/2022,2,laser,84,275,1
2/2/2009,1,instapayment,170,623,16
1/13/2015,1,americanexpress,34,76,10
5/29/2017,1,jcb,118,116,8
3/13/2007,2,jcb,99,970,9
8/25/2004,3,mastercard,8,900,13
12/1/2008,5,bankcard,60,692,9
1/11/2007,3,jcb,116,156,15
12/2/2011,5,bankcard,148,561,10
4/6/2006,1,jcb,160,22,13
6/3/2014,3,jcb,39,876,2
7/19/2014,1,jcb,31,21,6
10/15/2016,5,jcb,124,220,5
4/2/2023,3,maestro,184,882,10
10/19/2001,4,jcb,181,373,4
4/24/2003,4,diners-club-carte-blanche,73,317,18
10/31/2008,3,americanexpress,75,857,12
7/23/2001,2,jcb,86,779,14
12/4/2024,5,jcb,60,499,8
12/20/2025,1,china-unionpay,103,42,7
3/9/2025,5,visa,114,162,3
7/11/2009,3,jcb,3,928,10
12/26/2012,5,instapayment,111,50,16
7/27/2019,2,china-unionpay,23,323,2
6/17/2025,5,bankcard,123,85,15
3/25/2009,2,mastercard,163,779,19
9/28/2006,5,diners-club-carte-blanche,28,476,4
3/27/2007,5,switch,180,978,4
11/28/2017,2,jcb,100,896,1
6/2/2004,1,jcb,82,292,14
9/25/2014,4,switch,58,134,19
9/29/2001,4,maestro,199,8,15
5/11/2025,2,visa,15,115,7
3/28/2014,5,bankcard,120,724,5
11/15/2003,5,visa,198,179,17
9/12/2022,2,jcb,111,193,7
3/29/2022,1,jcb,109,803,9
9/15/2007,3,maestro,158,537,2
12/15/2009,4,maestro,184,911,13
5/24/2002,5,diners-club-enroute,106,591,7
10/11/2021,1,jcb,119,156,12
4/12/2014,4,jcb,9,374,17
9/13/2016,3,jcb,131,112,19
4/2/2005,3,jcb,29,644,20
11/7/2012,3,jcb,65,342,11
6/10/2004,3,jcb,45,448,4
3/1/2003,1,diners-club-us-ca,128,344,8
12/10/2017,5,diners-club-carte-blanche,53,407,8
6/5/2006,4,jcb,175,23,5
10/24/2005,4,switch,85,241,19
10/9/2008,2,jcb,136,623,7
10/27/2007,2,mastercard,64,578,14
3/4/2022,1,diners-club-enroute,199,684,20
3/19/2025,2,jcb,34,166,11
12/23/2009,2,bankcard,200,301,7
1/23/2003,5,diners-club-enroute,169,552,13
7/7/2023,1,diners-club-carte-blanche,105,861,2
11/6/2006,3,americanexpress,175,429,17
4/15/2005,4,jcb,16,133,18
11/26/2025,5,jcb,162,332,5
5/30/2011,4,jcb,200,822,3
4/14/2026,5,china-unionpay,2,725,4
9/20/2007,1,mastercard,93,537,19
2/1/2021,2,americanexpress,22,108,7
6/29/2025,2,jcb,74,607,11
2/25/2012,2,diners-club-carte-blanche,20,185,6
11/19/2019,2,laser,163,250,1
12/5/2022,2,china-unionpay,64,795,8
1/25/2011,3,maestro,139,676,2
8/29/2019,3,bankcard,7,722,13
12/20/2014,5,maestro,131,841,8
11/29/2012,5,jcb,94,644,16
5/22/2009,1,jcb,102,292,1
9/15/2001,5,jcb,14,566,12
10/16/2022,4,jcb,148,764,3
2/21/2004,4,jcb,184,926,1
3/9/2005,3,switch,161,604,15
1/11/2026,2,diners-club-carte-blanche,155,166,5
11/21/2023,5,mastercard,1,100,5
2/13/2020,4,visa-electron,122,713,4
7/25/2003,3,americanexpress,27,631,13
9/3/2001,2,jcb,106,321,17
2/6/2004,4,solo,54,857,2
8/4/2021,2,diners-club-us-ca,63,99,6
4/10/2026,2,maestro,60,475,20
2/15/2019,1,jcb,47,298,3
10/15/2022,5,switch,105,138,10
3/30/2013,1,jcb,58,192,5
3/13/2009,5,maestro,182,492,6
6/21/2004,2,jcb,89,62,16
3/8/2009,5,jcb,81,569,7
1/23/2007,3,jcb,10,257,2
3/26/2019,2,jcb,191,586,17
12/3/2025,3,jcb,127,823,12
7/5/2017,2,jcb,176,511,20
1/6/2003,4,mastercard,84,589,9
6/23/2012,1,diners-club-carte-blanche,174,876,5
6/16/2020,2,switch,187,29,15
10/9/2008,1,diners-club-carte-blanche,196,57,20
11/9/2021,4,maestro,30,768,8
4/2/2010,3,jcb,109,318,3
5/17/2015,3,mastercard,89,611,15
1/16/2021,4,jcb,154,144,20
3/4/2004,5,visa-electron,151,172,20
6/13/2009,5,jcb,134,432,16
12/18/2020,4,jcb,74,329,6
6/4/2001,1,diners-club-carte-blanche,26,744,17
7/14/2002,1,visa,54,636,8
5/26/2018,5,diners-club-enroute,69,867,13
2/7/2004,3,jcb,61,889,12
2/8/2005,4,jcb,100,111,5
5/2/2009,4,mastercard,90,866,1
10/30/2017,2,diners-club-enroute,195,812,18
6/22/2003,4,jcb,96,386,12
8/10/2013,5,americanexpress,200,365,14
12/25/2008,4,jcb,144,834,1
12/12/2018,4,jcb,49,624,1
2/19/2003,5,china-unionpay,124,458,17
2/12/2016,3,mastercard,84,632,14
3/21/2009,5,diners-club-carte-blanche,109,203,12
1/15/2026,5,jcb,15,256,7
5/6/2018,1,switch,183,354,16
2/20/2017,3,maestro,136,594,19
9/26/2012,3,diners-club-carte-blanche,39,117,19
3/27/2014,2,jcb,186,153,19
11/8/2015,3,jcb,28,8,13
5/26/2001,3,jcb,118,550,20
10/26/2012,5,china-unionpay,182,320,15
5/23/2023,1,switch,27,245,13
11/17/2007,2,switch,92,675,5
8/7/2011,2,jcb,135,58,19
10/15/2024,1,americanexpress,157,892,20
11/17/2007,1,visa,131,778,18
11/6/2003,2,diners-club-enroute,81,206,14
1/2/2006,1,jcb,100,500,4
5/6/2020,4,mastercard,181,378,14
7/5/2020,1,jcb,175,665,7
9/13/2020,3,mastercard,196,472,16
2/17/2020,1,china-unionpay,65,970,18
12/7/2008,4,jcb,88,187,5
12/14/2015,4,switch,11,673,18
2/1/2003,2,americanexpress,170,486,2
9/26/2020,3,jcb,143,350,11
6/20/2008,3,jcb,159,535,6
8/1/2001,4,bankcard,197,844,2
6/19/2021,1,bankcard,74,78,14
6/20/2010,1,jcb,165,185,9
3/3/2002,1,jcb,38,401,6
6/16/2007,1,bankcard,71,59,4
8/9/2007,4,mastercard,91,391,13
10/31/2020,5,jcb,40,61,6
6/1/2011,3,visa-electron,154,626,11
7/8/2005,3,visa,143,134,5
6/25/2010,4,americanexpress,137,273,19
8/14/2002,1,visa-electron,175,842,12
11/4/2008,1,americanexpress,197,389,5
3/31/2020,4,mastercard,19,293,6
1/8/2006,3,switch,108,258,1
3/15/2026,3,diners-club-us-ca,65,218,11
4/23/2010,3,switch,127,636,10
3/17/2003,3,diners-club-carte-blanche,99,448,4
5/7/2004,5,jcb,195,19,7
8/19/2006,1,mastercard,98,569,8
9/15/2004,4,visa-electron,80,992,6
9/24/2005,2,mastercard,56,207,12
6/24/2013,4,diners-club-international,46,47,1
7/11/2018,2,mastercard,166,979,18
2/9/2026,4,americanexpress,96,518,14
10/20/2022,2,jcb,199,515,19
8/21/2023,5,jcb,146,500,11
5/31/2008,4,mastercard,44,993,14
3/21/2022,1,bankcard,47,322,1
10/12/2008,5,china-unionpay,128,849,18
7/1/2016,5,americanexpress,167,846,7
1/18/2003,3,diners-club-enroute,127,554,11
9/4/2012,1,diners-club-carte-blanche,28,374,18
5/4/2025,3,mastercard,66,948,4
7/21/2009,5,diners-club-enroute,61,327,13
11/26/2020,3,jcb,165,246,19
11/15/2009,1,visa-electron,136,432,7
6/30/2007,1,jcb,22,892,10
7/3/2008,5,mastercard,121,614,7
6/26/2017,1,jcb,125,122,13
3/29/2002,5,jcb,149,378,11
3/28/2004,4,diners-club-us-ca,124,111,8
8/20/2025,2,jcb,33,666,15
1/11/2007,1,china-unionpay,22,610,11
2/28/2006,2,switch,50,59,9
11/9/2018,2,jcb,119,635,15
12/20/2016,1,jcb,180,875,7
8/24/2014,2,americanexpress,143,74,11
7/11/2016,4,americanexpress,157,880,3
1/29/2019,1,jcb,101,541,7
9/21/2012,5,jcb,120,106,12
7/5/2024,2,diners-club-enroute,123,881,11
7/12/2023,1,jcb,62,119,10
5/25/2018,2,bankcard,35,734,20
12/28/2025,3,diners-club-us-ca,128,447,18
12/9/2017,2,mastercard,37,425,18
12/24/2022,2,jcb,65,644,15
2/23/2015,5,jcb,68,471,14
2/9/2020,4,visa,42,568,8
6/22/2024,1,jcb,42,21,7
6/14/2011,2,americanexpress,132,139,10
8/26/2021,5,china-unionpay,187,96,9
7/5/2025,5,jcb,79,349,6
6/11/2019,4,jcb,197,838,6
7/25/2007,5,mastercard,193,188,17
5/3/2008,3,jcb,133,967,6
8/20/2025,1,americanexpress,188,945,14
11/6/2025,1,jcb,185,967,14
9/20/2007,5,jcb,131,450,1
8/12/2005,1,jcb,53,860,10
1/30/2013,5,maestro,149,457,9
1/31/2006,2,jcb,166,190,4
1/21/2014,5,diners-club-enroute,35,674,9
1/23/2009,3,maestro,55,831,6
4/11/2015,5,visa,146,372,6
5/9/2006,3,maestro,186,329,4
12/6/2004,4,laser,133,563,9
1/16/2025,3,maestro,100,324,9
9/16/2006,1,bankcard,18,522,9
9/23/2011,3,jcb,42,471,10
1/14/2023,1,switch,28,953,11
2/24/2005,4,mastercard,45,26,19
5/16/2008,4,jcb,80,730,11
10/16/2013,5,jcb,188,334,4
1/3/2009,4,visa-electron,100,591,10
9/5/2022,2,jcb,46,477,3
8/25/2007,4,diners-club-enroute,114,613,14
5/19/2008,1,americanexpress,127,615,18
2/9/2020,5,visa-electron,146,261,9
3/16/2008,3,visa-electron,28,109,12
9/21/2010,5,china-unionpay,119,757,1
4/5/2011,5,solo,45,145,9
8/21/2006,1,laser,135,702,5
8/19/2010,3,switch,146,601,19
2/5/2020,2,jcb,144,543,5
8/10/2022,5,mastercard,140,757,5
4/23/2014,2,maestro,173,952,5
2/21/2025,4,jcb,167,190,16
7/30/2017,2,jcb,102,351,2
7/3/2014,2,jcb,63,506,12
1/18/2019,3,bankcard,2,576,18
12/21/2020,2,laser,22,356,4
11/9/2023,1,jcb,23,962,3
12/9/2013,5,diners-club-carte-blanche,65,937,19
6/7/2019,5,jcb,150,436,2
4/27/2014,1,visa,197,32,12
5/8/2016,4,visa-electron,121,997,10
1/23/2020,5,americanexpress,61,430,15
6/8/2022,3,bankcard,116,567,9
7/10/2012,5,switch,44,758,14
2/8/2019,1,diners-club-us-ca,190,855,6
2/21/2018,3,china-unionpay,71,400,1
4/26/2022,3,jcb,195,296,20
8/29/2013,5,mastercard,166,891,4
7/29/2018,3,americanexpress,53,14,12
1/23/2026,3,jcb,98,709,7
6/29/2004,5,americanexpress,87,983,1
2/1/2016,5,jcb,145,133,2
4/25/2017,5,laser,99,67,1
5/6/2005,2,jcb,104,513,2
7/5/2008,1,diners-club-carte-blanche,3,448,19
8/28/2004,5,switch,10,335,5
5/27/2003,1,jcb,186,664,4
7/20/2008,5,jcb,157,752,4
10/28/2016,4,jcb,85,863,3
3/29/2007,2,jcb,197,50,4
3/16/2026,5,jcb,115,628,7
7/29/2013,2,jcb,93,573,11
8/19/2019,5,jcb,31,165,17
5/4/2010,3,jcb,55,856,11
10/13/2008,2,mastercard,124,709,2
2/3/2024,4,bankcard,55,570,6
9/30/2006,2,jcb,63,71,4
1/10/2013,3,bankcard,95,675,8
10/31/2002,3,jcb,125,869,16
5/21/2011,4,jcb,173,283,6
7/9/2018,1,jcb,160,285,2
6/5/2015,1,jcb,159,749,20
6/25/2009,4,switch,47,501,4
7/28/2020,3,laser,79,723,16
1/29/2024,1,switch,1,459,4
3/19/2006,4,switch,41,946,15
5/5/2007,4,mastercard,97,957,11
2/9/2002,2,maestro,67,935,2
6/27/2007,4,solo,188,852,14
1/20/2021,3,mastercard,26,510,19
11/27/2015,2,diners-club-carte-blanche,176,591,11
12/16/2019,2,jcb,57,789,12
6/19/2012,2,jcb,100,243,18
9/14/2003,2,diners-club-us-ca,41,59,17
11/14/2008,2,jcb,43,920,3
6/11/2022,2,diners-club-carte-blanche,162,804,14
5/5/2023,3,americanexpress,141,405,17
6/30/2015,4,jcb,19,154,11
2/19/2002,4,diners-club-carte-blanche,200,298,1
12/29/2022,4,jcb,157,89,7
1/30/2026,4,mastercard,111,313,8
3/2/2002,2,mastercard,23,625,4
2/17/2007,5,bankcard,148,20,10
5/25/2016,5,mastercard,110,41,1
4/11/2009,2,visa,115,227,20
11/2/2004,1,jcb,81,854,15
3/28/2011,3,jcb,5,710,19
6/8/2002,3,jcb,42,121,14
3/26/2011,2,diners-club-international,33,34,15
10/8/2010,3,mastercard,96,38,14
11/11/2005,1,instapayment,159,307,6
4/14/2003,5,visa,52,135,2
7/26/2023,5,jcb,140,957,2
10/23/2008,4,jcb,51,4,12
3/6/2016,1,maestro,164,32,4
6/19/2021,1,mastercard,28,605,3
11/22/2019,2,jcb,197,188,12
4/10/2004,4,americanexpress,98,338,10
4/24/2023,5,jcb,157,691,18
8/12/2022,1,jcb,60,271,1
3/24/2004,4,diners-club-carte-blanche,101,676,3
7/6/2021,2,jcb,17,207,10
3/29/2022,2,jcb,144,560,17
5/13/2009,3,china-unionpay,28,251,20
10/27/2009,5,jcb,53,567,12
8/20/2006,1,maestro,149,42,13
3/1/2020,2,jcb,54,454,13
6/14/2003,1,visa,176,317,14
10/5/2004,3,maestro,85,851,17
9/20/2008,4,switch,120,470,20
2/21/2024,4,jcb,37,257,17
8/12/2022,1,visa-electron,12,780,2
2/5/2013,4,maestro,16,644,15
3/21/2015,4,switch,59,558,6
1/5/2003,5,jcb,128,105,6
10/2/2008,1,diners-club-carte-blanche,195,235,9
1/5/2008,1,bankcard,49,781,20
10/17/2001,3,bankcard,31,306,13
11/30/2007,3,jcb,63,84,1
6/13/2013,4,bankcard,200,448,18
5/17/2007,1,jcb,81,119,9
12/26/2004,4,switch,196,537,17
5/22/2008,3,americanexpress,126,879,7
11/8/2023,4,maestro,61,435,8
12/1/2001,5,diners-club-us-ca,62,758,7
8/6/2001,3,diners-club-enroute,46,528,1
5/3/2012,4,china-unionpay,155,104,2
11/12/2018,4,mastercard,34,859,6
7/12/2002,3,bankcard,61,756,8
7/8/2005,2,jcb,126,484,18
12/2/2017,5,jcb,11,362,13
5/25/2017,5,diners-club-international,60,971,18
8/20/2006,5,instapayment,44,335,4
7/4/2017,2,bankcard,50,760,18
9/20/2025,5,jcb,17,908,12
9/17/2003,4,jcb,29,402,8
7/12/2025,1,jcb,186,180,10
2/12/2013,3,visa-electron,91,631,14
6/12/2022,2,jcb,45,579,17
9/29/2010,1,china-unionpay,140,371,15
10/26/2020,3,jcb,126,21,16
5/10/2001,2,laser,100,864,18
6/20/2008,2,jcb,200,861,3
3/31/2013,4,solo,199,232,3
5/30/2004,4,visa-electron,31,522,19
12/28/2007,5,jcb,1,13,15
12/10/2009,4,switch,157,886,4
3/28/2011,2,jcb,5,170,13
10/14/2022,2,jcb,31,433,14
5/15/2016,1,visa-electron,83,475,18
6/6/2025,3,visa-electron,174,492,20
5/18/2001,3,jcb,100,408,11
12/10/2024,1,jcb,55,706,5
8/16/2016,3,jcb,11,607,4
4/8/2009,2,visa,110,537,15
3/18/2010,2,jcb,99,146,5
7/23/2004,5,diners-club-us-ca,199,433,1
8/19/2002,1,jcb,178,821,2
3/20/2010,2,jcb,62,192,13
1/13/2003,2,americanexpress,7,805,18
3/6/2011,5,jcb,31,423,17
8/18/2024,3,americanexpress,127,402,10
5/22/2013,5,laser,135,496,8
2/18/2011,3,diners-club-carte-blanche,16,583,6
4/15/2009,2,switch,193,852,2
7/4/2001,5,switch,116,204,8
11/14/2001,5,instapayment,9,546,1
10/1/2008,4,jcb,182,307,14
11/17/2011,4,jcb,106,226,20
2/27/2014,2,visa,83,322,1
9/28/2011,2,jcb,53,696,15
12/3/2009,2,jcb,139,81,13
12/13/2017,5,jcb,150,951,2
7/10/2013,1,jcb,64,54,4
12/18/2023,5,diners-club-enroute,123,477,6
12/26/2012,4,jcb,163,988,17
10/24/2023,2,jcb,154,863,11
11/19/2004,3,china-unionpay,79,811,2
11/2/2018,1,americanexpress,109,412,1
7/3/2018,5,jcb,183,651,20
4/9/2018,3,jcb,151,974,14
12/17/2002,4,diners-club-enroute,102,555,3
10/28/2021,2,jcb,127,5,12
3/27/2002,2,switch,14,623,9
3/7/2021,4,diners-club-international,147,533,20
9/12/2006,2,jcb,189,22,3
12/12/2022,3,jcb,63,223,8
11/22/2014,2,jcb,14,203,4
8/29/2001,3,jcb,147,77,10
5/14/2014,2,diners-club-carte-blanche,8,234,17
11/30/2011,1,jcb,56,244,17
11/26/2006,4,switch,112,248,6
4/4/2011,5,mastercard,72,235,16
7/19/2023,5,maestro,81,561,6
6/17/2011,5,jcb,152,644,13
12/16/2003,1,maestro,176,863,19
2/23/2013,5,jcb,155,951,12
12/16/2009,1,americanexpress,50,730,6
6/29/2001,2,china-unionpay,104,292,7
3/27/2012,1,jcb,159,697,9
12/8/2004,3,jcb,137,230,3
10/26/2018,5,visa,100,281,3
5/20/2010,5,jcb,74,536,14
12/21/2010,1,jcb,72,649,8
4/14/2003,4,switch,175,372,14
8/17/2018,5,instapayment,110,855,1
12/14/2008,2,bankcard,20,943,9
1/20/2011,1,visa-electron,120,151,3
3/12/2019,5,americanexpress,70,942,12
4/11/2016,4,mastercard,45,880,19
3/5/2008,4,visa-electron,127,300,7
10/19/2018,4,mastercard,196,693,2
10/20/2021,5,maestro,25,80,13
7/13/2006,2,jcb,137,486,2
12/22/2015,4,jcb,136,605,5
5/25/2024,2,jcb,21,426,11
1/18/2002,1,jcb,134,223,4
11/5/2001,1,diners-club-us-ca,170,283,5
8/17/2014,1,jcb,36,209,16
3/23/2015,2,jcb,74,901,15
1/11/2022,4,americanexpress,30,478,14
2/7/2005,2,visa-electron,165,997,13
2/4/2020,3,visa,51,715,4
7/29/2018,2,jcb,187,940,14
6/29/2003,4,switch,82,128,14
7/15/2024,3,jcb,45,102,9
12/6/2018,5,switch,180,123,14
3/11/2020,3,laser,149,245,11
10/21/2022,5,visa,95,980,7
12/11/2001,3,switch,174,244,2
8/21/2022,3,jcb,45,702,6
11/10/2019,4,jcb,199,169,1
7/29/2020,2,china-unionpay,79,964,6
8/24/2001,1,jcb,72,437,7
11/28/2018,3,china-unionpay,90,650,7
1/18/2016,5,visa,114,879,8
11/11/2005,2,jcb,22,754,15
3/18/2018,3,jcb,58,142,9
1/26/2026,1,laser,15,553,6
11/29/2021,2,visa-electron,21,604,19
11/30/2009,1,switch,60,496,11
6/27/2006,5,china-unionpay,19,996,17
12/30/2017,4,jcb,70,873,18
2/13/2007,4,diners-club-enroute,184,69,18
5/25/2018,5,jcb,54,440,7
7/10/2024,3,china-unionpay,136,115,11
5/20/2019,5,diners-club-carte-blanche,178,157,15
6/24/2004,1,jcb,192,338,1
4/15/2014,4,china-unionpay,98,405,10
4/22/2024,1,mastercard,105,222,7
5/12/2009,5,jcb,162,793,9
9/10/2019,1,americanexpress,82,995,17
10/19/2012,4,jcb,179,232,9
2/4/2009,5,mastercard,157,450,6
2/16/2006,4,americanexpress,37,483,8
12/19/2013,4,visa-electron,189,898,14
4/12/2005,5,switch,141,328,11
3/26/2004,5,jcb,87,293,18
2/15/2013,5,jcb,129,279,8
7/27/2009,1,switch,20,754,11
10/12/2018,1,switch,70,76,18
5/7/2018,3,bankcard,181,202,4
2/11/2014,3,jcb,101,197,13
6/27/2013,4,jcb,95,633,1
4/20/2013,1,diners-club-carte-blanche,16,615,14
12/27/2021,2,jcb,139,441,9
2/9/2021,1,visa,189,75,16
4/30/2018,1,jcb,197,730,1
8/14/2001,1,jcb,4,911,19
12/21/2002,2,switch,98,810,12
9/29/2013,1,jcb,162,219,5
11/16/2007,4,jcb,24,504,20
6/3/2016,3,jcb,158,90,19
11/30/2001,3,switch,159,450,6
7/1/2025,3,bankcard,9,545,2
2/1/2005,3,solo,50,189,10
1/4/2024,2,diners-club-enroute,174,147,15
3/19/2010,4,jcb,162,498,5
1/20/2017,2,diners-club-carte-blanche,23,576,11
2/14/2025,4,laser,149,804,3
1/4/2025,1,jcb,36,194,3
3/7/2025,2,diners-club-enroute,75,513,12
7/16/2014,4,jcb,130,668,5
4/26/2002,2,china-unionpay,70,581,19
12/26/2023,1,instapayment,170,125,6
9/14/2013,5,jcb,174,618,2
12/6/2008,4,jcb,16,948,13
8/6/2023,2,bankcard,30,705,12
11/8/2014,2,china-unionpay,128,909,1
3/21/2009,1,mastercard,31,637,14
9/8/2021,3,jcb,134,311,2
1/7/2025,5,jcb,54,225,19
6/1/2021,3,diners-club-enroute,95,323,2
3/27/2007,5,switch,122,676,1
7/7/2021,2,jcb,52,770,6
3/28/2006,1,china-unionpay,196,538,18
1/20/2015,2,jcb,24,183,11
1/22/2012,5,switch,74,681,16
8/6/2011,5,diners-club-enroute,80,120,6
5/25/2017,1,maestro,48,89,11
2/27/2002,5,laser,96,34,4
6/20/2012,3,jcb,105,235,16
1/11/2023,5,jcb,139,683,20
3/15/2016,1,bankcard,182,514,9
1/28/2021,3,jcb,52,492,1
10/18/2023,5,mastercard,25,211,7
1/16/2007,5,maestro,131,581,18
6/15/2001,1,diners-club-carte-blanche,49,587,4
6/23/2022,4,jcb,61,333,12
9/25/2001,4,solo,136,380,17
12/14/2021,2,bankcard,196,118,16
10/28/2021,4,jcb,58,872,3
10/12/2011,3,jcb,104,202,11
6/6/2002,2,switch,22,482,19
10/26/2016,1,maestro,19,204,1
9/19/2009,1,jcb,14,612,4
10/28/2018,3,jcb,19,173,6
12/12/2004,4,jcb,10,156,5
5/12/2005,4,laser,26,35,3
4/4/2012,5,instapayment,137,986,15
5/8/2009,3,jcb,84,124,3
12/31/2010,2,laser,95,482,8
9/8/2021,2,mastercard,69,628,10
10/10/2003,4,mastercard,35,815,4
6/8/2006,3,jcb,193,296,15
1/27/2017,4,jcb,62,944,7
9/27/2017,4,maestro,148,873,18
12/31/2003,3,instapayment,75,257,17
3/8/2021,3,china-unionpay,3,941,19
11/24/2004,5,jcb,157,151,16
7/1/2008,2,maestro,105,268,8
6/22/2010,4,diners-club-international,72,216,7
7/5/2023,3,jcb,186,788,10
8/11/2013,5,switch,190,993,13
10/30/2006,4,jcb,138,531,5
3/6/2013,4,jcb,115,534,2
1/27/2019,1,diners-club-carte-blanche,45,985,2
3/8/2023,5,mastercard,110,317,7
5/14/2019,4,switch,140,231,3
7/16/2017,3,diners-club-enroute,74,111,12
11/30/2021,1,switch,127,124,6
4/28/2025,3,visa-electron,94,467,3
3/10/2014,2,visa,134,422,16
11/5/2024,3,switch,190,865,11
2/11/2005,1,jcb,128,381,16
8/17/2007,1,jcb,19,611,18
2/24/2024,1,mastercard,172,697,15
12/29/2004,3,bankcard,126,248,11
6/21/2022,2,diners-club-international,72,100,7
8/25/2003,3,maestro,37,341,4
10/25/2008,3,laser,134,871,1
12/10/2012,5,visa-electron,172,140,14
5/12/2025,5,bankcard,32,645,16
6/17/2025,3,maestro,178,297,1
2/8/2025,2,jcb,178,830,7
10/28/2010,3,bankcard,60,345,12
1/27/2004,3,jcb,20,105,8
11/17/2013,4,jcb,107,469,15
12/15/2016,4,mastercard,165,109,6
11/23/2003,5,jcb,102,10,6
8/14/2007,3,jcb,137,756,1
1/29/2019,5,jcb,67,696,17
8/1/2005,1,maestro,161,773,8
1/15/2003,3,jcb,118,838,19
11/2/2025,3,mastercard,143,261,10
12/27/2021,3,maestro,40,654,1
9/29/2005,3,mastercard,38,386,20
6/12/2004,4,jcb,179,273,18
5/8/2019,4,visa,129,334,17
8/15/2023,2,jcb,149,67,15
10/14/2010,2,jcb,140,551,16
12/30/2003,2,diners-club-enroute,173,593,4
12/16/2007,5,jcb,171,752,3
10/26/2006,2,maestro,40,105,3
9/30/2016,2,mastercard,150,230,14
7/21/2011,3,jcb,23,414,14
5/19/2010,3,mastercard,113,150,15
10/28/2003,4,bankcard,99,671,9
2/11/2017,1,jcb,3,905,12
2/10/2024,5,mastercard,17,379,11
7/18/2006,3,mastercard,60,278,9
12/16/2005,2,jcb,43,513,16
4/30/2017,2,visa,62,463,13
12/16/2001,2,jcb,82,666,4
6/26/2020,5,jcb,64,691,12
3/2/2020,3,visa-electron,96,662,6
8/24/2020,5,china-unionpay,150,440,10
2/8/2009,3,jcb,165,600,14
9/10/2024,2,mastercard,186,341,3
6/28/2020,4,visa-electron,41,674,11
7/6/2013,2,jcb,40,769,5
5/14/2017,3,americanexpress,118,318,10
5/1/2007,1,switch,40,679,20
7/6/2005,4,maestro,127,492,12
2/25/2013,1,switch,178,348,17
9/4/2007,3,jcb,187,851,16
2/8/2005,1,jcb,183,980,15
6/17/2003,4,mastercard,138,104,7
2/4/2013,2,maestro,134,922,8
7/10/2009,5,jcb,50,116,2
6/20/2022,1,jcb,165,278,10
10/15/2007,5,jcb,148,707,17
4/24/2020,4,visa,142,677,2
12/1/2017,1,bankcard,25,916,10
3/22/2002,4,jcb,178,692,6
6/7/2014,2,maestro,26,156,18
12/12/2008,1,china-unionpay,195,915,13
6/22/2016,4,china-unionpay,151,19,16
9/17/2005,2,laser,27,974,9
10/26/2014,3,diners-club-carte-blanche,63,791,6
1/16/2006,5,diners-club-international,176,176,12
6/12/2013,3,mastercard,68,415,11
10/23/2002,2,mastercard,165,795,3
12/23/2022,3,jcb,176,338,14
4/30/2005,4,mastercard,110,680,18
10/13/2010,5,jcb,51,877,1
3/10/2004,2,jcb,167,428,12
1/27/2021,1,jcb,100,699,16
8/22/2017,3,china-unionpay,197,356,8
5/27/2021,1,maestro,111,362,6
8/29/2003,3,visa-electron,60,526,19
5/14/2022,2,mastercard,74,983,9
4/25/2025,4,bankcard,171,542,6
11/6/2016,2,diners-club-enroute,128,94,1
10/4/2006,1,instapayment,180,913,9
11/27/2017,5,americanexpress,17,507,17
7/4/2007,1,jcb,189,267,14
3/18/2009,3,laser,21,217,4
11/25/2021,4,maestro,193,905,17
4/17/2006,1,jcb,36,529,20
2/8/2009,2,jcb,99,446,8
2/26/2012,3,switch,193,510,20
11/28/2008,5,jcb,195,270,8
8/9/2014,3,mastercard,140,876,15
11/30/2011,2,jcb,156,998,12
5/6/2013,4,bankcard,108,969,3
6/25/2014,5,jcb,14,610,1
9/7/2012,2,jcb,134,467,2
2/4/2002,4,diners-club-enroute,106,781,15
12/13/2007,2,jcb,117,566,15
8/4/2024,3,maestro,135,174,4
12/13/2004,4,jcb,90,740,18
5/6/2013,5,visa-electron,84,513,13
6/24/2015,3,jcb,125,566,17
6/18/2025,5,jcb,55,621,10
11/26/2017,1,jcb,169,759,1
7/8/2025,4,jcb,116,748,3
10/5/2012,5,visa-electron,130,41,6
1/18/2014,5,instapayment,75,816,7
2/1/2006,4,americanexpress,91,631,14
12/4/2004,4,jcb,188,889,10
2/11/2003,2,jcb,131,77,4
12/25/2020,1,jcb,174,750,5
12/3/2003,1,maestro,13,627,10
1/10/2006,3,diners-club-carte-blanche,91,572,6
12/18/2020,5,jcb,70,312,1
7/2/2017,2,china-unionpay,3,625,14
2/7/2014,4,china-unionpay,153,973,10
2/4/2010,4,jcb,12,42,3
9/18/2020,4,jcb,144,807,9
6/25/2002,5,china-unionpay,55,513,6
3/10/2014,1,mastercard,33,868,14
10/7/2018,3,jcb,110,720,5
6/20/2013,4,jcb,144,704,17
10/24/2015,4,jcb,183,318,13
3/20/2002,3,jcb,118,547,13
8/16/2024,1,jcb,72,323,8
1/26/2004,2,diners-club-carte-blanche,88,225,5
4/29/2011,4,americanexpress,94,677,5
1/3/2025,1,laser,91,201,10
6/23/2003,2,jcb,149,769,1
6/9/2016,1,diners-club-enroute,186,598,19
2/11/2017,5,jcb,74,895,10
7/9/2014,4,mastercard,74,261,20
9/21/2005,1,maestro,113,782,1
5/15/2002,2,jcb,28,117,11
11/13/2019,3,mastercard,191,382,19
7/8/2017,3,jcb,137,936,16
3/15/2018,2,mastercard,130,167,20
5/8/2006,2,jcb,64,865,2
9/30/2025,1,jcb,175,872,13
1/24/2015,3,jcb,198,912,12
5/12/2017,4,jcb,195,200,8
12/30/2001,2,jcb,105,80,12
8/30/2010,5,jcb,42,944,1
6/16/2022,4,laser,76,473,9
8/12/2018,1,diners-club-enroute,38,384,17
11/16/2024,2,mastercard,66,332,19
2/11/2018,5,diners-club-carte-blanche,34,750,20
1/30/2016,1,jcb,116,279,5
2/26/2013,2,jcb,95,561,2
8/5/2001,3,jcb,192,343,19
7/28/2014,4,jcb,176,554,1
4/12/2015,4,diners-club-enroute,182,421,13
11/20/2018,5,jcb,198,758,8
4/25/2010,4,instapayment,170,989,7
6/1/2009,2,jcb,8,794,10
5/28/2002,2,americanexpress,172,215,1
10/13/2001,5,diners-club-enroute,197,630,9
9/16/2014,4,jcb,140,927,3
2/2/2007,4,visa,62,199,10
3/2/2022,5,americanexpress,101,64,3
5/2/2008,3,jcb,39,449,11
7/12/2023,3,china-unionpay,101,339,2
12/18/2006,5,jcb,124,724,3
3/14/2014,4,laser,108,424,2
8/4/2018,3,jcb,199,230,2
12/13/2006,4,jcb,38,277,11
6/2/2024,1,jcb,170,283,13
5/6/2008,2,jcb,127,679,10
1/1/2015,4,diners-club-us-ca,170,449,10
11/7/2025,1,visa-electron,113,263,13
9/27/2014,1,switch,66,469,10
4/24/2025,4,maestro,18,981,15
10/6/2018,2,switch,126,505,11
8/17/2004,3,jcb,160,80,18
3/29/2006,4,visa-electron,168,318,12
1/25/2020,1,switch,33,438,2
11/15/2014,2,bankcard,178,451,20
1/6/2017,1,diners-club-carte-blanche,131,405,16
9/20/2013,2,jcb,101,162,12
6/26/2006,3,jcb,105,795,9
9/13/2011,2,jcb,99,191,17
3/21/2010,2,visa,149,515,8
9/7/2018,5,diners-club-carte-blanche,177,230,7
7/17/2014,1,jcb,142,206,12
8/27/2011,5,instapayment,160,144,15
2/23/2026,2,jcb,89,115,1
8/7/2011,1,laser,189,596,20
3/9/2004,4,switch,179,901,1
4/5/2020,5,jcb,63,365,4
5/6/2020,5,jcb,92,611,17
12/13/2017,1,jcb,128,530,16
6/10/2013,3,jcb,79,97,10
8/22/2022,2,jcb,109,606,17
8/19/2004,5,maestro,174,491,3
1/6/2023,5,diners-club-carte-blanche,56,464,8
5/23/2001,5,diners-club-us-ca,148,374,18
10/4/2020,4,diners-club-carte-blanche,84,557,12
7/30/2004,4,mastercard,83,851,16
4/13/2014,3,mastercard,70,115,9
5/18/2005,1,jcb,136,884,5
3/4/2009,5,jcb,15,943,16
12/2/2025,4,switch,76,590,17
7/30/2002,3,jcb,158,791,9
5/16/2018,5,bankcard,96,872,16
1/25/2013,1,maestro,26,180,4
12/15/2007,4,diners-club-carte-blanche,162,82,4
5/5/2019,2,visa,194,455,4
4/23/2004,5,jcb,85,9,1
11/21/2008,2,diners-club-enroute,161,143,13
4/25/2011,5,americanexpress,187,924,17
1/24/2006,2,laser,161,135,7
11/2/2024,2,visa-electron,85,779,10
5/14/2025,4,maestro,8,781,14
10/18/2009,5,jcb,103,898,9
9/3/2007,3,visa-electron,97,505,8
11/29/2012,3,maestro,190,435,9
5/8/2019,5,diners-club-carte-blanche,79,918,3
10/11/2013,4,switch,134,570,13
3/6/2016,3,china-unionpay,25,343,11
10/29/2017,1,switch,197,752,8
4/26/2025,5,jcb,40,544,8
4/17/2024,4,maestro,176,986,11
10/27/2021,2,jcb,99,919,5
12/28/2007,4,jcb,148,534,18
10/11/2020,2,jcb,136,857,7
2/2/2008,1,jcb,60,352,8
4/16/2023,1,jcb,45,325,12
11/18/2003,1,switch,127,617,4
4/12/2024,1,jcb,117,275,16
7/23/2021,5,instapayment,86,71,16
7/15/2022,2,maestro,137,899,12
10/11/2016,3,diners-club-us-ca,200,61,13
7/22/2007,2,mastercard,37,364,20
5/11/2004,3,diners-club-enroute,17,532,5
6/8/2005,1,china-unionpay,172,837,17
11/5/2013,3,mastercard,175,453,3
9/24/2008,5,mastercard,14,562,10
11/6/2002,1,diners-club-enroute,60,480,5
11/9/2011,2,bankcard,63,579,2
1/31/2019,4,jcb,113,955,16
4/23/2015,2,maestro,72,362,5
6/25/2020,5,jcb,152,705,2
4/25/2003,3,jcb,67,518,12
10/16/2025,1,mastercard,78,609,3
3/21/2016,5,americanexpress,85,318,18
10/16/2015,5,jcb,58,976,17
2/18/2017,4,jcb,15,288,20
5/20/2022,2,jcb,122,627,12
12/26/2011,1,instapayment,199,920,13
8/11/2010,1,americanexpress,106,269,4
1/22/2012,4,jcb,57,173,19
10/9/2009,2,jcb,107,361,20
12/15/2024,2,jcb,66,605,20
11/8/2002,3,jcb,5,6,3
7/30/2023,4,mastercard,128,72,10
3/21/2021,3,jcb,101,578,10
10/12/2018,5,bankcard,119,962,11
12/4/2002,4,switch,68,766,19
12/15/2017,1,instapayment,119,838,2
7/11/2024,1,visa-electron,3,104,14
3/29/2004,4,jcb,190,111,8
8/30/2015,3,diners-club-carte-blanche,10,806,20
3/8/2007,5,jcb,63,870,12
6/22/2024,2,china-unionpay,132,837,2
8/3/2014,5,diners-club-us-ca,135,661,8
5/18/2014,5,jcb,16,150,8
3/12/2025,5,jcb,50,304,1
6/20/2005,3,switch,180,415,16
3/25/2002,5,visa-electron,174,842,1
3/14/2002,2,mastercard,139,510,8
3/31/2009,1,jcb,93,831,19
6/12/2008,1,maestro,3,705,5
7/25/2012,1,jcb,7,340,18
4/22/2023,2,americanexpress,145,844,14
8/16/2009,5,jcb,109,525,19
9/10/2022,5,americanexpress,94,754,11
9/4/2025,5,mastercard,35,235,3
11/13/2025,2,jcb,141,110,1
4/23/2020,3,maestro,2,666,8
10/30/2013,3,mastercard,160,139,12
1/26/2024,5,diners-club-enroute,26,907,15
5/1/2020,1,bankcard,169,153,1
8/5/2011,3,diners-club-carte-blanche,61,346,2
9/4/2014,3,jcb,141,517,19
7/20/2022,3,americanexpress,59,837,8
7/7/2017,1,jcb,80,492,14
5/2/2025,2,instapayment,111,850,7
9/10/2015,2,jcb,160,592,18
12/30/2008,4,solo,191,54,10
3/28/2021,1,jcb,120,667,13
8/21/2025,4,americanexpress,150,891,20
4/21/2005,3,jcb,104,94,16
1/1/2009,4,jcb,128,419,5
3/14/2006,5,jcb,79,775,1
12/27/2021,4,bankcard,23,585,5
11/6/2006,4,maestro,35,437,15
5/15/2021,5,visa,187,326,12
5/6/2011,5,diners-club-carte-blanche,164,841,5
9/12/2004,2,jcb,119,235,10
6/26/2022,1,diners-club-enroute,15,666,11
12/17/2024,3,americanexpress,73,977,12
6/2/2009,4,jcb,41,148,17
9/18/2022,5,mastercard,41,739,16
12/7/2025,4,diners-club-enroute,29,511,6
1/9/2010,3,jcb,132,550,10
8/10/2013,5,maestro,82,179,19
1/25/2013,5,china-unionpay,36,574,1
10/6/2022,5,jcb,176,665,9
6/27/2001,1,visa-electron,106,725,10
5/27/2024,3,mastercard,53,166,12
12/23/2004,3,jcb,19,71,10
6/24/2006,3,bankcard,74,654,9
5/31/2014,4,jcb,45,359,4
9/9/2007,1,jcb,92,34,1
8/7/2020,2,jcb,85,243,10
11/23/2002,2,jcb,148,996,8
3/19/2009,5,jcb,134,228,17
12/2/2013,1,visa,185,66,5
3/11/2007,2,jcb,13,374,7
1/9/2017,5,china-unionpay,102,412,6
3/21/2026,4,diners-club-enroute,105,570,11
8/9/2024,5,jcb,196,566,20
6/10/2005,3,jcb,143,656,19
1/14/2013,5,switch,77,860,9
10/16/2012,2,jcb,178,527,8
1/13/2020,1,mastercard,197,158,4
5/9/2004,3,visa-electron,64,676,15
3/11/2002,2,diners-club-enroute,7,727,16
12/6/2006,1,diners-club-enroute,64,420,5
11/5/2006,4,diners-club-carte-blanche,4,67,1
10/6/2010,3,jcb,73,875,9
7/17/2009,1,jcb,174,741,7
2/13/2022,1,jcb,186,315,1
3/24/2021,3,diners-club-carte-blanche,59,545,9
11/6/2005,5,laser,90,853,14
12/25/2020,4,maestro,140,332,4
12/28/2017,1,jcb,200,576,2
2/13/2009,3,jcb,150,34,1
9/18/2003,2,jcb,136,337,5
7/31/2024,5,visa,73,57,2
6/1/2021,5,maestro,162,612,16
4/4/2020,4,jcb,62,533,12
11/11/2015,3,visa,155,970,3
10/19/2005,2,visa,69,806,6
11/21/2005,1,diners-club-carte-blanche,112,983,13
7/4/2015,2,instapayment,87,833,2
10/27/2017,1,visa-electron,172,814,17
9/14/2008,2,switch,13,497,13
5/11/2024,2,maestro,44,371,1
1/11/2011,2,jcb,193,292,20
4/29/2020,3,visa-electron,197,74,18
6/26/2008,3,jcb,84,484,15
6/25/2025,5,jcb,101,384,4
3/10/2006,4,americanexpress,127,854,9
11/4/2006,1,switch,95,134,18
5/18/2017,3,jcb,128,730,11
6/17/2005,3,jcb,174,19,9
7/21/2001,4,visa-electron,195,26,1
3/20/2026,5,mastercard,189,62,9
7/1/2003,4,jcb,146,446,11
4/14/2021,4,jcb,52,87,13
2/17/2006,1,jcb,184,69,18
8/26/2012,4,mastercard,55,842,5
9/22/2016,5,jcb,29,515,5
3/21/2017,3,jcb,163,949,5
2/28/2015,5,jcb,46,442,11
8/22/2005,2,jcb,189,233,15
6/7/2006,3,jcb,186,475,14
3/4/2018,5,mastercard,128,576,6
3/14/2026,2,visa-electron,193,494,14
8/3/2022,4,bankcard,91,542,20
4/4/2008,3,jcb,62,625,15
2/19/2002,5,visa,160,375,5
1/16/2012,1,mastercard,174,927,16
5/6/2010,2,china-unionpay,45,671,6
3/12/2009,5,jcb,155,853,6
3/3/2016,2,maestro,171,532,17
10/14/2010,5,mastercard,103,158,3
3/23/2015,1,jcb,128,823,15
10/2/2005,3,jcb,14,928,19
3/15/2026,3,jcb,121,258,13
9/28/2005,3,instapayment,41,119,6
2/12/2009,2,laser,151,628,8
2/29/2024,2,bankcard,101,238,6
9/5/2022,4,diners-club-carte-blanche,131,796,9
11/25/2017,4,jcb,152,74,12
8/2/2012,1,laser,100,248,17
6/13/2001,5,diners-club-enroute,64,517,1
8/13/2008,2,laser,67,170,16
2/9/2017,4,visa,65,866,18
9/26/2012,5,mastercard,78,620,4
1/24/2012,2,jcb,14,635,16
4/20/2026,4,jcb,185,798,8
8/2/2011,1,bankcard,106,543,4
12/21/2020,4,visa,25,203,9
12/28/2002,2,laser,50,241,5
4/8/2015,3,bankcard,68,563,13
2/26/2017,3,mastercard,43,822,17
8/16/2005,5,jcb,167,612,10
1/28/2010,3,jcb,32,458,16
2/6/2018,1,mastercard,138,985,2
5/10/2005,1,jcb,74,958,7
2/2/2009,5,diners-club-enroute,6,458,7
9/27/2007,4,diners-club-carte-blanche,119,657,15
9/20/2008,5,jcb,151,574,13
10/22/2018,5,switch,153,724,4
2/24/2021,2,jcb,89,420,7
8/19/2018,2,instapayment,88,410,14
11/9/2008,3,maestro,102,771,7
11/11/2015,4,diners-club-enroute,37,466,7
3/7/2006,1,diners-club-enroute,150,484,15
10/17/2014,4,jcb,148,309,8
3/23/2019,5,china-unionpay,28,302,8
2/19/2002,1,jcb,101,19,17
4/30/2017,1,maestro,53,51,2
11/9/2014,2,visa,96,930,1
5/30/2010,1,jcb,65,702,9
4/13/2010,1,jcb,166,855,12
12/5/2025,2,laser,163,826,17
6/18/2024,2,jcb,98,745,3
5/28/2010,1,diners-club-us-ca,108,874,2
8/10/2017,4,jcb,145,467,3
5/11/2021,4,switch,133,141,20
4/21/2022,5,china-unionpay,117,251,2
1/26/2003,1,jcb,165,9,3
10/14/2009,5,mastercard,59,455,17
10/23/2013,5,visa-electron,37,342,8
3/4/2016,2,jcb,69,379,9
8/14/2018,2,mastercard,111,965,1
11/6/2017,1,visa-electron,47,392,6
11/14/2005,2,mastercard,5,457,13
2/28/2007,1,jcb,85,553,1
3/11/2013,1,instapayment,196,155,7
11/6/2018,4,mastercard,102,518,6
10/1/2018,4,visa,81,732,1
3/3/2018,1,jcb,56,836,18
4/23/2010,5,laser,68,812,16
4/20/2021,5,jcb,149,394,2
12/4/2018,2,jcb,22,662,12
9/13/2002,4,visa,95,59,9
10/20/2006,3,diners-club-enroute,131,539,4
6/26/2014,3,jcb,49,818,18
3/15/2017,4,jcb,143,590,2
5/22/2011,1,jcb,19,442,3
8/14/2014,2,maestro,124,42,17
2/15/2019,1,maestro,133,956,1
8/3/2008,1,mastercard,129,828,8
4/20/2007,2,visa-electron,63,449,12
2/16/2004,2,maestro,111,620,1
4/26/2009,4,jcb,98,63,20
7/15/2011,1,americanexpress,61,962,11
12/14/2023,1,americanexpress,147,940,5
3/28/2006,4,bankcard,61,802,11
11/10/2015,4,americanexpress,5,6,13
1/28/2010,5,jcb,158,816,9
12/14/2019,3,china-unionpay,17,665,18
5/27/2008,3,diners-club-carte-blanche,133,65,3
5/23/2013,2,americanexpress,199,241,10
12/6/2011,5,jcb,84,237,15
8/2/2024,5,jcb,189,879,14
11/22/2014,2,bankcard,192,729,7
1/23/2006,4,jcb,146,205,19
7/3/2012,1,jcb,27,412,18
12/2/2025,4,laser,124,323,16
12/10/2012,3,jcb,45,658,5
3/14/2002,3,jcb,8,50,6
3/15/2012,3,jcb,181,656,17
2/17/2023,4,jcb,142,926,15
4/18/2016,4,visa-electron,165,454,6
8/29/2023,5,laser,119,281,6
9/14/2005,1,mastercard,128,847,3
8/31/2024,2,americanexpress,163,681,9
2/6/2015,5,maestro,103,880,8
10/15/2017,4,jcb,93,219,18
7/26/2025,5,jcb,70,207,12
2/19/2026,1,jcb,164,723,15
12/25/2025,1,mastercard,7,977,10
6/12/2004,1,jcb,9,358,15
5/30/2008,5,china-unionpay,43,970,17
8/14/2021,1,laser,176,984,19
10/17/2016,3,jcb,13,958,16
8/11/2012,3,jcb,173,923,17
2/22/2022,2,jcb,43,639,1
3/16/2019,1,jcb,71,536,3
5/1/2020,5,jcb,166,980,15
10/26/2001,2,mastercard,111,235,9
3/18/2010,4,diners-club-carte-blanche,136,686,12
7/7/2025,2,jcb,87,216,11
7/15/2012,3,jcb,107,749,17
1/30/2010,1,maestro,151,64,15
5/22/2010,1,jcb,50,983,12
11/21/2018,4,laser,76,601,6
4/5/2019,3,instapayment,195,316,15
2/13/2021,2,visa-electron,62,43,8
12/15/2024,3,jcb,181,615,17
4/11/2006,3,visa-electron,7,732,4
2/29/2004,5,jcb,118,288,16
7/22/2012,4,jcb,151,698,15
11/9/2010,3,jcb,158,165,12
7/11/2005,4,bankcard,166,853,4
1/26/2008,5,mastercard,72,183,17
1/24/2008,4,jcb,106,723,9
1/19/2025,2,americanexpress,110,720,17
3/16/2013,1,jcb,170,358,9
11/6/2014,5,jcb,171,141,5
1/12/2016,1,mastercard,59,785,10
6/14/2015,2,instapayment,20,460,14
4/19/2026,4,jcb,144,390,15
10/25/2021,2,diners-club-us-ca,159,71,14
11/14/2003,5,jcb,175,537,3
7/4/2011,3,diners-club-us-ca,93,721,10
10/11/2016,2,jcb,162,564,20
2/9/2004,4,mastercard,90,158,2
8/31/2007,5,jcb,198,843,6
12/7/2018,1,jcb,11,150,10
5/18/2011,4,jcb,76,385,4
8/18/2005,2,laser,183,847,13
7/19/2025,5,diners-club-enroute,58,816,7
1/22/2002,4,jcb,149,927,19
10/17/2001,4,jcb,31,227,14
5/24/2002,5,jcb,53,924,10
7/23/2021,4,maestro,15,95,16
10/12/2025,1,jcb,192,113,10
10/18/2008,1,diners-club-enroute,20,385,1
4/23/2019,5,maestro,187,825,9
10/23/2016,4,jcb,10,6,8
6/20/2001,3,diners-club-carte-blanche,26,249,6
4/17/2010,5,bankcard,15,451,5
3/30/2011,5,jcb,66,493,17
12/30/2007,4,mastercard,164,433,4
8/5/2009,1,diners-club-enroute,113,504,9
4/27/2015,3,jcb,197,817,20
4/9/2025,1,china-unionpay,191,584,5
10/10/2002,1,mastercard,31,620,7
1/9/2025,3,bankcard,95,875,7
1/1/2010,3,jcb,82,109,17
5/8/2013,4,visa-electron,163,533,1
3/4/2005,5,diners-club-enroute,50,198,11
5/9/2022,5,laser,126,422,18
8/19/2018,2,visa-electron,22,387,20
9/27/2006,3,diners-club-enroute,55,4,5
12/19/2007,5,mastercard,150,511,9
5/9/2005,3,visa,29,863,8
10/29/2006,5,bankcard,193,469,10
4/5/2015,3,jcb,190,128,2
10/7/2009,5,switch,130,611,13
9/20/2025,4,jcb,169,30,19
3/19/2021,1,china-unionpay,83,716,3
9/26/2006,1,jcb,9,222,7
11/29/2008,5,mastercard,101,38,12
9/10/2007,2,mastercard,50,733,18
7/26/2009,5,mastercard,12,874,13
9/4/2005,4,jcb,115,534,15
8/10/2005,2,jcb,189,792,17
7/29/2001,3,jcb,101,203,20
4/20/2007,2,bankcard,21,859,20
3/6/2006,4,mastercard,147,88,7
4/16/2016,2,mastercard,177,165,17
7/17/2015,2,jcb,70,588,16
12/19/2016,5,diners-club-international,161,919,16
4/16/2011,3,visa-electron,29,525,19
8/26/2025,3,jcb,56,588,8
9/13/2011,1,visa-electron,94,218,17
5/15/2011,3,americanexpress,192,418,4
5/13/2003,2,americanexpress,10,624,7
10/11/2016,5,mastercard,158,690,6
8/28/2020,4,diners-club-enroute,12,338,18
6/17/2019,3,maestro,182,863,16
7/10/2005,1,china-unionpay,48,646,11
3/16/2008,4,jcb,19,635,15
5/1/2023,5,jcb,75,313,1
8/30/2016,2,mastercard,27,547,3
8/12/2010,4,jcb,44,507,20
12/31/2012,1,jcb,87,388,3
1/15/2007,2,jcb,192,465,8
10/30/2012,1,diners-club-us-ca,170,748,16
4/4/2017,1,china-unionpay,151,711,19
2/28/2026,4,maestro,126,931,19
3/16/2019,4,jcb,69,908,16
5/31/2003,1,mastercard,126,495,18
6/11/2020,1,diners-club-carte-blanche,41,804,8
9/16/2023,4,switch,38,840,3
4/24/2026,4,solo,42,635,2
11/23/2025,4,americanexpress,191,459,7
3/8/2011,5,diners-club-carte-blanche,176,116,7
6/20/2019,3,jcb,173,270,3
1/29/2014,4,solo,187,98,4
9/19/2023,2,jcb,149,881,5
6/15/2007,5,jcb,54,22,10
12/11/2013,1,visa-electron,16,589,3
2/18/2017,3,jcb,108,537,3
11/28/2022,1,switch,163,132,14
11/20/2024,5,maestro,124,199,15
9/29/2001,2,diners-club-enroute,170,815,15
9/20/2015,5,diners-club-enroute,186,222,2
11/9/2017,1,mastercard,56,634,16
5/23/2016,3,mastercard,20,802,11
11/19/2019,3,jcb,200,312,5
9/6/2025,1,jcb,169,810,6
4/17/2021,5,jcb,104,852,5
10/6/2012,1,china-unionpay,36,455,14
9/27/2006,4,jcb,6,35,19
9/25/2009,2,china-unionpay,167,97,9
2/20/2016,1,bankcard,192,817,19
3/19/2020,1,switch,41,35,2
6/28/2015,1,visa-electron,197,998,20
7/28/2020,4,jcb,196,859,18
10/29/2011,3,jcb,167,66,6
9/22/2015,1,jcb,87,632,7
11/19/2025,2,jcb,181,980,15
3/26/2023,4,jcb,53,223,9
7/3/2023,2,jcb,161,76,20
9/26/2018,2,jcb,10,461,2
6/13/2020,2,diners-club-carte-blanche,152,340,15
7/7/2017,2,laser,149,213,3
8/2/2021,5,jcb,173,26,6
10/5/2015,5,china-unionpay,35,633,6
11/20/2012,4,jcb,139,992,8
10/29/2009,3,visa-electron,168,782,18
10/3/2015,5,jcb,93,505,12
6/17/2016,3,jcb,29,3,16
6/19/2012,5,jcb,192,675,17
12/19/2012,5,visa-electron,113,567,11
8/29/2003,4,mastercard,105,355,15
3/20/2011,3,maestro,103,867,5
9/29/2010,3,jcb,182,954,20
9/8/2014,5,jcb,58,673,10
10/30/2002,5,instapayment,198,72,10
6/27/2002,3,diners-club-carte-blanche,94,128,20
6/9/2017,5,jcb,89,519,3
1/31/2020,4,jcb,8,498,13
6/2/2017,2,visa-electron,39,313,17
11/8/2005,4,instapayment,95,241,12
2/23/2002,5,jcb,4,303,15
4/5/2004,4,diners-club-enroute,185,721,14
7/23/2023,5,maestro,169,404,5
5/14/2007,2,jcb,102,581,1
5/15/2003,5,jcb,35,152,3
4/2/2021,3,maestro,51,62,5
8/20/2024,4,bankcard,162,633,16
12/8/2002,3,jcb,74,950,11
12/28/2008,3,jcb,133,21,19
8/13/2004,1,china-unionpay,116,902,15
11/15/2009,4,switch,125,604,3
9/13/2003,3,jcb,44,694,3
11/25/2022,1,china-unionpay,153,49,19
7/30/2009,1,maestro,77,777,18
10/12/2010,4,jcb,54,961,3
7/30/2005,2,mastercard,3,238,3
9/19/2021,2,jcb,129,352,2
12/11/2013,1,laser,180,817,14
11/19/2018,4,switch,149,644,10
11/7/2015,3,americanexpress,49,228,6
5/16/2016,1,diners-club-enroute,11,608,7
1/11/2017,1,switch,163,380,9
6/27/2003,3,jcb,132,597,1
1/24/2020,4,mastercard,71,29,17
10/20/2012,4,china-unionpay,144,628,3
3/30/2014,2,jcb,53,151,10
2/25/2023,5,laser,175,138,5
9/12/2022,1,americanexpress,129,78,18
10/29/2013,2,maestro,114,968,6
3/18/2018,2,jcb,65,292,15
7/5/2002,4,jcb,199,742,13
10/20/2013,1,visa-electron,149,241,2
2/2/2019,2,maestro,76,417,9
5/1/2002,5,bankcard,130,564,5
3/19/2014,4,mastercard,134,630,3
12/26/2007,1,jcb,140,585,20
4/24/2006,5,jcb,75,372,13
2/6/2004,3,maestro,195,128,5
7/12/2016,2,visa-electron,76,897,8
11/16/2018,5,mastercard,59,61,11
12/20/2025,2,jcb,200,299,15
4/4/2009,5,jcb,190,404,9
12/29/2014,3,jcb,18,384,6
10/21/2009,3,jcb,37,132,15
7/11/2015,5,mastercard,195,168,10
8/22/2003,5,china-unionpay,127,531,5
7/9/2020,4,jcb,163,687,9
12/20/2007,5,jcb,27,437,16
12/11/2008,3,jcb,176,227,13
3/4/2011,4,maestro,112,453,17
2/9/2011,1,americanexpress,48,942,12
6/24/2010,5,switch,62,332,12
6/2/2012,5,jcb,200,516,20
11/4/2004,5,jcb,85,676,4
2/8/2018,2,americanexpress,64,770,7
5/19/2010,1,instapayment,134,921,10
5/13/2021,1,americanexpress,126,188,10
4/17/2026,4,solo,37,720,9
7/15/2023,5,visa-electron,126,514,19
10/17/2013,3,jcb,159,699,3
12/7/2025,4,maestro,192,517,5
4/15/2024,1,china-unionpay,50,287,16
2/8/2020,1,americanexpress,95,940,5
9/25/2021,4,switch,93,343,15
3/13/2022,4,jcb,137,895,10
6/24/2007,5,visa-electron,175,278,8
3/18/2008,1,mastercard,126,706,20
3/2/2016,3,jcb,32,536,5
5/28/2021,4,jcb,102,857,20
8/23/2012,1,mastercard,124,688,10
10/14/2005,3,mastercard,12,248,14
3/3/2026,2,diners-club-carte-blanche,80,595,8
1/4/2024,5,maestro,10,282,18
3/25/2013,5,instapayment,52,617,18
2/10/2005,4,jcb,169,28,11
2/24/2002,3,switch,177,735,20
6/12/2018,1,jcb,96,135,2
2/4/2008,2,china-unionpay,133,848,19
11/4/2006,4,switch,115,709,8
4/15/2020,3,solo,96,143,7
9/11/2014,5,switch,9,763,2
1/19/2011,1,diners-club-enroute,81,850,14
3/2/2010,4,switch,164,341,4
3/19/2021,4,jcb,113,997,7
1/11/2004,5,laser,192,349,11
8/24/2016,5,jcb,70,674,10
5/5/2018,5,jcb,52,652,4
3/15/2018,3,jcb,120,625,12
1/25/2012,2,jcb,161,516,13
3/14/2020,2,jcb,160,646,20
12/3/2007,3,visa,20,1,20
12/29/2012,4,bankcard,164,365,12
11/14/2002,5,jcb,153,678,6
6/7/2022,1,jcb,188,709,10
1/15/2015,5,jcb,18,889,10
4/10/2020,2,visa-electron,198,545,14
11/7/2025,1,jcb,108,109,14
11/1/2019,2,switch,62,669,4
8/14/2015,2,maestro,79,714,20
9/20/2013,5,china-unionpay,124,854,16
11/23/2004,1,jcb,151,998,15
3/14/2024,1,instapayment,80,130,10
3/7/2024,1,jcb,125,404,20
2/2/2010,2,diners-club-enroute,112,842,1
2/21/2003,4,mastercard,60,562,17
11/12/2024,4,bankcard,197,729,16
7/19/2014,5,jcb,141,716,17
5/5/2025,2,jcb,141,431,15
7/31/2017,3,jcb,101,618,3
11/3/2016,2,instapayment,196,673,15
3/17/2022,5,jcb,140,728,12
9/30/2007,3,jcb,174,327,2
4/22/2008,3,visa-electron,75,352,14
11/25/2015,3,solo,58,506,19
5/3/2019,4,jcb,101,695,12
3/3/2005,3,diners-club-enroute,47,23,20
11/7/2017,2,diners-club-carte-blanche,164,322,17
4/30/2023,3,jcb,88,24,2
10/20/2016,1,china-unionpay,22,622,7
12/19/2015,3,switch,61,913,2
2/7/2006,3,jcb,197,480,2
9/6/2021,5,jcb,113,965,7
5/10/2009,1,jcb,12,685,11
5/1/2006,3,switch,186,147,9
4/10/2014,2,maestro,124,484,8
12/11/2022,3,americanexpress,173,267,14
12/24/2022,1,mastercard,104,603,1
7/17/2017,1,jcb,87,68,10
12/6/2010,3,visa-electron,200,733,3
10/13/2019,4,visa,122,490,4
6/2/2015,3,switch,91,724,17
2/17/2003,2,jcb,71,813,15
8/23/2010,5,maestro,194,852,16
5/17/2007,5,jcb,135,21,4
11/18/2009,4,jcb,128,89,5
5/18/2013,1,jcb,161,712,16
4/7/2025,3,americanexpress,168,338,18
1/19/2026,5,jcb,7,208,12
6/28/2013,3,laser,9,224,11
11/28/2013,2,mastercard,199,299,17
12/15/2023,4,jcb,11,618,3
2/28/2021,3,mastercard,137,965,14
3/30/2002,5,jcb,188,275,18
7/14/2019,1,mastercard,134,263,15
6/28/2015,1,laser,78,962,14
8/7/2025,1,jcb,107,191,8
12/1/2023,5,instapayment,20,990,1
9/12/2013,5,jcb,21,273,9
9/14/2010,5,jcb,69,265,12
6/18/2001,1,mastercard,56,939,9
2/17/2003,1,jcb,58,791,5
10/3/2016,5,mastercard,196,381,20
9/17/2004,2,diners-club-us-ca,51,239,20
7/20/2006,5,diners-club-carte-blanche,111,193,10
11/12/2015,5,instapayment,65,427,11
7/26/2023,3,visa-electron,35,482,11
6/25/2006,1,switch,21,580,19
5/15/2019,4,americanexpress,102,977,14
3/8/2015,3,visa-electron,149,575,4
11/29/2006,3,diners-club-carte-blanche,167,349,14
5/5/2024,4,diners-club-carte-blanche,91,149,19
1/16/2011,4,jcb,46,376,1
4/21/2013,5,switch,103,860,17
6/10/2017,4,diners-club-carte-blanche,153,682,6
11/22/2015,2,jcb,113,174,12
10/25/2025,5,jcb,28,373,2
6/14/2009,4,diners-club-enroute,23,737,4
2/14/2022,2,china-unionpay,117,162,3
12/28/2020,2,mastercard,116,307,4
10/2/2005,3,mastercard,66,212,11
9/21/2003,3,maestro,170,879,13
7/26/2015,5,jcb,131,416,14
8/15/2016,5,maestro,47,556,6
9/25/2002,2,instapayment,134,668,8
10/22/2007,4,jcb,172,596,2
2/23/2004,4,diners-club-carte-blanche,28,610,9
5/30/2017,2,jcb,14,572,14
11/2/2023,3,instapayment,49,327,17
4/27/2011,3,americanexpress,174,92,6
12/18/2003,2,mastercard,178,799,18
9/7/2018,2,jcb,161,445,12
9/23/2012,4,maestro,159,580,16
11/9/2013,4,china-unionpay,101,633,4
8/1/2008,3,jcb,88,1000,12
9/6/2012,5,jcb,21,763,6
9/4/2020,2,jcb,146,86,1
10/9/2019,5,jcb,200,337,9
1/20/2024,4,maestro,122,910,14
4/5/2003,2,jcb,55,81,18
11/22/2018,3,americanexpress,84,654,16
7/31/2006,1,diners-club-international,93,433,19
10/14/2021,4,jcb,175,464,8
2/3/2020,1,bankcard,157,899,15
2/4/2010,2,bankcard,145,799,11
9/29/2025,5,diners-club-enroute,87,667,7
10/2/2013,2,jcb,159,583,11
4/15/2010,5,jcb,60,997,17
2/25/2023,4,instapayment,70,989,12
3/26/2021,3,jcb,145,493,18
4/18/2003,1,jcb,12,379,17
12/7/2025,3,switch,75,685,13
10/22/2024,4,laser,71,351,20
2/27/2022,3,jcb,73,300,16
2/2/2020,4,mastercard,14,471,17
12/9/2023,3,jcb,133,715,19
4/18/2018,3,jcb,147,399,1
9/13/2008,3,laser,73,713,3
11/12/2003,1,jcb,56,497,4
9/19/2016,5,laser,193,474,19
8/9/2003,2,diners-club-enroute,123,483,12
9/13/2006,4,jcb,128,797,14
7/18/2025,1,jcb,53,33,6
1/24/2024,3,jcb,169,505,9
8/25/2008,1,jcb,85,722,6
9/10/2019,4,jcb,200,376,13
9/26/2002,4,maestro,167,377,15
6/27/2008,1,jcb,166,786,2
9/14/2017,1,mastercard,33,774,2
4/18/2011,3,jcb,11,191,3
4/19/2013,5,jcb,71,130,1
12/9/2025,1,americanexpress,81,187,11
5/9/2022,5,china-unionpay,56,589,7
7/4/2023,2,laser,114,723,4
3/28/2025,2,jcb,24,148,4
11/24/2005,4,visa-electron,62,479,13
2/20/2005,5,jcb,125,362,3
6/24/2013,2,bankcard,141,362,3
12/10/2006,4,laser,189,274,19
6/8/2014,3,laser,139,960,18
8/16/2024,2,americanexpress,125,706,14
7/7/2014,1,laser,69,270,17
11/2/2009,1,switch,150,967,3
4/22/2022,5,jcb,13,870,1
6/25/2016,2,jcb,58,717,18
11/28/2014,1,jcb,172,185,7
11/4/2024,2,mastercard,60,254,5
3/16/2016,3,laser,152,456,16
9/2/2008,5,bankcard,157,270,18
2/16/2016,1,switch,24,727,6
10/11/2022,1,maestro,78,728,7
1/30/2025,4,jcb,188,531,3
5/16/2024,2,jcb,4,858,14
11/25/2009,2,switch,85,26,4
6/21/2004,3,jcb,33,582,11
4/8/2013,2,maestro,117,590,19
8/2/2015,1,visa-electron,133,444,12
5/24/2025,1,china-unionpay,15,393,16
7/28/2024,5,visa-electron,115,674,19
6/29/2007,5,switch,78,660,10
8/16/2015,1,jcb,15,441,20
3/3/2021,5,jcb,115,72,18
3/27/2023,5,americanexpress,199,564,10
7/18/2011,5,jcb,64,397,5
4/22/2020,5,jcb,97,553,5
3/2/2018,5,mastercard,67,78,17
1/28/2006,2,jcb,76,464,10
12/29/2013,1,diners-club-carte-blanche,163,214,12
9/19/2012,2,jcb,190,821,20
7/22/2012,1,americanexpress,89,881,15
5/27/2015,1,instapayment,81,434,14
3/30/2022,2,americanexpress,158,705,19
10/4/2023,5,maestro,9,460,10
6/29/2001,2,mastercard,129,497,12
5/23/2014,4,maestro,113,724,16
2/23/2023,5,jcb,171,681,2
4/1/2025,1,maestro,23,889,4
7/13/2021,5,jcb,127,40,5
12/5/2008,2,switch,26,78,15
7/2/2018,4,jcb,121,883,6
2/3/2002,2,china-unionpay,119,785,7
5/16/2004,2,jcb,11,36,12
1/3/2014,1,bankcard,185,672,18
12/31/2010,2,jcb,175,766,7
10/26/2018,3,maestro,104,52,11
10/31/2003,5,americanexpress,31,553,11
11/11/2013,2,jcb,89,750,9
1/8/2012,4,jcb,136,534,7
4/14/2009,1,jcb,95,417,3
9/29/2010,1,jcb,166,450,13
9/21/2003,5,jcb,89,741,2
6/9/2024,4,jcb,57,924,12
2/4/2014,4,maestro,193,294,13
4/10/2022,1,jcb,82,553,18
8/27/2025,1,mastercard,38,316,17
1/3/2018,5,visa-electron,33,746,11
2/4/2005,2,mastercard,102,565,6
9/2/2010,2,jcb,140,721,17
5/17/2015,2,diners-club-international,88,666,8
12/6/2005,5,jcb,133,974,1
8/23/2011,1,laser,192,571,20
12/8/2010,3,jcb,50,211,7
4/13/2020,3,jcb,33,604,20
11/27/2018,4,jcb,33,717,1
5/5/2010,4,bankcard,97,684,13
1/31/2022,3,laser,74,35,2
8/27/2020,5,jcb,119,769,20
9/25/2019,1,switch,95,588,7
8/24/2015,2,diners-club-us-ca,14,513,1
3/15/2024,4,jcb,66,604,19
7/19/2004,2,visa-electron,82,810,9
12/19/2004,1,jcb,197,604,7
2/17/2019,4,instapayment,93,170,2
6/20/2008,1,solo,193,657,1
8/1/2016,5,mastercard,22,572,19
4/14/2020,5,jcb,81,56,16
8/20/2002,1,jcb,86,815,15
3/22/2006,3,solo,96,473,4
5/26/2004,5,americanexpress,174,779,10
1/3/2020,1,instapayment,1,143,18
7/19/2007,3,jcb,199,193,2
8/20/2022,5,instapayment,144,544,18
11/24/2013,1,jcb,130,957,11
1/23/2005,5,china-unionpay,190,386,2
1/26/2005,5,laser,73,418,17
9/23/2011,4,mastercard,71,409,7
8/5/2014,1,jcb,151,339,8
12/24/2019,4,jcb,24,269,5
3/28/2013,3,jcb,52,388,17
1/26/2007,2,jcb,197,921,16
6/19/2001,2,china-unionpay,24,275,15
5/25/2019,5,china-unionpay,191,164,8
1/6/2002,4,jcb,154,936,15
1/27/2017,2,diners-club-carte-blanche,51,682,18
8/25/2023,5,visa-electron,147,478,15
2/8/2012,4,mastercard,123,20,11
8/21/2014,3,jcb,108,5,13
1/27/2026,1,jcb,190,915,12
11/25/2011,1,jcb,185,222,17
8/2/2019,5,switch,120,40,7
8/20/2025,3,jcb,32,916,2
5/22/2007,2,bankcard,69,999,16
6/22/2004,1,jcb,200,227,9
4/27/2012,2,jcb,147,604,12
11/16/2010,3,visa-electron,73,124,6
10/16/2003,4,diners-club-enroute,170,498,1
10/4/2011,3,jcb,79,191,15
10/28/2001,2,jcb,165,271,13
9/2/2021,1,bankcard,139,479,20
4/21/2007,1,jcb,82,651,8
10/22/2004,3,maestro,46,931,8
12/14/2024,3,mastercard,45,246,7
8/20/2016,1,diners-club-carte-blanche,67,694,4
7/3/2025,2,jcb,164,623,10
7/29/2024,1,jcb,156,420,18
12/25/2025,1,maestro,140,542,13
7/7/2015,3,diners-club-enroute,99,974,11
10/1/2004,4,mastercard,176,719,15
1/5/2020,4,diners-club-international,140,803,11
4/29/2013,4,bankcard,173,255,17
3/7/2017,1,mastercard,106,137,20
6/23/2011,5,jcb,18,599,18
1/19/2024,2,jcb,103,97,15
10/23/2007,5,jcb,104,646,9
11/28/2015,5,diners-club-carte-blanche,98,657,20
8/30/2009,5,china-unionpay,82,314,19
5/24/2015,2,diners-club-carte-blanche,103,683,16
10/16/2003,3,jcb,75,999,17
1/29/2015,3,jcb,3,527,15
5/22/2006,4,jcb,132,995,9
6/16/2003,5,china-unionpay,69,820,15
1/12/2003,4,jcb,111,598,14
12/1/2025,3,diners-club-carte-blanche,89,937,15
11/21/2003,4,jcb,29,317,17
2/28/2010,1,jcb,119,587,8
3/28/2025,2,switch,22,243,18
7/14/2015,3,china-unionpay,107,439,9
1/18/2012,2,jcb,14,262,7
6/29/2007,5,china-unionpay,150,839,19
1/16/2013,1,mastercard,67,866,14
8/3/2002,2,jcb,146,788,8
12/10/2025,4,diners-club-us-ca,166,764,8
3/21/2005,2,mastercard,120,835,17
1/5/2013,3,jcb,90,342,15
2/27/2019,3,laser,156,200,4
5/24/2025,1,diners-club-enroute,183,97,8
7/1/2006,5,solo,34,399,3
4/15/2014,2,switch,26,490,11
12/8/2013,2,jcb,144,35,8
1/27/2013,5,jcb,101,609,8
12/30/2006,1,jcb,20,65,6
4/8/2025,4,jcb,189,36,1
1/7/2007,3,mastercard,109,309,11
8/12/2012,5,visa-electron,9,565,13
8/2/2012,5,visa-electron,156,56,10
4/26/2002,1,mastercard,169,816,10
8/11/2025,5,maestro,188,221,3
10/7/2022,1,jcb,76,914,19
7/25/2020,2,jcb,78,473,19
8/2/2015,1,jcb,5,479,20
4/30/2010,2,mastercard,108,230,5
3/17/2025,2,maestro,6,960,12
10/22/2024,5,americanexpress,137,564,10
8/26/2003,3,jcb,104,454,9
4/23/2026,1,jcb,101,256,18
3/27/2012,2,jcb,141,848,1
12/27/2014,4,diners-club-carte-blanche,5,905,1
11/14/2008,4,jcb,116,939,13
2/18/2005,1,diners-club-international,75,519,4
1/2/2022,5,jcb,13,75,13
10/7/2017,4,mastercard,143,775,17
12/13/2001,5,jcb,88,447,19
10/6/2011,1,china-unionpay,134,752,5
3/13/2017,4,diners-club-enroute,26,260,11
6/14/2014,2,jcb,104,149,7
1/31/2005,5,visa,56,824,9
1/19/2020,1,jcb,184,384,2
3/29/2020,5,maestro,94,399,8
7/6/2013,4,jcb,45,488,4
3/21/2014,1,jcb,182,758,5
9/1/2005,5,visa-electron,159,574,13
7/21/2019,3,jcb,166,849,7
3/24/2020,2,jcb,12,592,13
6/18/2016,3,jcb,25,441,5
7/18/2015,4,mastercard,171,148,9
8/1/2010,3,maestro,26,110,12
3/5/2020,1,solo,155,401,2
7/25/2022,1,switch,43,304,12
1/2/2010,1,jcb,40,282,13
5/28/2023,2,switch,28,365,18
2/20/2009,4,jcb,141,461,17
2/6/2002,2,mastercard,113,447,1
9/25/2005,4,jcb,108,143,4
7/3/2020,3,china-unionpay,95,666,5
7/17/2016,5,jcb,153,228,8
1/23/2014,2,jcb,168,638,4
9/4/2001,4,americanexpress,69,15,16
8/4/2001,2,jcb,195,860,1
3/22/2016,3,instapayment,162,469,20
12/13/2023,4,diners-club-carte-blanche,200,981,16
8/28/2008,1,diners-club-carte-blanche,78,315,9
10/31/2025,1,jcb,47,306,3
1/15/2024,4,mastercard,69,242,12
1/7/2016,3,jcb,171,798,19
12/31/2016,4,jcb,60,511,14
1/16/2009,1,americanexpress,147,397,13
10/23/2011,4,diners-club-carte-blanche,191,986,19
3/4/2009,4,maestro,44,231,8
5/3/2013,2,instapayment,3,504,6
11/21/2010,5,jcb,77,653,19
8/13/2010,4,jcb,126,930,1
9/2/2025,3,switch,52,352,15
5/3/2018,4,diners-club-enroute,25,361,18
1/6/2013,1,china-unionpay,104,674,8
2/4/2025,2,jcb,21,149,2
7/9/2005,1,visa-electron,195,797,19
10/21/2025,4,visa,92,599,16
1/25/2024,1,mastercard,156,804,16
7/5/2016,1,diners-club-carte-blanche,182,385,6
11/29/2016,2,jcb,155,918,2
1/13/2005,3,maestro,31,179,4
8/3/2022,5,jcb,152,437,2
7/11/2019,2,jcb,194,944,16
8/23/2020,4,jcb,5,597,11
12/19/2001,5,jcb,148,21,6
12/29/2018,2,visa-electron,132,117,19
5/22/2009,5,instapayment,183,17,17
6/5/2021,1,jcb,195,945,1
8/16/2012,4,diners-club-enroute,124,554,3
2/23/2022,2,instapayment,34,253,9
8/23/2007,5,jcb,161,686,4
2/21/2008,2,mastercard,141,102,3
7/10/2023,5,jcb,168,43,4
7/9/2012,1,jcb,17,306,16
5/16/2007,3,americanexpress,86,920,9
11/23/2007,2,americanexpress,56,184,20
10/24/2017,2,jcb,45,457,19
2/21/2021,1,maestro,41,222,14
6/24/2008,3,jcb,121,602,8
6/13/2024,3,maestro,113,859,14
9/13/2001,3,switch,137,608,12
10/21/2025,4,jcb,60,598,19
12/22/2012,1,jcb,1,970,10
9/25/2012,2,laser,153,382,19
11/19/2008,1,china-unionpay,16,722,19
2/18/2015,2,diners-club-carte-blanche,60,89,1
11/10/2015,1,jcb,134,485,11
2/2/2019,3,maestro,200,826,3
12/30/2016,4,jcb,85,622,5
12/12/2016,3,jcb,38,248,1
11/22/2015,1,jcb,183,409,14
3/15/2012,4,diners-club-enroute,172,104,14
3/3/2024,1,switch,156,638,15
9/25/2007,4,jcb,189,644,13
12/12/2001,3,americanexpress,182,842,19
3/22/2022,5,americanexpress,87,425,2
12/3/2014,1,mastercard,187,496,12
9/15/2014,4,visa-electron,105,846,4
3/30/2012,2,visa-electron,58,276,17
6/24/2023,1,switch,127,824,5
12/8/2025,5,visa-electron,85,254,2
4/21/2009,5,jcb,177,495,2
12/29/2011,5,china-unionpay,1,824,11
2/5/2003,3,bankcard,50,442,9
10/3/2006,5,instapayment,136,32,16
4/14/2013,2,diners-club-carte-blanche,33,614,17
5/27/2006,2,laser,77,989,8
4/26/2014,2,visa-electron,78,123,20
11/24/2006,1,jcb,38,772,16
10/18/2016,4,mastercard,33,348,5
3/27/2010,4,jcb,87,417,9
1/28/2013,2,china-unionpay,31,619,3
9/23/2019,3,visa-electron,126,492,18
11/16/2018,3,jcb,129,490,7
3/18/2005,3,diners-club-enroute,90,33,7
9/24/2022,3,jcb,79,249,4
12/21/2018,3,diners-club-enroute,148,758,1
5/4/2015,2,jcb,130,587,16
11/26/2019,2,switch,45,858,16
7/1/2008,2,jcb,198,507,15
12/15/2011,3,jcb,29,221,15
2/1/2024,1,jcb,183,326,19
8/28/2010,5,jcb,147,436,5
8/17/2017,2,jcb,25,669,14
9/22/2011,5,jcb,146,388,15
10/12/2023,1,jcb,170,387,20
11/21/2015,3,jcb,112,56,13
6/11/2011,4,mastercard,165,284,17
10/13/2024,4,americanexpress,169,228,11
11/10/2010,5,americanexpress,39,588,13
7/24/2005,1,jcb,104,323,16
10/30/2002,5,bankcard,132,259,17
3/19/2022,2,americanexpress,90,641,10
7/18/2012,1,china-unionpay,56,61,11
10/23/2002,3,diners-club-us-ca,4,321,19
2/26/2023,2,jcb,51,248,14
7/17/2019,5,maestro,152,412,7
3/4/2007,5,jcb,103,842,14
8/6/2021,4,instapayment,168,372,14
11/6/2013,4,jcb,56,576,4
7/3/2019,1,jcb,48,596,20
8/16/2011,5,bankcard,15,513,4
9/18/2006,5,bankcard,115,712,7
6/25/2021,1,mastercard,112,971,3
8/31/2006,1,jcb,186,812,6
5/19/2002,5,visa,197,997,2
11/28/2012,4,americanexpress,187,768,10
3/10/2022,5,jcb,70,988,9
12/21/2003,3,mastercard,159,136,10
11/3/2006,3,visa-electron,1,629,20
3/7/2018,5,mastercard,112,199,19
5/24/2012,2,jcb,27,787,10
1/28/2009,3,solo,95,46,12
5/22/2016,5,mastercard,43,939,18
7/17/2004,5,maestro,21,177,4
7/27/2017,3,jcb,156,31,15
5/5/2002,3,jcb,159,148,5
9/22/2015,3,jcb,30,402,2
1/2/2007,3,visa,60,95,15
7/15/2019,2,visa-electron,101,873,2
12/15/2006,4,jcb,34,960,16
2/16/2005,3,visa-electron,42,401,7
5/25/2018,3,jcb,63,110,6
3/29/2015,1,jcb,115,962,16
8/17/2024,1,jcb,163,144,6
7/3/2001,2,jcb,78,497,20
10/28/2001,5,jcb,70,19,11
7/12/2005,3,maestro,191,656,10
1/10/2018,3,jcb,200,302,8
1/18/2024,5,americanexpress,59,344,15
2/10/2015,1,maestro,35,912,12
7/5/2017,2,americanexpress,6,63,11
2/12/2026,4,china-unionpay,13,505,13
8/29/2018,1,jcb,152,96,10
5/11/2009,3,visa-electron,184,352,8
4/24/2013,5,china-unionpay,118,952,19
11/21/2001,1,mastercard,59,165,14
10/7/2008,1,jcb,102,264,11
5/4/2018,2,jcb,113,709,6
1/30/2017,4,jcb,65,707,18
12/30/2024,3,jcb,120,522,3
11/23/2025,3,jcb,189,977,15
7/1/2023,2,maestro,54,749,7
11/16/2018,5,maestro,33,37,19
9/20/2022,5,china-unionpay,82,493,7
2/5/2011,3,maestro,113,812,19
1/5/2009,5,china-unionpay,128,475,3
6/28/2016,4,china-unionpay,10,515,18
4/28/2004,2,jcb,76,475,3
1/20/2026,3,americanexpress,21,600,16
8/6/2023,4,jcb,143,488,12
1/31/2021,3,switch,145,161,11
8/15/2004,2,mastercard,183,971,7
11/23/2018,2,laser,103,751,12
3/13/2018,3,visa,111,203,18
8/16/2003,4,diners-club-enroute,166,567,8
3/18/2012,2,laser,90,654,9
2/18/2017,3,laser,157,599,13
6/23/2005,2,laser,123,324,16
3/21/2017,1,jcb,63,384,11
7/28/2014,4,laser,94,362,11
9/3/2001,1,china-unionpay,94,736,14
11/5/2018,4,jcb,8,847,8
11/20/2009,4,jcb,87,326,5
6/21/2019,4,diners-club-carte-blanche,27,223,8
9/12/2013,5,jcb,191,922,2
12/31/2009,4,visa-electron,73,139,8
9/23/2023,3,jcb,168,324,1
10/27/2021,2,jcb,171,300,1
11/17/2015,1,switch,49,858,8
3/5/2010,3,jcb,54,176,6
5/24/2020,3,jcb,181,671,5
1/6/2020,5,americanexpress,141,549,18
6/25/2001,5,jcb,131,866,20
11/14/2006,5,jcb,96,512,7
5/14/2003,4,jcb,128,872,20
8/24/2006,3,jcb,35,38,6
2/11/2022,3,jcb,5,921,12
9/21/2004,5,switch,79,836,4
2/14/2009,5,jcb,130,367,19
4/6/2017,5,visa-electron,137,722,17
12/9/2020,4,jcb,185,397,8
10/23/2018,2,jcb,66,982,2
4/25/2020,1,jcb,151,719,14
4/11/2014,4,mastercard,15,223,14
8/26/2003,2,jcb,24,68,17
6/18/2007,4,maestro,177,83,8
4/17/2022,1,mastercard,191,549,9
12/2/2017,5,switch,154,831,14
11/24/2006,5,jcb,10,230,4
5/28/2020,2,diners-club-enroute,150,586,5
3/30/2003,2,jcb,81,564,16
3/13/2012,4,mastercard,45,790,19
10/12/2017,1,china-unionpay,16,909,12
11/24/2015,5,jcb,96,27,3
2/6/2004,3,jcb,159,324,18
4/17/2017,4,mastercard,178,597,20
8/22/2019,3,bankcard,67,631,13
9/21/2001,3,jcb,190,721,19
5/11/2022,5,jcb,192,357,10
10/18/2025,4,jcb,123,365,20
2/17/2020,5,bankcard,153,744,20
8/25/2021,4,jcb,200,592,11
3/4/2022,2,jcb,10,47,10
10/31/2011,3,jcb,72,502,12
10/23/2005,4,bankcard,158,959,8
12/4/2002,3,diners-club-enroute,171,636,14
11/21/2010,5,jcb,62,503,17
4/30/2018,2,diners-club-enroute,115,132,17
9/2/2017,3,jcb,137,584,3
1/2/2014,2,diners-club-carte-blanche,157,920,5
1/23/2017,5,jcb,103,389,16
4/10/2009,3,visa,36,768,10
9/14/2004,3,jcb,38,950,20
10/17/2021,4,jcb,199,485,18
2/3/2015,3,jcb,58,209,4
9/7/2003,2,jcb,5,88,12
5/30/2020,1,jcb,42,635,12
8/26/2008,5,jcb,101,616,20
10/25/2002,2,mastercard,26,574,13
6/9/2011,2,mastercard,92,598,10
12/19/2013,5,bankcard,190,205,9
7/13/2003,2,jcb,95,219,4
9/12/2013,2,maestro,73,350,18
11/8/2004,3,instapayment,114,335,20
5/8/2015,5,jcb,113,637,16
5/26/2005,4,mastercard,76,946,8
10/22/2013,3,visa-electron,72,803,1
10/21/2002,3,jcb,120,491,15
11/28/2025,3,jcb,59,571,15
10/5/2005,5,diners-club-carte-blanche,138,418,7
8/3/2004,2,jcb,39,678,4
5/30/2023,4,jcb,198,597,11
11/8/2020,4,jcb,22,901,20
10/12/2014,3,jcb,102,637,7
11/18/2017,4,mastercard,25,520,16
12/17/2013,2,diners-club-enroute,133,728,8
1/28/2025,2,jcb,99,756,7
11/2/2001,3,maestro,48,307,13
7/16/2023,1,jcb,84,617,20
8/18/2003,4,mastercard,21,842,17
9/22/2023,3,jcb,112,656,16
11/20/2020,2,jcb,51,131,12
6/26/2018,5,jcb,26,676,3
9/15/2024,5,jcb,194,22,20
9/19/2007,4,jcb,48,196,16
4/10/2005,1,maestro,27,75,5
3/3/2026,2,diners-club-enroute,112,488,10
12/10/2012,2,visa-electron,3,134,13
9/1/2020,4,jcb,161,450,3
6/2/2017,4,diners-club-carte-blanche,187,150,18
2/19/2022,5,jcb,157,527,2
12/19/2016,3,switch,8,105,18
1/5/2010,4,bankcard,108,168,8
2/25/2016,1,diners-club-carte-blanche,72,249,6
2/15/2002,2,bankcard,167,401,2
5/12/2004,1,visa-electron,137,696,8
3/17/2008,1,americanexpress,49,546,13
8/1/2004,5,diners-club-enroute,159,39,6
3/12/2004,4,jcb,55,194,7
8/3/2011,2,mastercard,146,976,16
11/11/2016,3,maestro,197,668,14
1/4/2024,4,china-unionpay,71,395,7
7/20/2025,4,switch,48,541,2
6/11/2010,4,jcb,40,383,2
2/10/2024,2,maestro,34,821,2
9/13/2014,3,jcb,169,61,16
8/24/2011,2,switch,86,730,2
1/23/2014,1,switch,85,532,5
11/27/2017,4,mastercard,196,483,13
4/11/2021,1,visa-electron,144,341,1
3/6/2015,1,jcb,127,698,19
7/26/2013,2,instapayment,72,729,17
7/22/2014,1,china-unionpay,81,243,7
10/21/2021,5,jcb,91,907,6
6/11/2025,5,visa-electron,177,284,20
8/19/2005,5,jcb,48,87,19
6/18/2022,1,jcb,170,506,14
4/9/2025,4,visa-electron,128,671,19
12/13/2019,5,jcb,179,326,15
5/6/2016,5,jcb,70,660,19
6/5/2003,4,jcb,53,56,10
11/12/2023,1,maestro,193,825,10
3/16/2013,3,jcb,101,827,8
9/6/2004,3,jcb,142,916,10
10/27/2022,5,mastercard,69,340,16
6/14/2006,5,switch,22,798,1
10/27/2021,2,jcb,135,463,16
11/4/2006,1,bankcard,171,857,16
9/7/2019,5,mastercard,14,262,12
6/27/2020,1,jcb,31,880,3
8/4/2012,3,visa-electron,96,959,8
3/4/2017,3,diners-club-carte-blanche,151,185,10
10/29/2010,1,mastercard,27,806,8
1/9/2012,4,diners-club-enroute,116,498,8
9/6/2011,2,switch,198,469,14
8/21/2015,1,maestro,26,20,18
11/12/2009,1,americanexpress,196,559,2
3/13/2024,4,americanexpress,184,98,5
8/3/2001,2,visa-electron,5,575,17
11/14/2020,1,jcb,160,206,13
9/24/2017,2,jcb,69,8,16
1/7/2024,5,switch,76,415,2
2/26/2009,3,bankcard,121,443,20
3/14/2016,4,diners-club-carte-blanche,115,856,4
11/17/2018,1,maestro,176,188,19
12/30/2008,5,china-unionpay,17,568,15
10/6/2006,5,mastercard,176,135,12
4/10/2023,3,jcb,115,357,7
8/31/2010,5,visa,97,251,7
3/18/2004,5,jcb,169,899,2
12/29/2008,4,jcb,143,280,6
5/30/2018,4,china-unionpay,157,574,1
8/2/2006,4,jcb,71,624,9
9/4/2016,1,maestro,49,623,4
4/9/2011,4,switch,191,520,9
1/8/2010,5,bankcard,17,492,1
10/4/2004,3,diners-club-carte-blanche,148,201,15
7/7/2011,5,bankcard,136,107,2
12/22/2003,1,mastercard,74,685,6
9/14/2005,1,diners-club-international,5,206,14
10/24/2002,1,jcb,28,755,9
5/1/2025,5,jcb,26,558,15
7/2/2002,4,jcb,136,856,2
7/16/2009,1,jcb,87,729,11
1/30/2006,5,bankcard,70,816,16
12/31/2007,5,jcb,78,970,13
8/6/2024,4,jcb,79,187,19
4/11/2020,1,jcb,165,378,18
6/15/2008,5,mastercard,139,93,6
9/7/2025,1,jcb,14,773,17
8/11/2012,5,laser,149,595,6
9/25/2010,3,china-unionpay,77,429,16
7/4/2007,2,visa-electron,98,475,9
11/18/2010,3,diners-club-enroute,118,505,2
7/5/2021,3,switch,200,232,20
8/4/2020,3,jcb,107,535,5
11/19/2001,3,mastercard,21,312,6
4/24/2004,3,jcb,137,326,20
7/3/2017,1,jcb,144,641,7
2/4/2023,5,solo,7,462,14
5/4/2001,1,jcb,113,762,20
11/16/2014,2,jcb,195,499,1
9/15/2016,3,diners-club-us-ca,148,888,16
5/13/2025,1,visa-electron,200,258,3
1/17/2008,5,jcb,33,470,10
10/17/2018,2,jcb,151,568,12
4/2/2015,1,diners-club-us-ca,98,416,12
5/16/2020,1,jcb,64,171,8
4/4/2007,5,americanexpress,122,917,16
7/7/2019,3,mastercard,74,237,13
8/6/2015,5,bankcard,49,624,20
2/25/2004,3,instapayment,143,636,20
11/26/2014,5,switch,156,576,12
10/26/2023,1,mastercard,1,542,7
9/4/2005,1,visa-electron,195,538,18
8/19/2018,2,switch,166,547,11
7/15/2005,4,jcb,65,429,1
3/16/2016,3,jcb,150,751,3
11/7/2018,4,diners-club-carte-blanche,125,696,16
8/23/2006,3,switch,193,922,14
12/14/2010,2,americanexpress,152,462,17
1/26/2007,2,diners-club-enroute,148,11,1
6/8/2012,1,diners-club-us-ca,117,42,7
3/15/2018,2,diners-club-enroute,134,925,17
6/27/2024,1,bankcard,113,770,19
12/31/2013,2,visa,175,455,9
8/11/2008,4,diners-club-enroute,177,393,13
4/12/2023,1,jcb,15,615,8
2/22/2006,1,diners-club-international,134,837,1
6/15/2005,2,jcb,35,261,19
5/25/2007,2,mastercard,126,452,18
8/27/2008,5,diners-club-enroute,186,705,9
12/8/2002,4,jcb,4,577,11
5/3/2019,4,jcb,42,906,11
6/18/2009,4,jcb,183,699,9
9/27/2022,5,switch,147,226,14
10/16/2009,3,bankcard,102,839,17
11/28/2002,4,visa-electron,130,327,4
5/12/2022,3,bankcard,59,548,14
3/26/2004,1,mastercard,159,959,19
1/29/2026,3,jcb,99,128,8
4/20/2002,5,jcb,90,371,4
5/8/2021,1,jcb,9,497,20
7/18/2023,5,visa-electron,71,480,9
11/11/2025,5,jcb,22,356,11
10/10/2004,3,diners-club-us-ca,53,575,18
10/14/2016,3,jcb,178,927,17
7/20/2015,2,jcb,149,328,15
10/2/2019,1,jcb,90,881,6
2/8/2018,5,china-unionpay,193,686,20
3/27/2011,4,visa,37,256,11
8/1/2001,3,jcb,128,356,11
7/5/2022,5,bankcard,179,10,10
9/18/2023,5,bankcard,130,993,9
7/23/2024,1,jcb,71,322,14
12/17/2018,2,mastercard,188,38,19
12/29/2002,3,visa-electron,121,425,4
12/11/2019,4,switch,27,890,20
6/4/2011,1,jcb,65,550,2
2/2/2011,4,jcb,134,849,7
8/11/2025,2,mastercard,48,902,10
12/26/2001,4,jcb,17,128,7
11/28/2025,5,mastercard,126,880,12
3/30/2017,1,laser,106,592,15
3/1/2025,4,americanexpress,70,788,4
9/29/2002,5,solo,36,14,19
3/22/2019,1,laser,67,864,2
2/21/2013,2,jcb,58,391,2
3/29/2016,4,jcb,4,170,11
4/7/2026,5,laser,131,256,15
11/11/2001,5,bankcard,153,798,5
8/21/2009,5,china-unionpay,58,76,13
4/30/2018,3,jcb,99,336,14
3/27/2002,2,jcb,93,369,20
11/6/2015,1,mastercard,155,235,9
9/16/2005,1,jcb,160,683,12
9/6/2017,4,jcb,170,606,6
8/2/2019,3,china-unionpay,30,572,2
6/24/2022,1,jcb,120,385,7
6/9/2025,3,jcb,108,670,5
1/3/2002,3,visa,142,27,15
1/9/2005,3,diners-club-carte-blanche,1,473,18
8/16/2016,3,jcb,99,824,2
8/30/2024,5,diners-club-enroute,22,812,7
10/17/2021,5,diners-club-carte-blanche,102,743,1
12/18/2021,5,diners-club-carte-blanche,129,133,15
2/17/2021,4,jcb,159,821,1
1/23/2020,1,maestro,123,193,18
4/27/2025,4,jcb,75,725,3
11/1/2006,1,jcb,198,713,7
8/6/2007,5,jcb,152,40,7
10/15/2019,4,laser,60,10,6
2/12/2020,2,laser,191,249,13
3/21/2025,3,jcb,159,220,11
4/21/2005,3,jcb,33,682,13
3/22/2014,5,diners-club-carte-blanche,136,721,8
8/6/2006,1,jcb,115,27,3
10/12/2012,4,jcb,180,388,8
11/20/2006,4,jcb,102,694,12
4/23/2022,1,mastercard,11,952,3
11/23/2014,2,bankcard,119,919,3
11/14/2002,3,americanexpress,134,480,14
8/26/2025,4,diners-club-enroute,121,780,12
12/26/2006,1,jcb,42,855,8
12/30/2023,1,maestro,139,685,12
10/6/2021,1,diners-club-enroute,130,825,3
9/27/2008,2,maestro,74,912,7
8/22/2007,2,jcb,191,736,19
1/7/2011,4,switch,90,700,5
1/31/2012,2,maestro,71,186,4
12/14/2018,5,diners-club-carte-blanche,181,849,18
12/8/2019,2,instapayment,174,416,9
2/14/2019,1,china-unionpay,103,391,14
3/22/2023,1,switch,159,925,12
7/2/2014,2,jcb,91,749,7
4/1/2025,5,china-unionpay,195,602,19
8/18/2005,3,jcb,147,188,19
12/1/2015,3,diners-club-us-ca,195,680,12
1/24/2006,2,maestro,12,829,3
10/21/2021,4,jcb,105,940,9
9/11/2001,3,mastercard,76,937,10
10/8/2023,5,mastercard,43,800,3
10/10/2003,4,jcb,121,916,16
3/15/2024,3,diners-club-carte-blanche,135,643,16
9/30/2017,3,jcb,11,544,16
6/16/2019,4,instapayment,68,918,12
4/25/2014,4,diners-club-carte-blanche,28,135,9
8/1/2012,5,visa-electron,67,441,5
4/9/2004,1,jcb,123,959,3
9/30/2003,4,mastercard,142,8,1
5/11/2024,3,diners-club-enroute,165,511,5
8/22/2021,5,solo,172,533,15
4/12/2019,4,jcb,16,662,19
11/16/2012,5,laser,58,947,10
1/29/2017,1,mastercard,178,810,10
9/11/2022,5,jcb,151,935,10
5/5/2023,3,switch,160,849,18
11/18/2017,3,jcb,158,388,11
12/13/2017,1,jcb,123,897,19
12/14/2022,5,mastercard,85,654,5
5/6/2022,5,jcb,77,504,6
5/26/2006,5,bankcard,182,456,4
7/31/2001,4,diners-club-enroute,194,759,6
1/17/2026,3,switch,46,811,5
2/15/2010,3,diners-club-enroute,56,661,12
5/4/2017,1,diners-club-carte-blanche,101,510,14
1/10/2005,5,jcb,191,239,10
1/25/2002,1,jcb,129,658,17
2/28/2004,1,americanexpress,97,69,6
6/10/2013,5,jcb,128,705,20
4/9/2015,5,china-unionpay,62,182,11
8/20/2008,3,maestro,137,170,1
2/21/2010,4,mastercard,24,833,12
10/6/2012,1,jcb,178,85,13
6/30/2011,1,mastercard,2,740,17
5/8/2022,2,jcb,156,585,7
9/24/2010,3,jcb,112,347,16
1/19/2010,3,jcb,151,471,5
3/18/2004,4,jcb,118,264,14
12/13/2014,4,jcb,104,271,4
7/7/2017,4,bankcard,89,526,2
12/10/2023,2,jcb,154,862,3
11/9/2012,5,jcb,170,721,10
9/6/2010,4,jcb,171,872,4
8/7/2024,4,solo,93,89,14
11/14/2003,3,visa,137,696,15
10/6/2004,5,jcb,43,350,7
4/10/2020,1,visa-electron,187,775,18
1/24/2006,1,bankcard,174,971,20
1/9/2013,5,laser,105,689,7
8/2/2014,1,jcb,6,116,12
2/27/2007,1,jcb,139,451,15
3/8/2019,4,jcb,36,866,19
2/20/2018,4,diners-club-international,105,25,18
12/9/2018,2,jcb,193,449,14
5/11/2015,3,diners-club-enroute,85,839,13
8/17/2007,4,jcb,1,552,20
1/23/2016,3,jcb,152,989,17
5/6/2018,3,maestro,139,423,10
8/5/2014,1,jcb,158,456,19
6/3/2003,2,laser,14,667,14
5/27/2015,3,jcb,117,964,1
4/7/2009,4,jcb,128,288,19
11/26/2006,3,diners-club-enroute,146,638,2
3/26/2020,4,maestro,97,128,16
10/6/2025,3,americanexpress,4,472,8
10/19/2010,1,visa,164,152,14
10/11/2018,4,jcb,87,322,9
10/20/2011,5,instapayment,106,200,3
6/18/2012,4,jcb,165,224,10
11/22/2014,3,jcb,43,251,10
11/12/2022,3,china-unionpay,180,797,18
1/16/2025,3,switch,49,168,5
11/15/2006,2,americanexpress,58,886,7
11/24/2014,1,americanexpress,87,442,14
8/29/2005,1,china-unionpay,189,246,2
12/16/2014,2,jcb,29,697,10
10/16/2024,5,jcb,51,260,18
8/19/2006,5,visa-electron,196,269,6
9/15/2022,2,jcb,90,938,6
1/2/2017,3,jcb,78,910,10
3/17/2017,1,diners-club-enroute,109,226,20
3/23/2026,3,americanexpress,99,431,20
2/17/2010,1,mastercard,166,855,14
5/6/2001,2,bankcard,67,292,13
7/28/2011,5,maestro,159,379,15
11/25/2001,1,maestro,116,915,16
3/26/2024,4,diners-club-enroute,141,133,5
5/22/2008,3,mastercard,106,411,2
3/19/2013,2,jcb,30,892,11
11/11/2007,4,jcb,170,885,19
6/21/2008,3,jcb,67,39,13
10/24/2015,2,jcb,5,995,12
12/25/2005,5,visa,152,798,4
11/23/2018,1,bankcard,98,497,10
8/17/2010,5,jcb,198,472,17
11/5/2011,5,mastercard,149,92,14
7/12/2025,4,switch,161,352,18
10/4/2016,4,china-unionpay,179,986,14
9/4/2018,5,jcb,58,617,3
4/21/2003,3,diners-club-enroute,43,829,16
12/15/2008,3,switch,81,444,1
10/11/2003,2,jcb,83,799,18
4/16/2013,3,jcb,120,917,13
4/5/2023,1,maestro,8,729,8
11/3/2025,5,mastercard,131,310,4
12/10/2006,2,jcb,127,396,13
7/1/2003,1,jcb,9,557,10
7/24/2008,1,visa-electron,160,890,3
5/27/2004,3,instapayment,72,464,13
1/21/2005,3,jcb,133,311,17
5/25/2020,2,americanexpress,41,228,9
11/7/2001,4,switch,117,719,8
5/7/2021,3,jcb,100,536,11
9/30/2025,4,china-unionpay,145,905,4
12/10/2005,4,diners-club-carte-blanche,37,197,8
1/1/2022,5,mastercard,145,817,10
10/18/2013,3,jcb,148,131,9
3/16/2012,2,switch,186,525,15
4/23/2014,1,switch,163,205,6
1/19/2006,1,china-unionpay,73,687,20
12/14/2012,4,maestro,162,584,20
5/25/2018,4,jcb,9,316,11
6/30/2003,4,americanexpress,167,311,12
3/23/2009,3,mastercard,77,314,7
4/10/2004,2,switch,146,129,19
3/25/2026,4,jcb,111,941,19
7/23/2010,3,jcb,45,688,19
5/26/2001,2,mastercard,16,44,3
6/11/2024,4,jcb,189,635,6
10/25/2024,1,mastercard,88,535,7
3/21/2002,3,jcb,81,398,4
1/25/2005,2,jcb,177,173,1
3/10/2012,5,maestro,42,274,19
4/11/2021,3,jcb,158,38,11
3/4/2017,5,diners-club-carte-blanche,189,755,9
3/23/2025,4,mastercard,182,584,17
5/10/2018,4,diners-club-enroute,66,690,15
11/18/2014,4,jcb,97,615,6
5/27/2023,4,diners-club-enroute,43,650,16
10/6/2015,3,mastercard,50,406,13
7/18/2022,5,jcb,29,403,8
1/18/2003,5,jcb,171,379,4
9/4/2025,1,diners-club-international,35,480,6
5/10/2003,2,china-unionpay,25,389,14
7/28/2008,3,diners-club-enroute,18,840,17
2/12/2018,1,jcb,20,270,16
4/13/2012,1,jcb,68,543,7
1/31/2012,3,jcb,191,428,5
5/11/2017,2,solo,119,99,1
11/20/2021,3,jcb,75,878,11
9/29/2022,4,jcb,147,615,14
10/6/2014,5,jcb,175,1,14
3/30/2005,1,jcb,63,117,16
11/11/2014,5,jcb,127,921,13
12/9/2004,4,americanexpress,171,938,3
5/22/2005,1,jcb,189,170,2
6/10/2019,2,jcb,89,802,11
8/30/2009,5,jcb,166,785,8
7/15/2010,5,jcb,81,706,4
10/20/2002,3,jcb,9,858,10
3/29/2010,2,laser,45,46,14
7/19/2010,2,visa-electron,133,289,18
7/24/2008,3,jcb,121,606,4
5/29/2011,5,china-unionpay,4,827,9
2/27/2007,3,laser,57,897,17
10/23/2007,3,bankcard,33,543,15
10/4/2007,3,jcb,106,95,16
4/24/2011,2,diners-club-enroute,198,821,7
1/29/2023,3,maestro,75,449,19
8/2/2012,3,mastercard,77,711,15
8/18/2001,2,diners-club-carte-blanche,80,824,15
3/5/2007,5,jcb,157,983,8
7/3/2001,3,jcb,186,504,2
1/7/2026,1,bankcard,68,283,15
2/7/2006,1,bankcard,109,927,14
3/19/2024,4,mastercard,111,211,4
3/21/2018,1,switch,20,439,4
5/26/2017,5,jcb,125,543,6
3/24/2011,3,jcb,22,135,19
3/9/2018,1,jcb,185,409,7
12/25/2004,3,switch,139,594,20
9/12/2025,1,bankcard,187,695,10
5/3/2019,4,jcb,15,953,12
9/29/2004,2,jcb,192,177,4
4/26/2014,2,jcb,176,346,6
5/12/2024,1,diners-club-enroute,51,612,19
11/10/2014,2,laser,86,650,17
12/31/2014,3,jcb,125,326,18
10/5/2011,1,americanexpress,68,551,9
7/30/2013,2,jcb,132,435,7
8/12/2009,4,americanexpress,126,411,6
3/24/2016,4,bankcard,86,690,20
7/20/2025,4,diners-club-enroute,95,865,14
4/17/2010,4,mastercard,194,77,6
11/30/2016,2,maestro,8,326,9
12/6/2006,4,jcb,47,645,1
6/10/2014,5,switch,180,850,15
3/5/2024,3,jcb,35,832,6
7/23/2015,2,jcb,31,505,9
5/12/2013,5,mastercard,10,875,3
6/20/2014,4,jcb,96,861,2
12/27/2025,4,mastercard,135,903,2
12/14/2013,5,jcb,164,834,14
10/2/2010,5,maestro,185,37,9
12/22/2006,5,diners-club-enroute,9,720,5
11/23/2013,3,jcb,199,779,2
8/24/2009,3,visa-electron,13,891,15
7/20/2011,1,bankcard,166,381,12
5/1/2011,3,diners-club-carte-blanche,195,704,17
11/7/2007,2,jcb,114,278,20
8/15/2007,1,jcb,111,310,18
4/6/2005,2,maestro,18,738,20
7/3/2005,1,visa-electron,146,581,17
7/8/2008,3,americanexpress,24,274,17
7/25/2009,1,jcb,80,598,8
1/1/2016,1,mastercard,44,919,11
11/12/2010,1,maestro,19,696,3
1/9/2013,4,jcb,20,52,17
3/9/2020,3,jcb,8,824,16
8/6/2003,2,mastercard,110,67,3
3/6/2022,3,jcb,160,129,3
6/30/2009,3,jcb,131,765,1
1/18/2014,2,jcb,101,773,5
9/30/2021,3,jcb,197,61,18
5/3/2024,4,jcb,134,698,9
9/26/2020,4,visa-electron,176,345,7
11/7/2020,2,mastercard,130,639,9
12/2/2006,3,visa-electron,52,987,8
4/26/2002,2,jcb,174,36,6
1/11/2023,3,diners-club-carte-blanche,150,114,6
10/13/2004,4,maestro,163,295,14
7/12/2008,2,diners-club-carte-blanche,49,719,4
10/16/2017,4,diners-club-enroute,75,198,10
4/7/2015,5,maestro,76,775,10
5/16/2008,1,americanexpress,125,424,4
2/15/2021,2,mastercard,44,659,14
11/16/2007,5,jcb,127,810,19
6/4/2019,2,laser,118,706,8
12/17/2023,2,maestro,49,843,18
11/3/2025,3,visa-electron,125,261,16
1/14/2013,4,visa-electron,166,687,3
4/17/2020,4,visa-electron,82,282,8
9/20/2002,4,diners-club-enroute,77,955,3
9/23/2020,2,jcb,101,641,20
7/1/2006,5,jcb,193,458,7
5/15/2002,1,jcb,61,783,15
6/9/2002,2,jcb,177,833,19
11/10/2022,3,diners-club-enroute,194,957,4
10/5/2003,3,mastercard,190,955,8
11/13/2012,4,jcb,148,403,16
4/22/2003,3,diners-club-enroute,152,195,10
10/21/2005,4,mastercard,142,212,3
9/5/2003,5,jcb,153,223,9
4/3/2002,1,jcb,96,674,4
10/12/2018,4,switch,54,357,18
9/10/2014,3,jcb,45,452,14
10/29/2002,5,jcb,100,249,13
12/30/2025,3,laser,109,309,18
9/25/2009,4,americanexpress,159,951,16
3/10/2008,2,jcb,19,595,4
1/17/2010,2,jcb,152,40,8
12/26/2013,4,jcb,38,242,20
7/1/2011,4,jcb,102,658,7
6/27/2006,4,jcb,11,95,1
8/22/2002,1,diners-club-enroute,152,822,9
8/15/2011,4,jcb,109,924,3
6/2/2024,1,jcb,19,222,3
3/16/2003,3,mastercard,104,124,13
12/25/2015,3,jcb,58,303,12
5/14/2016,3,maestro,29,829,3
5/18/2019,4,china-unionpay,98,729,18
12/26/2024,5,jcb,37,745,4
6/10/2021,5,diners-club-enroute,51,576,13
11/25/2007,1,jcb,140,22,17
4/17/2021,5,jcb,101,716,14
2/11/2015,4,diners-club-carte-blanche,72,457,16
1/7/2018,3,americanexpress,20,973,8
3/9/2020,3,diners-club-enroute,83,335,18
8/12/2025,5,americanexpress,174,956,3
10/29/2004,4,switch,114,626,6
5/2/2011,3,switch,193,488,2
5/15/2021,2,jcb,58,453,11
6/9/2013,5,americanexpress,76,720,9
6/11/2019,4,maestro,92,420,18
4/13/2016,1,jcb,143,193,19
4/19/2016,3,jcb,165,427,6
6/12/2021,2,diners-club-carte-blanche,53,672,17
1/3/2023,2,jcb,15,706,6
8/1/2002,5,visa-electron,143,148,7
5/5/2010,1,jcb,26,497,19
1/21/2020,2,china-unionpay,90,977,8
4/26/2003,5,mastercard,93,142,14
11/13/2010,2,diners-club-enroute,125,258,19
2/9/2020,5,bankcard,119,909,19
4/28/2013,5,maestro,85,843,11
12/20/2009,3,diners-club-carte-blanche,32,798,2
12/1/2016,3,diners-club-enroute,50,839,3
2/15/2023,5,jcb,62,863,8
11/12/2023,3,jcb,165,970,17
6/17/2020,3,mastercard,33,610,17
10/17/2008,5,diners-club-us-ca,126,218,5
2/16/2006,2,jcb,61,337,11
7/23/2023,1,mastercard,101,617,13
8/20/2017,5,bankcard,71,818,1
8/1/2003,4,mastercard,40,993,2
2/24/2008,5,visa-electron,181,975,7
1/22/2018,4,jcb,91,380,1
8/16/2004,1,bankcard,164,521,19
7/2/2024,3,jcb,99,887,19
12/16/2025,2,diners-club-enroute,89,977,6
9/7/2002,3,bankcard,50,733,5
3/17/2024,1,mastercard,134,668,1
10/29/2015,3,china-unionpay,19,116,15
3/26/2004,3,jcb,97,301,2
8/6/2024,4,mastercard,45,257,12
5/2/2009,4,mastercard,185,331,5
9/17/2002,1,jcb,188,141,7
1/31/2012,2,switch,90,661,16
6/20/2023,4,jcb,133,814,1
3/14/2010,3,jcb,11,6,11
3/19/2007,1,jcb,21,347,1
3/16/2026,1,jcb,52,794,11
5/26/2001,1,bankcard,191,158,4
1/17/2020,3,mastercard,108,706,12
4/1/2008,4,jcb,86,576,18
8/26/2022,3,jcb,90,890,2
8/23/2013,4,jcb,179,375,18
3/30/2009,4,jcb,133,740,13
11/6/2013,4,mastercard,195,196,18
4/27/2019,4,jcb,124,319,1
3/5/2018,3,solo,26,229,5
12/26/2003,5,maestro,39,361,5
6/2/2008,1,jcb,21,396,5
8/29/2024,4,jcb,132,217,11
12/23/2007,5,jcb,114,257,12
3/28/2011,3,americanexpress,133,29,4
2/27/2016,5,jcb,5,592,4
6/16/2004,5,jcb,167,935,7
12/25/2006,5,laser,152,647,18
1/31/2018,1,bankcard,1,641,8
10/26/2022,5,visa,120,147,17
7/27/2014,2,switch,43,635,16
8/14/2025,4,jcb,11,836,10
6/5/2020,1,diners-club-us-ca,194,572,5
3/23/2019,3,jcb,106,63,15
10/19/2020,4,jcb,120,775,20
9/29/2003,5,mastercard,148,340,15
1/24/2021,2,maestro,127,870,2
2/3/2015,3,jcb,186,458,1
10/29/2019,4,laser,200,397,3
10/4/2012,2,mastercard,142,805,18
8/28/2025,4,mastercard,143,166,6
11/13/2015,5,switch,40,333,16
7/3/2017,5,visa-electron,89,178,9
3/24/2024,3,americanexpress,72,692,20
3/5/2020,1,mastercard,30,713,4
4/5/2011,5,switch,11,431,9
12/21/2003,5,maestro,19,313,16
4/28/2014,3,jcb,57,728,14
8/29/2017,2,switch,99,143,9
8/27/2018,3,americanexpress,86,368,14
4/20/2007,5,china-unionpay,189,255,8
9/4/2016,5,switch,90,640,4
6/22/2023,5,jcb,105,8,12
11/14/2022,3,jcb,166,662,9
10/8/2005,5,visa-electron,31,911,2
1/30/2012,5,jcb,146,353,2
7/3/2023,5,maestro,180,192,12
9/7/2016,5,diners-club-carte-blanche,105,611,6
4/6/2003,4,jcb,122,905,10
3/26/2002,2,americanexpress,96,262,18
5/19/2014,5,jcb,22,41,14
2/10/2026,3,mastercard,58,902,16
1/30/2023,5,bankcard,113,110,18
5/18/2010,4,bankcard,66,560,10
3/19/2013,3,diners-club-enroute,91,706,2
7/18/2016,3,switch,6,905,8
2/25/2010,2,jcb,92,351,17
7/22/2009,3,jcb,139,287,9
6/3/2019,2,jcb,61,114,18
2/18/2012,2,jcb,193,343,16
11/27/2009,2,jcb,103,343,1
5/14/2008,4,mastercard,97,476,12
5/8/2006,2,visa-electron,152,586,16
6/2/2011,4,jcb,199,884,19
3/28/2009,2,instapayment,22,976,14
11/6/2024,4,switch,64,294,2
3/26/2022,5,jcb,76,458,17
7/22/2001,4,mastercard,34,521,1
8/27/2009,5,americanexpress,128,448,4
10/7/2002,2,jcb,66,578,20
12/27/2004,2,jcb,178,90,20
5/20/2007,3,diners-club-carte-blanche,151,933,8
11/6/2015,2,jcb,87,295,1
3/4/2018,4,jcb,82,585,16
9/13/2024,2,jcb,76,103,17
2/9/2008,3,jcb,8,11,10
11/23/2005,4,switch,129,732,7
4/11/2010,2,bankcard,95,59,13
7/16/2019,1,jcb,41,937,10
1/26/2020,3,bankcard,31,481,18
8/19/2009,2,jcb,149,554,11
2/3/2002,1,americanexpress,145,111,10
1/10/2005,3,maestro,45,315,3
1/18/2023,3,jcb,157,754,17
1/7/2005,3,solo,26,594,9
3/13/2026,3,switch,196,33,3
11/21/2013,5,jcb,17,963,9
2/16/2004,1,jcb,199,567,15
12/30/2012,1,laser,188,202,12
7/11/2010,1,diners-club-international,166,826,18
11/18/2011,5,jcb,130,605,9
2/11/2004,4,mastercard,141,791,11
7/24/2021,4,jcb,169,415,8
4/13/2021,5,maestro,160,128,8
5/12/2007,1,visa-electron,15,537,9
10/8/2016,5,switch,161,459,18
1/6/2019,3,visa-electron,195,436,3
1/12/2010,5,solo,30,406,18
11/5/2017,2,visa,68,381,5
3/31/2017,1,jcb,113,862,8
3/20/2004,4,jcb,50,347,10
7/14/2018,3,visa,121,42,5
11/3/2010,3,jcb,196,421,10
4/27/2004,2,jcb,33,637,17
11/23/2017,2,jcb,23,405,7
11/19/2021,5,jcb,121,814,4
2/10/2003,4,maestro,31,611,6
8/8/2010,4,jcb,43,993,9
8/11/2011,5,china-unionpay,63,207,16
5/26/2025,4,jcb,66,253,7
3/4/2021,1,mastercard,17,146,14
3/11/2022,1,switch,51,949,5
11/21/2023,5,visa-electron,95,833,13
6/21/2024,3,mastercard,21,708,11
11/16/2023,4,jcb,30,235,5
5/10/2024,3,jcb,105,146,5
7/28/2017,5,instapayment,119,193,5
12/24/2004,3,jcb,77,89,15
5/30/2008,3,jcb,130,188,9
7/23/2005,2,switch,121,468,17
5/2/2003,5,jcb,189,841,3
1/20/2024,2,diners-club-carte-blanche,49,369,13
2/10/2020,2,switch,79,798,19
11/17/2007,3,mastercard,66,205,6
4/20/2016,5,instapayment,26,285,17
6/1/2006,4,diners-club-carte-blanche,46,988,15
8/20/2016,3,jcb,83,245,6
11/21/2019,5,mastercard,80,185,5
12/12/2023,1,mastercard,85,943,12
12/29/2005,3,switch,104,244,1
2/25/2024,1,jcb,128,129,4
10/1/2009,5,diners-club-enroute,131,730,5
9/6/2018,5,jcb,133,269,2
8/25/2018,1,instapayment,101,442,2
1/18/2006,4,maestro,173,582,7
10/20/2016,1,americanexpress,17,517,19
10/5/2016,3,jcb,197,162,15
2/22/2005,4,diners-club-carte-blanche,173,928,16
6/12/2009,2,china-unionpay,47,425,9
7/31/2017,1,china-unionpay,105,362,5
2/2/2015,5,jcb,3,251,7
2/13/2025,3,bankcard,168,790,11
1/16/2007,1,switch,158,760,17
1/15/2009,4,jcb,56,535,1
12/1/2025,3,jcb,178,294,3
11/5/2010,4,jcb,27,644,13
5/8/2018,2,visa-electron,27,650,13
1/27/2002,4,jcb,62,113,14
11/28/2015,1,jcb,178,613,6
6/26/2023,5,visa,172,349,16
6/1/2006,2,jcb,136,114,8
6/14/2022,3,jcb,83,575,16
12/18/2002,2,diners-club-carte-blanche,200,171,17
10/22/2018,4,jcb,131,918,1
6/13/2017,1,jcb,188,114,9
6/2/2017,1,diners-club-carte-blanche,103,578,16
7/3/2002,4,americanexpress,14,646,6
5/23/2004,5,jcb,186,382,16
1/7/2015,2,jcb,176,588,13
9/23/2015,2,jcb,108,908,10
7/19/2010,3,maestro,117,757,17
3/4/2009,5,diners-club-enroute,2,723,9
6/15/2024,4,bankcard,63,326,6
7/9/2004,3,instapayment,144,676,17
10/16/2008,2,diners-club-enroute,69,432,18
10/28/2019,2,china-unionpay,102,655,7
7/21/2010,5,switch,188,29,5
3/18/2008,4,maestro,190,546,3
8/5/2018,5,diners-club-enroute,88,979,1
5/21/2011,1,jcb,33,689,16
9/1/2025,2,jcb,184,570,2
12/25/2020,4,maestro,58,731,4
3/27/2004,3,jcb,172,794,6
1/2/2023,2,jcb,118,244,18
9/5/2022,4,visa-electron,64,705,6
12/28/2022,2,visa,109,675,8
2/14/2002,1,jcb,42,1000,6
6/16/2015,3,china-unionpay,10,443,20
4/24/2005,5,switch,130,714,17
9/30/2002,5,maestro,184,390,12
5/10/2006,2,switch,124,770,6
5/3/2008,2,jcb,14,440,8
10/15/2012,3,jcb,50,841,2
1/7/2026,3,jcb,1,806,12
6/2/2024,4,jcb,126,680,15
5/20/2001,4,jcb,155,434,19
5/1/2013,2,jcb,43,857,8
11/24/2002,2,jcb,137,465,1
5/28/2007,3,switch,70,691,16
9/22/2012,1,jcb,197,318,15
11/12/2021,4,mastercard,46,175,8
8/20/2006,5,jcb,189,249,15
3/19/2017,2,switch,178,171,2
9/28/2002,3,switch,166,454,4
7/2/2023,3,mastercard,24,444,1
7/27/2014,4,americanexpress,59,621,20
7/7/2008,1,switch,113,147,18
11/17/2003,1,americanexpress,161,369,16
8/25/2024,3,jcb,133,242,4
1/25/2016,4,visa,183,152,2
8/12/2018,3,laser,162,896,4
9/13/2014,5,jcb,79,26,18
6/24/2015,1,bankcard,160,913,13
5/12/2022,2,diners-club-carte-blanche,173,979,12
1/27/2003,4,china-unionpay,49,125,11
4/10/2008,5,jcb,106,519,14
12/26/2022,1,china-unionpay,34,492,19
11/17/2016,5,maestro,5,975,4
9/24/2012,5,jcb,41,674,2
1/9/2023,4,jcb,91,257,15
9/7/2004,2,jcb,165,954,15
7/10/2006,4,jcb,150,374,10
8/22/2011,1,bankcard,26,40,3
3/5/2009,5,jcb,66,200,6
2/5/2009,2,laser,73,120,19
7/30/2002,4,mastercard,117,527,17
1/17/2020,2,mastercard,7,580,11
6/15/2023,3,jcb,177,348,18
8/20/2002,5,jcb,134,580,7
3/31/2010,4,mastercard,37,302,11
5/25/2008,3,laser,121,1,10
1/15/2005,1,jcb,129,712,1
5/1/2001,1,maestro,198,501,16
10/9/2003,1,jcb,198,201,15
3/14/2002,4,instapayment,62,585,20
8/21/2014,5,jcb,27,701,5
10/3/2017,4,jcb,128,913,3
3/11/2026,2,china-unionpay,6,244,7
10/26/2003,1,jcb,153,100,9
5/18/2021,1,maestro,130,739,18
6/3/2010,2,visa,166,173,6
3/30/2020,2,maestro,54,25,11
3/1/2009,1,mastercard,200,294,2
2/1/2018,3,jcb,37,426,18
3/11/2017,4,switch,60,581,18
8/12/2012,3,diners-club-us-ca,20,280,18
3/15/2010,4,jcb,151,514,10
11/4/2014,1,jcb,114,221,11
5/27/2023,2,jcb,163,172,19
12/24/2003,3,visa-electron,83,521,19
7/3/2012,1,jcb,67,928,17
7/29/2020,2,laser,140,173,3
7/27/2019,1,jcb,191,96,20
4/15/2014,1,visa-electron,46,110,19
4/29/2022,1,mastercard,168,356,11
4/20/2019,3,jcb,120,534,6
7/10/2009,3,visa-electron,30,240,5
10/5/2020,3,jcb,37,526,19
5/24/2011,5,visa-electron,151,434,10
5/6/2020,5,switch,89,880,7
3/15/2010,2,jcb,88,948,4
7/30/2018,1,jcb,53,671,6
4/12/2012,1,americanexpress,196,221,15
1/6/2018,4,mastercard,41,952,19
11/12/2019,3,maestro,25,246,19
5/31/2019,5,solo,122,18,8
1/2/2022,2,jcb,106,709,3
7/28/2024,4,jcb,109,832,20
10/20/2022,1,jcb,113,466,12
5/12/2015,2,maestro,139,949,19
3/22/2014,3,visa,39,978,6
8/10/2012,2,americanexpress,130,37,18
10/16/2023,1,bankcard,56,974,17
5/14/2021,4,maestro,51,136,10
9/27/2001,2,mastercard,134,802,1
2/22/2015,3,jcb,160,496,4
1/14/2021,3,visa-electron,57,741,19
3/20/2008,5,jcb,68,763,12
12/5/2016,4,jcb,109,726,6
5/16/2009,5,americanexpress,109,9,2
1/28/2011,1,china-unionpay,64,679,3
3/1/2017,1,jcb,54,960,4
6/23/2023,3,jcb,142,962,11
12/22/2014,2,bankcard,7,213,9
12/11/2011,3,maestro,140,788,18
12/23/2024,2,americanexpress,127,303,4
3/2/2019,1,switch,122,140,14
1/27/2023,5,americanexpress,7,48,8
5/6/2007,5,bankcard,48,983,17
4/14/2015,2,jcb,114,516,7
8/31/2020,4,maestro,17,736,1
12/22/2013,1,jcb,200,169,1
7/6/2003,2,visa-electron,154,505,20
6/6/2015,4,mastercard,84,847,11
11/14/2019,4,jcb,56,324,17
3/1/2016,5,visa-electron,53,146,9
11/28/2022,1,diners-club-enroute,142,820,2
5/25/2003,3,jcb,125,788,4
4/28/2018,3,diners-club-us-ca,50,828,4
3/5/2026,5,switch,181,667,4
4/12/2015,4,visa,158,531,15
6/4/2011,5,switch,100,206,2
11/14/2007,4,jcb,130,474,2
10/10/2017,4,china-unionpay,73,881,10
12/2/2014,5,instapayment,75,640,20
10/3/2011,2,diners-club-international,110,597,12
4/6/2011,2,jcb,196,571,3
7/5/2004,2,jcb,162,65,3
9/14/2001,5,diners-club-us-ca,148,11,9
3/30/2008,3,jcb,156,769,12
9/12/2007,1,jcb,63,996,8
10/15/2007,2,jcb,140,616,13
6/29/2020,4,diners-club-us-ca,149,638,12
1/14/2020,1,jcb,75,968,10
12/10/2025,3,jcb,61,880,13
8/29/2015,2,diners-club-international,141,895,11
7/22/2015,1,visa-electron,5,473,2
7/8/2003,1,maestro,128,78,4
4/13/2005,3,visa-electron,2,526,17
6/20/2005,5,instapayment,144,281,2
1/15/2023,2,americanexpress,46,356,15
6/26/2010,1,jcb,133,23,16
11/1/2008,3,jcb,11,333,8
1/26/2021,1,diners-club-enroute,194,729,3
6/9/2006,5,jcb,200,996,5
1/2/2012,4,switch,36,518,7
2/10/2002,2,jcb,84,50,17
11/8/2015,2,jcb,59,370,7
10/29/2025,5,jcb,174,170,6
7/14/2015,5,mastercard,161,736,1
9/4/2013,5,maestro,110,42,11
3/24/2005,3,mastercard,42,21,20
5/11/2023,3,jcb,68,525,3
1/21/2016,4,jcb,137,317,8
4/20/2002,4,diners-club-enroute,6,674,13
5/14/2005,4,mastercard,103,323,18
9/28/2008,5,jcb,75,473,9
5/20/2002,5,visa-electron,54,601,14
11/2/2025,1,maestro,183,24,16
5/13/2006,2,visa-electron,43,456,4
4/26/2010,5,diners-club-carte-blanche,81,72,15
4/30/2020,3,maestro,63,721,1
4/28/2013,3,instapayment,128,339,13
7/24/2002,2,jcb,114,712,7
10/21/2015,3,switch,87,274,6
2/13/2010,1,diners-club-carte-blanche,65,980,4
8/10/2011,4,visa-electron,104,499,8
1/31/2007,3,laser,96,280,20
8/12/2005,5,bankcard,149,128,15
5/25/2002,2,jcb,99,926,18
10/10/2023,5,maestro,67,303,6
8/7/2019,5,jcb,37,926,1
8/25/2007,1,jcb,172,677,9
4/16/2007,3,visa,28,684,8
4/27/2018,3,switch,83,619,10
8/27/2024,5,jcb,183,308,10
10/14/2005,2,maestro,64,18,4
3/25/2023,3,jcb,24,300,1
1/21/2019,2,jcb,173,172,20
12/30/2005,5,jcb,127,472,9
2/21/2011,3,mastercard,62,413,20
1/15/2016,4,bankcard,149,545,11
6/12/2010,2,jcb,122,705,12
7/24/2002,1,jcb,123,916,7
2/21/2020,1,mastercard,177,741,15
10/10/2014,4,visa,165,2,8
5/1/2018,3,diners-club-us-ca,117,724,20
6/14/2010,3,mastercard,121,967,19
11/30/2005,1,jcb,194,440,17
5/28/2003,4,visa-electron,135,791,3
9/4/2005,3,jcb,137,956,1
4/7/2020,4,diners-club-enroute,59,302,10
11/21/2016,3,jcb,161,136,5
3/14/2024,2,americanexpress,136,945,20
1/4/2017,3,maestro,39,210,20
7/11/2010,4,instapayment,187,218,18
4/8/2023,1,americanexpress,18,82,8
8/26/2014,4,diners-club-carte-blanche,156,856,9
3/1/2017,1,bankcard,196,719,5
12/25/2013,1,bankcard,85,722,18
5/31/2019,5,china-unionpay,196,389,5
5/2/2002,4,switch,25,551,3
12/5/2020,5,visa,11,360,12
5/30/2003,3,diners-club-carte-blanche,108,408,19
12/21/2024,1,visa,32,303,18
6/8/2015,5,laser,81,647,19
5/6/2007,3,mastercard,28,819,1
3/30/2009,2,china-unionpay,175,137,11
6/27/2024,5,jcb,54,122,16
7/27/2013,2,jcb,102,792,15
3/23/2002,3,solo,126,634,19
7/14/2008,2,jcb,70,943,8
1/11/2019,5,china-unionpay,16,268,15
7/17/2021,1,jcb,32,828,3
10/2/2019,1,china-unionpay,17,578,2
3/1/2006,1,maestro,112,750,2
11/22/2019,1,jcb,17,618,13
4/16/2023,4,diners-club-enroute,153,339,3
11/22/2001,3,maestro,158,582,5
1/15/2010,3,visa,26,257,13
8/31/2006,1,diners-club-enroute,30,847,2
8/21/2020,5,diners-club-carte-blanche,11,44,5
11/18/2010,4,bankcard,54,386,14
10/13/2014,5,diners-club-enroute,75,896,13
10/10/2015,3,maestro,51,205,9
3/31/2025,3,visa-electron,18,945,20
3/5/2005,1,jcb,125,940,13
11/6/2003,4,jcb,8,535,10
9/2/2017,4,jcb,98,457,18
4/8/2013,1,jcb,161,868,5
9/12/2021,2,mastercard,152,883,15
4/5/2023,2,mastercard,10,516,6
9/10/2001,2,maestro,2,431,19
10/28/2014,2,jcb,6,306,15
6/4/2019,4,jcb,66,559,14
5/15/2021,3,americanexpress,53,869,8
7/27/2016,2,jcb,153,302,10
4/11/2024,5,jcb,160,162,15
7/11/2025,2,jcb,136,390,5
7/21/2001,3,diners-club-enroute,188,443,10
9/26/2020,1,china-unionpay,31,545,16
6/10/2023,4,switch,118,757,4
2/26/2026,2,jcb,162,795,4
8/23/2022,2,jcb,52,567,6
10/12/2015,3,maestro,42,768,6
9/28/2009,5,americanexpress,157,705,1
5/15/2005,1,instapayment,111,708,3
7/10/2018,2,jcb,82,845,13
8/17/2012,5,americanexpress,83,8,6
7/25/2008,3,jcb,70,940,6
8/8/2001,3,maestro,193,628,17
11/14/2013,3,jcb,31,68,4
10/23/2017,1,jcb,140,777,17
9/20/2014,5,jcb,90,35,20
10/18/2013,5,jcb,164,655,6
7/2/2008,3,jcb,178,681,1
1/7/2016,2,visa,106,718,11
5/20/2004,3,americanexpress,85,716,9
4/7/2010,5,jcb,79,829,17
12/10/2005,1,jcb,148,3,1
10/26/2012,2,china-unionpay,95,237,6
3/10/2003,5,jcb,81,92,6
8/16/2015,2,americanexpress,145,447,4
5/4/2007,1,maestro,96,470,8
11/4/2020,4,jcb,121,11,11
1/8/2007,5,instapayment,107,285,5
3/31/2023,5,china-unionpay,190,753,8
9/1/2004,2,jcb,72,900,7
6/17/2016,3,americanexpress,9,294,17
4/5/2015,5,visa-electron,12,874,17
3/22/2008,5,jcb,83,592,4
11/26/2019,5,jcb,192,547,15
1/4/2019,3,switch,92,431,12
4/12/2010,1,visa-electron,105,124,11
5/7/2021,4,jcb,167,81,4
8/23/2023,4,americanexpress,188,388,16
7/1/2018,3,maestro,122,549,17
4/28/2017,4,jcb,88,373,11
12/26/2008,1,mastercard,110,871,4
7/25/2019,2,visa-electron,34,230,15
1/12/2019,4,china-unionpay,161,92,8
4/25/2008,4,americanexpress,200,319,19
4/10/2018,3,diners-club-carte-blanche,78,691,12
6/6/2012,3,jcb,169,642,18
4/29/2014,2,jcb,121,41,17
9/9/2006,4,visa,196,749,12
4/12/2005,1,maestro,93,371,15
4/21/2003,2,jcb,81,295,15
10/24/2025,4,bankcard,101,655,9
9/8/2022,2,maestro,96,25,8
6/6/2021,2,mastercard,99,519,9
9/22/2013,1,laser,132,891,11
11/21/2008,2,americanexpress,180,767,1
5/25/2013,5,jcb,150,443,8
1/29/2009,4,mastercard,37,59,7
4/9/2025,5,laser,186,537,18
11/30/2004,3,visa-electron,61,483,17
8/29/2022,2,laser,141,27,18
1/27/2011,4,jcb,181,153,3
9/18/2006,1,visa-electron,146,110,6
3/9/2019,3,visa,117,61,4
8/7/2019,2,mastercard,194,260,11
3/4/2011,2,jcb,59,860,3
5/6/2024,3,bankcard,55,673,5
2/20/2020,3,mastercard,38,61,11
1/12/2012,2,americanexpress,87,976,7
7/25/2016,2,jcb,16,30,18
2/6/2023,2,americanexpress,170,19,3
8/25/2015,5,diners-club-carte-blanche,102,327,19
1/24/2005,5,switch,192,850,9
2/27/2011,5,mastercard,159,798,12
4/13/2003,4,diners-club-enroute,20,947,6
2/9/2006,2,jcb,130,841,19
5/11/2022,4,jcb,146,791,11
8/21/2015,3,solo,101,734,5
8/30/2002,5,diners-club-international,87,219,16
7/7/2025,3,jcb,191,896,8
9/23/2001,5,switch,84,707,3
7/29/2013,1,americanexpress,126,682,11
3/11/2010,3,jcb,81,560,13
7/12/2025,3,visa-electron,142,162,7
9/1/2007,5,maestro,31,36,8
4/11/2004,2,jcb,102,978,15
1/7/2017,5,jcb,174,121,10
11/12/2003,4,china-unionpay,87,733,14
2/19/2021,5,jcb,25,728,2
9/2/2002,1,jcb,90,299,1
12/11/2010,3,jcb,117,127,1
6/23/2017,2,jcb,81,351,3
3/20/2024,3,jcb,70,245,16
4/15/2010,3,jcb,157,502,7
5/1/2008,2,china-unionpay,6,767,5
10/23/2011,3,americanexpress,104,82,5
11/18/2023,3,jcb,174,753,7
5/30/2014,2,jcb,44,706,5
2/15/2006,5,jcb,61,782,3
2/23/2003,5,jcb,133,215,10
3/15/2005,2,china-unionpay,105,653,16
10/17/2020,2,mastercard,194,104,7
9/13/2003,1,visa,65,184,20
10/2/2017,5,jcb,12,218,9
8/22/2005,5,bankcard,190,971,10
10/10/2022,4,jcb,63,735,15
9/27/2019,3,diners-club-enroute,24,746,2
3/12/2015,4,mastercard,4,914,4
3/24/2025,1,americanexpress,28,374,14
4/27/2018,3,maestro,105,207,14
3/5/2010,1,americanexpress,199,478,5
3/17/2016,3,china-unionpay,131,635,5
4/24/2008,3,visa-electron,3,264,13
9/19/2024,5,mastercard,189,100,15
4/1/2009,5,laser,12,466,11
12/21/2007,3,switch,32,788,5
1/21/2015,4,jcb,85,858,4
3/24/2009,2,bankcard,183,905,11
11/9/2020,3,jcb,137,325,14
12/7/2017,5,mastercard,61,338,1
9/6/2021,4,switch,42,112,1
4/15/2024,1,jcb,186,513,16
10/7/2004,1,laser,197,216,1
7/14/2001,2,jcb,162,723,6
3/30/2009,2,switch,116,469,13
2/8/2011,2,china-unionpay,175,994,8
3/5/2021,5,instapayment,187,120,17
8/1/2005,1,diners-club-enroute,47,958,3
11/15/2007,1,mastercard,175,566,15
11/15/2005,2,mastercard,70,272,15
10/3/2002,1,solo,162,109,3
12/28/2018,5,jcb,63,870,3
2/17/2016,2,jcb,68,988,4
9/9/2009,5,jcb,193,337,8
3/15/2022,1,jcb,152,238,3
8/27/2004,1,mastercard,87,735,10
10/26/2021,3,mastercard,94,477,20
12/2/2018,3,jcb,9,445,17
6/19/2002,4,laser,63,901,1
3/17/2004,1,jcb,64,2,5
6/14/2002,1,jcb,27,429,9
6/15/2015,5,maestro,158,61,20
10/7/2019,5,jcb,146,692,7
3/9/2004,2,mastercard,75,222,1
9/15/2007,4,switch,14,535,6
9/9/2016,2,instapayment,70,996,12
11/27/2002,2,jcb,36,317,17
9/23/2011,1,visa-electron,6,885,13
5/18/2006,4,jcb,34,462,20
3/22/2026,5,jcb,179,730,13
7/5/2003,1,mastercard,125,426,6
6/10/2017,3,diners-club-us-ca,70,143,20
6/5/2010,3,jcb,62,493,1
9/21/2013,5,jcb,74,618,2
5/21/2010,1,jcb,10,891,13
7/3/2017,3,jcb,177,877,16
4/17/2019,3,switch,47,257,9
8/4/2010,2,jcb,192,840,11
12/27/2001,2,laser,16,527,4
10/13/2024,4,visa-electron,35,871,16
10/3/2006,3,mastercard,17,754,3
11/13/2024,4,visa-electron,123,317,18
4/11/2025,3,visa,87,845,18
4/22/2010,1,visa-electron,199,633,13
12/9/2022,2,jcb,8,366,19
10/11/2002,3,americanexpress,188,492,17
5/30/2008,3,solo,13,73,10
12/1/2020,4,maestro,151,446,2
12/6/2009,3,jcb,68,943,20
8/2/2004,3,jcb,189,360,9
1/28/2010,1,diners-club-enroute,9,877,18
11/26/2025,5,bankcard,46,39,10
1/19/2023,5,jcb,111,617,10
9/28/2001,2,diners-club-enroute,99,763,9
3/30/2018,2,jcb,104,985,1
12/1/2012,3,americanexpress,128,164,2
11/2/2021,2,jcb,112,629,11
4/12/2024,1,jcb,41,210,9
9/27/2001,5,jcb,93,689,13
4/19/2009,5,mastercard,107,677,3
2/27/2012,2,jcb,121,21,3
11/15/2017,4,maestro,116,647,8
5/17/2024,4,china-unionpay,126,436,13
3/16/2020,5,diners-club-us-ca,131,860,4
2/12/2020,1,laser,129,871,13
9/2/2014,3,mastercard,158,112,17
7/30/2004,4,jcb,196,565,13
12/16/2015,4,jcb,97,266,17
2/24/2012,4,visa,53,458,8
4/13/2014,1,jcb,105,486,4
5/10/2025,4,mastercard,78,730,3
1/18/2007,3,diners-club-enroute,47,247,16
11/8/2005,2,switch,199,174,12
7/30/2014,2,china-unionpay,85,735,16
1/19/2006,2,jcb,138,325,9
8/22/2001,3,diners-club-carte-blanche,96,896,19
4/21/2024,4,laser,21,119,3
6/8/2018,2,diners-club-carte-blanche,128,492,19
6/18/2019,4,mastercard,200,464,3
4/13/2018,5,maestro,63,39,6
4/27/2020,4,maestro,64,302,17
8/8/2002,5,jcb,7,936,20
5/5/2019,2,jcb,92,73,11
10/15/2018,4,jcb,195,256,18
12/4/2016,5,diners-club-us-ca,61,325,13
2/2/2018,5,jcb,128,722,10
1/1/2012,2,jcb,30,463,15
10/21/2003,5,jcb,132,622,3
6/18/2025,2,laser,29,763,20
1/31/2006,1,jcb,17,100,19
5/30/2021,5,jcb,151,986,14
4/1/2026,3,mastercard,183,706,7
1/28/2019,1,jcb,112,227,15
11/8/2002,2,jcb,40,618,13
6/3/2020,5,jcb,86,507,7
1/28/2019,2,maestro,150,346,7
12/28/2023,1,mastercard,20,980,1
11/6/2015,2,visa-electron,188,288,20
4/2/2006,3,jcb,172,279,14
5/7/2010,5,instapayment,10,669,10
1/28/2007,5,jcb,43,600,3
3/12/2022,5,jcb,141,901,6
10/22/2009,3,jcb,105,117,10
3/16/2025,4,diners-club-enroute,167,883,10
8/22/2024,4,bankcard,41,421,3
5/14/2019,4,mastercard,125,949,13
7/1/2023,1,jcb,81,673,1
8/23/2006,2,solo,77,732,8
2/2/2005,1,americanexpress,89,379,4
5/25/2017,2,jcb,64,551,7
9/11/2010,1,visa-electron,124,133,17
3/9/2013,5,bankcard,87,793,18
5/25/2018,4,china-unionpay,70,376,18
8/9/2017,5,jcb,30,959,14
6/12/2015,2,jcb,192,202,1
9/19/2009,5,jcb,46,868,4
4/9/2019,1,jcb,165,564,12
2/14/2006,1,jcb,152,473,10
3/11/2023,5,diners-club-international,41,349,19
5/26/2018,2,diners-club-carte-blanche,87,623,7
9/9/2016,5,instapayment,52,413,1
12/2/2021,5,visa-electron,73,36,1
10/10/2005,3,china-unionpay,109,252,20
8/13/2021,3,jcb,32,651,20
8/16/2007,3,jcb,84,370,1
4/17/2021,2,diners-club-carte-blanche,98,843,11
1/7/2008,2,jcb,115,640,16
6/21/2007,4,jcb,54,970,2
6/17/2004,4,visa-electron,79,284,1
1/21/2016,2,jcb,168,670,17
12/6/2021,1,mastercard,162,505,1
10/16/2020,1,mastercard,12,611,11
2/23/2014,4,china-unionpay,145,394,4
3/21/2024,3,mastercard,122,273,4
12/9/2002,3,diners-club-international,73,288,3
12/21/2013,2,diners-club-us-ca,137,622,3
3/30/2019,3,china-unionpay,170,296,10
9/2/2024,2,instapayment,41,904,2
1/23/2022,4,jcb,45,678,11
2/26/2020,5,jcb,26,972,9
10/13/2007,3,mastercard,59,457,20
4/1/2022,5,switch,48,284,3
2/4/2020,5,jcb,173,232,12
9/30/2002,1,mastercard,158,668,11
4/9/2017,4,china-unionpay,26,482,20
8/6/2013,4,laser,175,900,4
4/9/2011,1,bankcard,91,20,2
12/27/2018,3,visa,136,128,6
12/11/2002,1,visa-electron,173,7,16
12/25/2008,1,switch,71,637,17
1/28/2024,3,visa-electron,16,444,12
10/22/2015,3,jcb,71,430,16
4/16/2022,3,jcb,109,444,3
10/28/2007,5,diners-club-enroute,31,220,3
4/29/2007,1,jcb,134,473,18
10/29/2009,1,jcb,53,53,11
1/8/2019,4,americanexpress,187,582,13
3/14/2006,1,jcb,68,298,18
4/9/2002,5,jcb,144,820,15
8/14/2011,2,china-unionpay,132,56,16
7/15/2025,4,visa,56,923,3
10/6/2021,3,visa-electron,49,339,14
9/17/2015,5,visa-electron,129,950,17
7/19/2015,2,diners-club-carte-blanche,132,151,6
9/25/2019,3,jcb,190,23,10
6/23/2016,3,maestro,118,518,18
8/11/2019,5,americanexpress,112,899,13
5/13/2015,4,maestro,31,720,10
9/14/2011,3,china-unionpay,159,717,5
8/31/2016,5,instapayment,107,798,17
8/28/2022,2,jcb,5,425,20
2/8/2015,4,jcb,83,892,6
7/2/2025,5,mastercard,113,697,15
6/11/2007,4,jcb,91,237,8
8/19/2017,4,jcb,200,778,18
4/14/2015,4,jcb,91,728,4
5/22/2011,2,switch,151,314,4
5/20/2013,2,jcb,16,843,17
8/14/2001,2,china-unionpay,199,534,9
4/6/2016,2,china-unionpay,111,106,12
3/25/2016,2,mastercard,56,290,3
10/1/2023,1,jcb,108,954,16
1/25/2019,2,solo,50,173,7
1/28/2024,4,jcb,172,522,16
9/7/2002,5,jcb,186,274,2
3/2/2007,5,maestro,100,300,10
10/18/2004,5,visa-electron,186,489,5
3/30/2009,5,mastercard,61,927,10
7/12/2009,1,bankcard,34,545,18
7/10/2013,1,visa-electron,152,114,13
2/27/2009,4,americanexpress,43,711,15
11/11/2013,3,laser,151,521,15
7/14/2004,4,visa-electron,165,80,20
10/23/2024,4,jcb,33,120,16
3/6/2024,4,diners-club-carte-blanche,29,382,7
2/19/2020,4,maestro,200,682,19
7/3/2008,5,bankcard,175,587,20
9/13/2023,3,jcb,78,139,6
8/25/2025,3,jcb,61,224,20
4/9/2007,2,instapayment,120,30,17
7/18/2022,1,jcb,94,597,7
5/10/2016,1,jcb,92,130,17
5/6/2012,5,visa-electron,55,658,1
1/26/2010,1,jcb,134,70,20
2/3/2025,2,maestro,69,412,8
1/22/2024,4,china-unionpay,151,555,19
6/20/2024,1,jcb,192,675,10
11/28/2004,1,switch,137,194,17
9/22/2003,2,diners-club-enroute,19,138,18
5/12/2008,5,jcb,117,893,20
9/28/2010,1,solo,160,901,17
7/7/2010,2,americanexpress,173,252,19
11/18/2016,2,bankcard,68,310,20
12/26/2019,2,jcb,179,117,12
11/23/2004,1,mastercard,8,843,17
11/6/2005,5,diners-club-carte-blanche,194,472,13
5/25/2025,2,jcb,22,869,20
10/31/2010,3,bankcard,194,802,12
8/13/2009,2,switch,43,919,18
9/7/2007,3,jcb,94,76,10
9/1/2023,5,jcb,192,741,20
1/29/2022,4,jcb,199,799,10
8/13/2020,3,bankcard,26,560,1
12/12/2019,5,mastercard,132,444,20
9/10/2019,1,jcb,29,636,3
6/18/2006,5,instapayment,143,509,4
12/10/2001,4,jcb,95,58,19
9/8/2020,3,jcb,199,127,19
12/6/2021,5,jcb,5,894,10
5/5/2012,2,diners-club-us-ca,58,310,1
10/5/2017,2,diners-club-us-ca,117,328,18
6/27/2022,1,mastercard,12,426,6
11/15/2003,4,jcb,137,759,18
6/3/2012,1,mastercard,12,234,16
7/24/2017,2,jcb,42,904,12
2/5/2010,5,mastercard,200,295,5
6/19/2025,2,bankcard,29,245,4
4/3/2004,3,jcb,16,979,13
6/13/2012,4,china-unionpay,54,232,16
9/25/2023,3,jcb,13,630,14
12/15/2001,3,jcb,16,704,1
5/10/2014,2,mastercard,130,307,1
12/26/2011,3,americanexpress,111,650,14
4/30/2015,1,jcb,102,680,17
7/25/2004,3,jcb,65,205,12
10/5/2004,4,solo,18,141,19
12/20/2009,4,jcb,128,590,19
5/28/2003,4,diners-club-enroute,147,702,8
3/27/2012,2,bankcard,178,649,15
2/19/2018,3,diners-club-carte-blanche,157,785,3
12/30/2012,3,instapayment,181,713,6
11/8/2017,2,visa-electron,96,571,7
8/28/2003,3,jcb,85,157,16
6/13/2012,2,jcb,54,868,6
4/9/2010,2,jcb,111,627,2
12/29/2024,2,china-unionpay,87,269,9
12/25/2001,2,jcb,95,519,13
6/7/2021,5,mastercard,148,743,1
10/12/2008,5,maestro,31,249,20
5/6/2013,5,bankcard,119,979,6
6/19/2012,2,jcb,17,956,15
4/25/2005,4,mastercard,149,479,6
10/11/2014,4,diners-club-us-ca,74,757,18
3/13/2021,2,mastercard,198,709,20
5/24/2009,3,switch,28,109,18
4/28/2002,3,jcb,190,378,16
6/17/2011,3,diners-club-enroute,45,282,19
3/2/2003,4,mastercard,151,617,5
10/28/2019,4,jcb,137,635,12
4/14/2011,1,diners-club-us-ca,26,339,12
10/18/2024,2,visa-electron,26,212,6
4/19/2025,5,jcb,155,219,3
2/6/2025,5,china-unionpay,61,1,10
11/28/2021,2,americanexpress,160,529,16
12/28/2007,5,jcb,133,113,14
3/23/2006,3,jcb,133,616,12
6/20/2001,1,jcb,128,280,10
4/19/2018,1,diners-club-international,126,354,9
1/7/2004,1,jcb,18,747,10
12/1/2011,5,jcb,96,971,2
9/18/2020,5,mastercard,37,484,1
12/13/2010,3,mastercard,4,595,19
2/22/2021,2,visa-electron,105,371,1
8/12/2017,2,jcb,73,255,9
4/15/2013,2,diners-club-carte-blanche,116,977,13
12/9/2018,3,jcb,157,415,2
1/2/2019,1,solo,179,55,20
11/8/2009,4,jcb,55,716,7
11/15/2004,5,maestro,195,624,15
5/11/2017,2,mastercard,137,765,20
4/20/2004,5,americanexpress,159,914,20
9/11/2025,1,switch,135,361,5
2/4/2009,4,mastercard,148,710,1
1/7/2023,1,jcb,42,649,1
12/25/2007,3,mastercard,164,887,16
11/21/2018,3,mastercard,56,93,5
12/31/2015,5,jcb,126,913,19
12/2/2003,4,switch,184,834,4
2/11/2015,5,diners-club-international,131,641,13
4/11/2006,3,jcb,181,732,15
6/25/2020,1,visa-electron,194,857,19
1/1/2006,5,jcb,168,125,5
4/8/2010,3,diners-club-enroute,71,287,13
7/9/2005,4,diners-club-enroute,66,855,9
7/30/2013,5,jcb,199,1,2
12/30/2001,1,diners-club-us-ca,112,674,8
3/8/2025,2,visa-electron,52,748,14
6/20/2016,3,diners-club-enroute,175,809,10
2/27/2019,2,switch,113,112,6
5/18/2001,2,jcb,20,164,17
11/29/2021,1,jcb,77,403,13
6/24/2018,5,visa-electron,107,238,9
5/12/2020,1,maestro,177,997,13
4/7/2004,1,mastercard,59,136,19
12/8/2002,5,china-unionpay,48,999,11
8/2/2002,2,jcb,165,814,9
8/18/2022,3,jcb,176,255,17
9/5/2017,1,visa-electron,145,199,1
11/7/2011,1,americanexpress,11,415,12
10/20/2024,2,jcb,51,553,8
6/17/2011,1,jcb,158,754,17
3/16/2005,1,mastercard,22,105,8
6/24/2020,2,china-unionpay,193,620,19
7/19/2013,1,visa,151,803,6
1/29/2017,2,jcb,184,192,20
6/30/2001,5,jcb,87,285,7
4/28/2015,2,jcb,151,954,1
8/13/2021,2,jcb,134,266,17
5/31/2014,1,mastercard,149,21,9
9/20/2007,1,visa,76,614,2
6/18/2010,3,china-unionpay,136,591,6
11/1/2007,2,jcb,200,424,11
8/21/2019,5,maestro,157,435,13
6/2/2017,2,jcb,142,417,6
5/31/2009,1,jcb,121,325,14
7/12/2004,2,diners-club-enroute,47,491,4
9/25/2016,5,jcb,22,698,18
3/2/2014,1,jcb,6,155,4
11/2/2012,2,diners-club-international,101,718,18
6/6/2003,2,jcb,104,417,3
4/28/2018,4,visa-electron,54,288,19
1/7/2007,1,jcb,161,984,17
8/9/2003,4,instapayment,56,559,10
6/22/2021,3,mastercard,36,402,10
6/29/2002,4,jcb,2,658,10
1/31/2019,1,china-unionpay,88,957,1
2/4/2017,1,switch,149,8,7
11/26/2008,4,switch,102,450,15
12/20/2005,5,jcb,61,34,18
4/30/2011,4,china-unionpay,128,865,13
9/29/2006,3,jcb,79,239,1
1/29/2021,5,mastercard,3,583,13
2/26/2004,2,visa,30,248,18
11/20/2006,4,jcb,37,848,10
2/23/2009,1,bankcard,109,55,11
9/7/2004,4,visa,3,459,15
4/19/2004,2,jcb,192,430,4
4/3/2014,4,mastercard,82,218,4
8/4/2019,1,switch,126,29,4
5/6/2004,2,visa-electron,146,789,2
1/1/2014,4,jcb,76,823,4
8/24/2013,2,maestro,168,992,19
9/27/2021,2,jcb,68,857,5
4/4/2010,1,solo,68,672,3
9/18/2017,5,jcb,16,284,10
2/21/2020,1,maestro,132,590,20
2/11/2017,5,jcb,98,250,15
10/18/2023,1,maestro,29,712,7
9/30/2012,3,visa,109,519,11
5/8/2022,4,visa,108,286,18
11/3/2024,3,jcb,159,846,12
6/25/2001,1,switch,33,184,13
5/4/2025,2,americanexpress,6,33,12
3/15/2006,3,china-unionpay,14,753,10
1/19/2025,1,mastercard,92,556,11
2/6/2014,4,mastercard,89,864,6
6/12/2015,4,jcb,78,992,4
2/3/2015,4,jcb,85,95,2
7/27/2010,3,jcb,129,870,4
6/30/2012,2,jcb,17,36,3
10/3/2023,4,americanexpress,118,881,7
8/26/2015,2,jcb,7,817,15
3/30/2005,5,jcb,106,593,1
9/18/2023,1,americanexpress,60,675,11
4/2/2026,4,maestro,16,344,8
12/27/2016,3,jcb,136,884,18
11/18/2009,4,visa-electron,84,905,17
2/12/2011,5,jcb,118,449,19
1/13/2021,5,maestro,60,186,8
10/28/2023,4,instapayment,178,892,13
7/6/2003,2,maestro,119,253,14
7/9/2009,3,mastercard,117,64,1
5/9/2018,3,visa-electron,199,939,3
9/13/2007,5,jcb,125,549,20
1/25/2017,1,switch,67,28,6
8/29/2010,3,laser,93,225,3
1/28/2008,5,mastercard,114,487,17
6/27/2003,1,jcb,157,686,5
11/1/2021,1,mastercard,196,140,8
2/12/2006,5,jcb,44,748,7
1/21/2007,3,jcb,182,503,15
3/27/2019,5,visa-electron,103,281,16
5/9/2018,4,diners-club-enroute,78,173,9
8/20/2001,5,visa-electron,111,738,17
10/30/2020,1,diners-club-carte-blanche,41,940,13
11/4/2008,1,mastercard,129,753,14
10/27/2018,5,jcb,59,689,5
4/6/2022,5,jcb,80,110,16
1/3/2015,3,maestro,195,252,13
4/27/2023,2,switch,60,619,8
2/19/2010,2,china-unionpay,102,823,6
11/9/2001,3,bankcard,198,391,1
6/7/2011,5,china-unionpay,180,637,7
3/25/2015,5,mastercard,117,525,14
6/11/2016,5,jcb,3,512,7
1/11/2005,1,diners-club-carte-blanche,92,986,1
8/13/2006,5,switch,192,198,16
9/26/2008,3,switch,53,675,2
10/10/2022,3,jcb,51,682,6
9/23/2013,3,jcb,32,730,16
4/10/2023,4,diners-club-enroute,110,849,5
5/21/2024,5,jcb,84,163,12
2/21/2022,2,maestro,24,671,16
2/26/2006,4,jcb,148,562,9
2/23/2017,3,jcb,173,559,5
11/24/2021,2,jcb,153,907,12
1/23/2004,3,solo,68,305,1
2/24/2020,1,solo,71,266,10
5/23/2023,4,jcb,8,703,3
9/2/2006,5,china-unionpay,63,985,19
8/27/2010,5,jcb,182,829,9
6/3/2005,4,diners-club-international,195,581,12
4/11/2021,2,jcb,63,878,2
9/27/2002,4,visa-electron,138,72,4
11/7/2005,4,jcb,114,303,11
3/10/2003,5,visa-electron,142,913,10
9/11/2023,4,visa,157,663,3
6/11/2023,5,jcb,6,960,18
4/13/2009,2,switch,160,808,8
3/3/2009,5,jcb,103,813,10
5/10/2009,3,americanexpress,190,153,14
8/17/2017,2,jcb,103,174,3
1/30/2021,5,jcb,157,86,3
11/30/2020,5,diners-club-us-ca,81,656,10
3/14/2008,4,maestro,90,919,11
10/16/2002,5,diners-club-us-ca,171,823,7
9/12/2005,4,switch,143,447,17
6/25/2001,4,jcb,44,686,3
10/14/2013,5,jcb,90,46,15
6/8/2023,2,bankcard,84,504,11
7/3/2019,3,maestro,17,961,20
7/25/2015,4,mastercard,142,866,16
3/8/2020,1,instapayment,91,486,15
6/22/2012,4,jcb,57,588,8
10/20/2025,2,jcb,154,660,11
7/23/2012,5,diners-club-international,98,646,4
1/29/2025,1,jcb,121,19,12
11/16/2016,3,bankcard,150,685,3
6/28/2006,2,jcb,106,842,12
7/2/2022,2,bankcard,115,620,12
3/16/2017,3,laser,88,58,17
5/19/2001,4,jcb,12,736,11
5/17/2019,4,mastercard,182,580,19
9/18/2021,5,visa-electron,8,573,5
4/28/2015,3,maestro,10,506,15
6/4/2004,5,visa,147,828,17
6/18/2008,2,jcb,22,767,18
1/11/2007,2,americanexpress,42,197,2
9/13/2008,2,switch,73,902,17
12/2/2010,1,laser,54,89,5
10/26/2013,3,switch,26,872,4
9/15/2013,4,bankcard,190,1,1
5/26/2010,3,mastercard,7,39,19
8/5/2007,3,americanexpress,190,348,20
5/15/2025,2,jcb,51,310,8
3/7/2003,2,jcb,186,140,15
9/19/2018,1,diners-club-enroute,19,803,7
7/9/2022,1,mastercard,162,605,19
3/29/2011,5,china-unionpay,5,567,11
5/8/2025,3,china-unionpay,72,390,20
5/5/2003,2,jcb,67,856,8
3/8/2004,2,china-unionpay,140,882,3
4/20/2010,4,jcb,198,187,1
12/9/2004,3,china-unionpay,37,112,4
11/27/2007,3,mastercard,189,472,12
11/30/2020,4,switch,136,998,13
8/29/2011,5,jcb,67,135,2
4/13/2005,3,china-unionpay,47,18,13
1/22/2003,5,diners-club-carte-blanche,59,238,9
3/5/2006,4,diners-club-enroute,50,427,2
6/8/2020,1,jcb,178,642,11
12/20/2019,5,jcb,22,451,2
12/6/2004,3,visa,86,807,7
3/5/2016,3,diners-club-us-ca,82,920,16
3/6/2007,4,jcb,7,728,1
4/29/2022,3,diners-club-us-ca,115,21,3
11/11/2022,2,jcb,98,554,1
6/9/2012,2,switch,168,930,2
1/26/2022,3,jcb,80,157,20
3/9/2009,5,switch,20,336,13
1/21/2015,5,jcb,139,694,6
6/17/2019,4,americanexpress,95,855,9
5/16/2017,1,jcb,111,302,17
6/25/2007,4,jcb,30,159,19
5/16/2001,5,maestro,78,480,17
9/30/2023,5,bankcard,36,106,3
5/22/2011,1,maestro,12,488,12
10/18/2020,1,bankcard,16,289,10
11/22/2010,2,jcb,193,764,5
10/13/2025,5,jcb,75,41,3
1/26/2022,4,bankcard,22,164,20
5/9/2006,1,mastercard,84,954,16
12/14/2004,5,jcb,38,797,19
7/15/2012,4,mastercard,112,357,16
11/9/2002,4,diners-club-enroute,78,62,2
6/25/2005,2,maestro,98,644,3
1/8/2011,3,switch,144,44,6
6/18/2018,5,maestro,42,887,20
9/22/2015,1,maestro,180,156,4
4/16/2004,5,maestro,139,516,9
8/6/2025,3,jcb,79,393,18
11/23/2017,1,jcb,50,309,19
7/29/2005,4,bankcard,61,170,14
2/18/2006,1,jcb,28,173,16
4/9/2009,3,maestro,20,946,20
12/28/2002,2,jcb,25,781,15
11/10/2011,1,switch,140,310,10
2/26/2003,2,diners-club-international,129,276,8
4/28/2017,1,jcb,68,277,11
5/22/2018,5,jcb,194,89,17
2/26/2020,5,jcb,29,882,5
10/20/2022,3,jcb,178,417,12
5/28/2013,1,jcb,77,17,8
11/2/2025,4,maestro,155,669,1
8/19/2007,4,maestro,147,176,12
3/24/2002,3,switch,110,533,5
4/14/2017,2,jcb,111,317,11
8/14/2008,5,americanexpress,150,249,18
1/29/2005,3,jcb,142,723,15
11/21/2023,5,switch,36,31,1
6/9/2023,4,jcb,18,458,11
12/16/2012,4,jcb,183,153,5
10/24/2018,4,jcb,84,924,8
3/1/2017,1,jcb,121,121,9
6/7/2009,1,jcb,133,500,8
3/12/2013,3,jcb,159,776,15
11/4/2015,4,jcb,188,275,6
10/21/2002,3,diners-club-carte-blanche,34,47,15
1/9/2020,5,diners-club-carte-blanche,49,733,1
2/13/2008,4,americanexpress,199,818,5
6/28/2016,4,jcb,55,386,6
3/22/2023,2,jcb,124,633,9
10/5/2014,1,jcb,144,170,3
3/7/2012,5,bankcard,131,690,5
2/3/2018,2,bankcard,173,671,3
8/19/2010,3,jcb,149,206,5
5/29/2006,4,maestro,18,279,14
2/2/2023,2,mastercard,28,233,7
5/29/2015,3,jcb,164,553,14
1/18/2024,5,mastercard,34,117,7
7/25/2019,2,visa-electron,119,658,18
1/5/2018,3,maestro,55,446,14
8/28/2023,3,jcb,10,964,19
2/5/2022,2,jcb,143,519,15
12/8/2004,5,jcb,33,776,13
3/20/2023,2,diners-club-enroute,139,88,19
6/16/2003,4,diners-club-enroute,89,535,4
10/16/2001,4,jcb,155,595,20
3/19/2007,1,diners-club-us-ca,65,72,11
12/15/2003,1,americanexpress,151,643,14
5/17/2017,4,diners-club-international,89,132,7
1/3/2023,1,jcb,89,586,5
12/13/2021,4,diners-club-enroute,71,475,14
3/28/2024,1,maestro,161,356,8
5/20/2022,4,jcb,1,405,8
8/10/2016,5,jcb,9,700,5
5/30/2004,4,jcb,39,566,5
11/17/2004,5,china-unionpay,92,447,15
6/1/2019,5,switch,148,759,14
7/1/2008,3,visa-electron,170,50,8
11/5/2001,1,visa,104,505,19
12/17/2015,4,visa-electron,58,571,9
11/11/2014,1,maestro,57,811,13
5/1/2013,1,americanexpress,35,546,19
11/5/2022,2,bankcard,169,681,9
11/4/2010,2,china-unionpay,53,745,15
11/13/2017,2,diners-club-international,50,560,10
2/12/2015,3,jcb,11,286,12
3/24/2021,1,switch,169,214,12
6/29/2009,5,mastercard,94,372,11
9/2/2016,3,visa-electron,98,281,7
9/14/2010,3,maestro,71,152,4
8/12/2020,1,bankcard,116,454,9
2/18/2006,4,jcb,7,526,8
3/12/2021,5,bankcard,76,651,11
9/11/2025,4,jcb,41,660,18
10/7/2022,2,jcb,72,508,16
9/24/2007,4,visa-electron,37,628,8
5/9/2025,3,jcb,45,554,12
11/27/2014,4,china-unionpay,106,796,8
3/31/2009,5,laser,138,522,8
12/26/2017,1,jcb,98,656,19
9/8/2010,3,visa-electron,147,550,2
4/18/2004,4,switch,157,458,18
10/27/2014,4,visa,87,790,18
12/12/2012,3,visa,126,600,19
4/28/2026,5,jcb,107,91,11
4/6/2007,3,maestro,195,65,8
11/13/2021,3,americanexpress,172,620,12
1/1/2016,3,visa,83,229,7
10/5/2013,2,maestro,27,692,5
1/13/2013,1,maestro,29,316,4
1/17/2012,5,jcb,76,175,10
1/1/2006,2,jcb,138,272,1
5/2/2024,2,maestro,178,612,1
9/27/2014,2,jcb,5,672,6
7/23/2009,1,jcb,27,452,13
12/7/2004,1,maestro,156,750,17
8/24/2011,3,maestro,42,138,17
4/15/2007,1,jcb,46,537,5
1/22/2017,2,maestro,165,551,5
10/26/2006,5,americanexpress,175,227,7
1/30/2007,1,jcb,11,808,8
1/31/2011,2,diners-club-enroute,175,991,19
8/29/2020,3,jcb,55,24,14
7/13/2020,2,diners-club-enroute,157,944,3
1/22/2022,3,switch,7,196,4
1/19/2020,4,jcb,62,900,19
7/17/2009,1,jcb,169,314,3
12/15/2019,5,diners-club-carte-blanche,71,857,3
5/13/2012,5,jcb,96,264,15
3/23/2021,3,mastercard,122,629,5
6/25/2011,5,diners-club-us-ca,178,305,7
3/20/2009,2,visa,166,422,17
8/11/2019,2,americanexpress,123,678,19
1/27/2002,5,jcb,58,521,1
11/2/2005,5,jcb,87,604,10
1/4/2004,1,jcb,156,601,17
1/7/2024,2,switch,54,71,1
10/20/2002,3,americanexpress,127,621,20
2/21/2020,1,jcb,43,367,3
6/19/2008,5,diners-club-enroute,98,495,17
2/15/2020,4,jcb,144,880,1
8/2/2001,5,jcb,24,286,8
11/2/2008,5,americanexpress,131,317,1
4/16/2012,2,jcb,34,864,13
7/8/2009,3,jcb,100,40,16
6/11/2020,4,jcb,84,26,10
2/4/2010,5,laser,40,422,8
3/19/2023,3,instapayment,82,296,20
9/23/2016,2,diners-club-carte-blanche,72,468,5
12/27/2006,4,jcb,112,539,11
5/25/2024,2,bankcard,38,578,20
4/14/2013,2,china-unionpay,76,168,10
12/20/2003,4,diners-club-us-ca,27,88,11
7/7/2002,2,jcb,81,490,17
8/23/2004,1,jcb,55,19,10
7/23/2018,1,jcb,100,176,20
9/20/2019,1,visa,92,579,12
1/25/2005,2,laser,189,126,5
5/18/2006,3,jcb,49,129,9
2/27/2021,2,china-unionpay,199,445,3
9/30/2024,5,visa-electron,153,802,6
7/10/2008,3,china-unionpay,172,527,6
5/8/2003,3,visa-electron,116,244,6
3/5/2016,4,mastercard,143,880,2
12/14/2023,1,switch,7,146,1
11/19/2023,3,jcb,34,416,13
4/12/2006,3,diners-club-carte-blanche,12,513,2
9/20/2012,3,jcb,77,217,20
8/14/2015,3,jcb,195,843,3
1/14/2012,2,americanexpress,181,886,2
9/2/2023,1,jcb,59,679,7
5/12/2009,2,bankcard,60,67,13
3/24/2024,2,diners-club-enroute,193,981,2
6/4/2001,3,jcb,151,224,5
12/8/2002,2,jcb,66,932,12
11/8/2015,4,jcb,173,894,3
7/23/2024,5,americanexpress,28,228,2
7/23/2002,1,mastercard,177,687,9
12/20/2018,3,maestro,2,532,5
12/30/2002,4,diners-club-enroute,19,569,1
9/27/2002,2,jcb,187,514,9
9/20/2016,1,americanexpress,120,95,1
1/10/2009,2,jcb,175,712,8
8/31/2012,5,mastercard,166,347,13
12/11/2003,1,americanexpress,146,361,5
2/2/2017,1,jcb,132,842,1
2/19/2004,1,americanexpress,21,412,13
6/11/2004,1,mastercard,165,906,4
1/3/2022,4,switch,194,6,2
3/17/2024,2,americanexpress,142,163,8
4/28/2018,4,americanexpress,166,777,15
7/12/2009,1,americanexpress,200,666,14
3/20/2015,1,china-unionpay,76,159,6
3/7/2018,4,mastercard,70,32,16
2/4/2019,3,maestro,52,195,5
10/26/2024,4,mastercard,133,775,11
11/1/2005,1,jcb,189,297,16
1/24/2020,1,laser,32,679,8
4/30/2008,5,jcb,27,18,15
12/30/2007,2,laser,94,914,20
11/10/2012,1,jcb,6,922,6
7/10/2024,1,visa-electron,3,826,6
7/25/2018,3,jcb,70,319,1
2/12/2018,1,maestro,86,259,1
9/30/2017,5,jcb,75,274,3
11/22/2015,1,jcb,169,585,5
11/5/2014,3,laser,160,241,1
10/24/2007,4,mastercard,146,451,20
12/9/2025,1,jcb,36,726,17
2/22/2014,1,jcb,27,981,6
8/18/2001,1,laser,80,888,1
1/23/2006,1,china-unionpay,200,624,3
9/16/2022,2,mastercard,53,276,14
12/3/2019,4,jcb,20,643,13
2/11/2026,5,jcb,182,521,20
5/22/2022,4,jcb,67,942,7
2/11/2004,1,diners-club-enroute,196,734,17
11/29/2002,3,jcb,113,251,10
1/18/2012,4,bankcard,114,121,14
10/2/2001,5,jcb,40,411,6
9/16/2013,2,jcb,64,375,19
2/3/2016,3,visa-electron,118,551,9
4/21/2021,5,diners-club-carte-blanche,23,461,7
11/14/2017,1,americanexpress,153,104,9
3/3/2019,3,jcb,187,529,11
3/8/2025,5,jcb,118,480,13
3/23/2011,3,diners-club-carte-blanche,200,929,17
7/18/2016,2,visa,109,5,9
12/8/2004,1,switch,62,568,19
6/8/2003,2,mastercard,108,962,10
7/7/2001,1,jcb,44,788,2
8/7/2004,3,china-unionpay,3,670,2
3/28/2012,3,switch,81,889,10
1/8/2005,4,mastercard,8,187,7
12/21/2004,1,jcb,165,741,15
10/4/2017,2,mastercard,174,659,2
12/1/2016,2,laser,69,140,16
4/26/2017,2,jcb,47,593,16
3/8/2010,4,jcb,136,532,10
2/20/2026,2,diners-club-us-ca,51,602,7
10/7/2011,1,switch,137,58,13
7/29/2021,4,jcb,102,337,19
2/21/2005,5,jcb,157,175,12
11/15/2021,5,bankcard,73,887,6
11/4/2018,4,jcb,199,587,11
1/30/2025,4,solo,35,595,13
3/5/2020,5,bankcard,88,769,9
11/23/2020,4,bankcard,3,703,10
3/26/2004,5,maestro,116,269,6
3/17/2011,3,jcb,149,22,11
8/29/2016,2,maestro,88,778,4
12/20/2018,4,switch,161,942,18
7/22/2003,5,diners-club-carte-blanche,7,15,7
8/4/2017,5,jcb,73,855,6
12/29/2021,3,jcb,169,943,8
12/8/2003,4,jcb,146,38,8
3/14/2012,5,maestro,90,203,2
6/13/2023,4,instapayment,151,92,11
10/3/2019,4,laser,167,602,6
4/24/2005,5,jcb,169,225,16
5/24/2002,5,mastercard,116,821,20
2/11/2002,5,jcb,169,96,14
8/12/2022,1,mastercard,101,708,5
3/3/2008,3,china-unionpay,146,553,16
4/1/2002,3,diners-club-carte-blanche,78,52,19
10/5/2004,5,americanexpress,68,922,19
8/29/2005,3,mastercard,120,499,2
2/19/2010,2,jcb,187,691,11
3/21/2012,1,diners-club-enroute,10,54,2
4/28/2018,1,solo,52,877,2
6/22/2020,1,jcb,78,542,17
1/16/2019,5,visa-electron,170,696,12
9/16/2023,2,china-unionpay,13,711,18
2/22/2016,5,mastercard,180,537,3
7/31/2005,5,jcb,183,284,9
7/9/2020,1,jcb,46,697,9
6/1/2014,1,jcb,50,819,16
7/24/2002,2,jcb,164,725,12
7/2/2014,2,maestro,72,582,13
4/16/2008,4,bankcard,192,110,14
11/29/2002,2,diners-club-enroute,20,613,17
4/20/2021,5,china-unionpay,105,309,19
8/16/2018,5,china-unionpay,72,924,5
10/2/2020,5,diners-club-international,87,890,2
3/2/2018,3,laser,32,708,17
9/28/2009,2,china-unionpay,122,581,1
8/18/2006,5,jcb,142,557,2
10/7/2001,4,jcb,3,140,1
8/22/2012,3,jcb,183,610,8
10/7/2007,4,jcb,12,727,12
1/6/2007,5,switch,91,325,1
1/9/2013,5,mastercard,61,532,20
3/13/2007,2,switch,64,678,12
12/6/2014,2,china-unionpay,9,718,12
1/18/2008,4,jcb,161,498,11
10/24/2025,4,maestro,196,358,10
12/29/2020,5,visa-electron,28,762,9
8/12/2025,1,laser,162,179,20
11/25/2013,3,china-unionpay,8,244,19
4/20/2017,3,jcb,83,344,9
12/27/2012,1,laser,44,800,12
9/2/2002,1,americanexpress,115,241,19
7/4/2019,4,jcb,41,842,16
9/29/2013,2,mastercard,34,206,9
1/6/2016,5,jcb,159,285,2
1/9/2014,2,bankcard,142,111,12
8/18/2019,2,maestro,95,235,17
9/15/2012,2,diners-club-enroute,125,484,9
1/21/2006,5,jcb,148,166,14
7/29/2021,2,diners-club-carte-blanche,63,889,1
3/3/2002,2,visa-electron,28,667,2
2/10/2024,5,jcb,155,7,10
10/28/2003,3,jcb,76,541,9
4/13/2004,1,instapayment,153,571,20
3/23/2002,1,jcb,38,368,2
1/8/2016,1,diners-club-carte-blanche,92,913,5
4/16/2017,4,maestro,82,360,14
7/1/2021,4,jcb,92,274,14
7/29/2014,2,maestro,126,836,7
2/10/2006,2,jcb,165,605,2
6/30/2002,3,mastercard,43,976,2
5/17/2014,2,jcb,38,462,16
2/19/2004,3,mastercard,164,398,2
7/14/2006,3,instapayment,170,950,19
1/9/2013,2,visa,50,959,11
9/30/2003,3,maestro,22,317,3
10/12/2002,2,jcb,127,538,16
12/17/2001,5,maestro,177,630,17
11/25/2019,4,visa-electron,172,583,11
10/17/2008,2,jcb,84,405,8
3/3/2006,3,china-unionpay,92,461,16
1/25/2013,1,visa-electron,118,881,12
7/8/2024,2,jcb,191,860,4
5/2/2022,1,jcb,147,96,14
6/29/2022,2,instapayment,129,331,19
7/6/2021,1,jcb,145,764,8
8/15/2023,3,solo,187,421,15
1/14/2014,2,jcb,172,161,18
3/21/2009,2,jcb,64,294,16
9/6/2004,2,americanexpress,144,929,11
1/30/2021,2,jcb,8,248,3
5/30/2023,2,jcb,133,679,10
9/10/2025,3,bankcard,162,372,14
4/21/2012,5,maestro,137,945,5
10/9/2022,2,diners-club-enroute,72,924,20
11/2/2022,3,jcb,61,881,19
4/11/2024,2,diners-club-enroute,164,7,1
11/29/2013,1,switch,76,524,11
4/9/2025,3,jcb,79,54,12
10/3/2017,5,laser,98,253,8
2/27/2012,3,diners-club-us-ca,176,982,19
9/25/2015,2,bankcard,101,607,14
1/13/2025,2,visa-electron,17,338,9
11/9/2010,3,maestro,181,700,1
2/10/2004,3,switch,83,303,9
11/8/2021,3,jcb,169,796,20
1/24/2013,5,visa-electron,12,875,2
3/3/2014,3,visa,36,129,8
8/7/2001,1,maestro,134,221,3
11/5/2004,1,china-unionpay,137,895,11
9/12/2009,3,jcb,88,1,4
11/22/2014,5,jcb,181,124,16
6/17/2012,1,switch,106,676,10
4/5/2012,2,jcb,21,748,4
6/8/2007,1,solo,101,834,16
4/30/2003,1,laser,29,168,12
7/16/2024,4,jcb,57,102,19
11/15/2006,4,diners-club-carte-blanche,39,716,3
4/27/2004,2,americanexpress,147,813,4
6/18/2017,5,maestro,34,129,6
9/16/2003,1,instapayment,88,800,10
3/9/2002,2,jcb,159,670,15
1/9/2016,5,mastercard,92,882,3
2/13/2004,3,visa-electron,9,353,19
5/8/2016,4,mastercard,126,262,14
12/30/2012,4,laser,165,717,17
11/11/2006,2,diners-club-international,94,166,7
11/24/2019,5,americanexpress,194,746,13
1/8/2009,3,maestro,88,278,5
9/21/2015,3,diners-club-carte-blanche,77,780,10
6/27/2013,4,jcb,172,367,5
1/28/2011,2,jcb,135,993,20
1/18/2008,3,jcb,62,865,20
7/5/2001,1,jcb,194,375,9
4/9/2021,4,mastercard,150,65,6
9/19/2001,3,maestro,175,637,18
6/18/2001,3,jcb,119,749,5
10/12/2020,2,china-unionpay,24,838,1
10/2/2020,1,jcb,31,768,10
7/15/2001,1,americanexpress,29,444,16
6/27/2002,1,jcb,110,101,9
8/22/2008,1,mastercard,58,660,19
7/20/2016,4,maestro,151,544,3
2/26/2021,2,visa-electron,92,867,17
1/13/2013,5,jcb,198,610,2
5/22/2020,5,americanexpress,123,608,15
10/10/2013,4,mastercard,19,544,1
12/8/2011,5,jcb,73,490,7
3/7/2026,4,jcb,19,509,12
1/20/2003,1,jcb,69,825,10
12/13/2002,5,bankcard,87,811,14
6/3/2011,1,jcb,42,585,7
11/13/2021,4,mastercard,65,691,18
4/7/2009,4,americanexpress,93,637,6
2/1/2022,4,laser,34,895,18
3/13/2011,2,bankcard,155,730,18
3/28/2014,1,switch,173,826,5
5/14/2009,1,mastercard,87,773,7
11/29/2016,3,americanexpress,143,513,17
5/12/2019,5,mastercard,117,395,13
12/7/2012,2,jcb,162,588,6
2/10/2020,2,visa-electron,73,844,6
5/13/2021,2,mastercard,108,648,17
3/10/2010,5,jcb,140,524,2
7/30/2023,1,jcb,148,73,14
4/15/2018,4,jcb,25,266,1
12/12/2008,3,china-unionpay,186,716,8
2/14/2004,2,instapayment,60,285,11
1/23/2008,5,diners-club-carte-blanche,186,634,11
2/14/2011,2,maestro,90,210,3
12/11/2006,3,jcb,132,820,7
1/10/2019,2,bankcard,148,448,8
11/3/2008,5,visa-electron,175,959,1
5/19/2012,5,jcb,40,370,7
10/24/2001,4,maestro,195,995,5
6/7/2021,1,mastercard,94,379,9
3/9/2021,2,jcb,84,747,17
9/24/2009,3,jcb,196,586,3
10/1/2018,5,switch,100,9,2
4/18/2023,3,jcb,64,841,6
4/3/2004,1,jcb,146,430,5
6/27/2001,2,jcb,88,640,19
3/19/2006,2,jcb,199,606,6
6/8/2023,4,jcb,18,356,14
4/24/2016,3,visa-electron,44,655,13
1/26/2006,1,mastercard,126,903,2
6/6/2025,3,jcb,44,507,13
3/5/2026,1,maestro,36,377,10
4/10/2006,1,americanexpress,51,944,8
2/18/2021,4,solo,68,480,3
10/5/2010,3,jcb,196,51,5
10/9/2025,5,mastercard,44,529,17
10/20/2018,1,maestro,17,431,9
3/30/2018,4,switch,46,682,4
7/28/2013,3,maestro,176,566,6
3/10/2015,1,jcb,42,497,14
10/2/2022,2,switch,34,506,18
8/14/2002,4,visa-electron,137,569,15
8/29/2001,4,visa-electron,40,235,15
11/8/2009,2,jcb,197,438,10
6/10/2019,1,visa,168,124,8
10/3/2025,1,jcb,46,28,18
3/24/2012,4,jcb,94,498,4
9/25/2019,2,jcb,59,234,12
3/10/2009,2,jcb,177,641,16
12/17/2004,2,jcb,198,222,12
5/26/2001,2,jcb,98,334,15
6/1/2024,5,visa,85,547,1
2/14/2007,3,maestro,178,459,17
11/27/2017,3,mastercard,36,940,15
9/21/2010,4,mastercard,184,998,4
10/10/2019,1,maestro,160,165,10
8/4/2012,1,jcb,65,55,18
1/31/2019,3,maestro,49,335,10
11/30/2006,3,jcb,104,223,15
6/27/2012,2,diners-club-enroute,8,509,1
5/22/2015,2,switch,54,473,20
8/11/2007,2,diners-club-carte-blanche,86,388,9
12/13/2004,1,americanexpress,36,26,1
7/27/2007,4,jcb,196,813,1
11/18/2011,2,jcb,89,990,19
11/24/2017,5,visa,139,419,5
11/2/2005,2,jcb,74,99,3
4/18/2016,4,instapayment,23,338,5
9/8/2020,4,laser,30,525,12
7/20/2022,5,jcb,163,749,19
9/11/2010,2,solo,62,620,2
4/27/2025,3,switch,118,774,15
12/3/2001,1,jcb,85,912,13
2/23/2015,4,americanexpress,44,81,2
8/31/2019,2,jcb,53,222,6
3/24/2010,3,visa,86,333,14
4/16/2023,5,jcb,109,317,4
4/26/2017,5,diners-club-carte-blanche,107,315,1
1/17/2006,5,diners-club-carte-blanche,37,722,9
1/27/2020,4,jcb,152,938,16
12/22/2001,3,jcb,11,364,8
3/15/2020,4,jcb,169,700,19
1/3/2025,4,diners-club-enroute,184,194,14
7/6/2020,5,diners-club-carte-blanche,150,646,8
12/8/2007,4,china-unionpay,69,326,2
4/2/2016,5,solo,56,522,14
11/17/2003,2,jcb,165,408,1
9/6/2016,4,jcb,191,150,19
11/22/2014,1,switch,187,268,8
2/10/2009,2,jcb,9,400,19
1/24/2025,3,americanexpress,178,710,17
6/27/2012,5,jcb,90,887,16
1/22/2022,4,diners-club-enroute,86,988,3
8/2/2012,1,jcb,189,605,18
4/26/2006,2,visa-electron,73,181,5
3/24/2003,3,laser,173,945,16
12/22/2021,4,maestro,102,363,4
11/9/2021,1,jcb,54,605,5
6/22/2007,2,bankcard,121,635,12
4/5/2016,4,mastercard,99,449,15
7/21/2007,5,mastercard,134,369,20
6/17/2016,5,jcb,26,200,5
1/18/2016,5,visa-electron,72,269,4
11/9/2023,5,jcb,142,349,20
11/1/2004,4,diners-club-carte-blanche,104,340,13
4/19/2018,2,switch,157,220,13
2/25/2022,3,jcb,38,126,10
9/26/2015,5,switch,85,818,7
7/12/2003,2,jcb,13,618,2
2/18/2024,5,jcb,56,528,6
7/29/2024,1,americanexpress,161,574,13
12/2/2008,3,jcb,34,222,15
9/1/2007,3,jcb,88,805,1
2/15/2007,5,americanexpress,101,549,3
10/11/2007,4,maestro,29,19,14
2/26/2008,4,jcb,163,990,9
10/6/2016,5,switch,1,427,1
7/26/2015,5,mastercard,152,758,2
12/26/2002,1,jcb,188,792,10
2/13/2004,1,jcb,180,186,1
10/31/2015,2,diners-club-enroute,66,604,2
1/6/2014,4,jcb,71,111,8
9/25/2024,4,maestro,68,889,17
4/11/2004,4,jcb,28,667,13
9/6/2001,5,china-unionpay,152,738,5
10/28/2015,3,solo,185,971,13
3/24/2023,4,laser,61,625,20
2/12/2016,1,jcb,75,58,8
4/22/2020,5,solo,23,512,11
9/19/2009,4,maestro,188,678,17
8/24/2023,3,bankcard,85,848,15
5/23/2012,4,visa-electron,64,981,10
10/8/2024,3,mastercard,96,440,5
10/21/2021,2,laser,198,193,13
1/5/2011,1,visa-electron,95,61,17
3/3/2016,4,jcb,15,814,10
11/23/2013,1,maestro,187,996,5
8/24/2001,4,jcb,71,326,18
6/28/2004,1,jcb,39,903,7
3/19/2006,3,diners-club-carte-blanche,57,331,14
10/4/2025,1,jcb,14,592,10
5/30/2022,3,jcb,2,363,17
5/27/2001,3,switch,20,100,10
8/5/2021,4,jcb,1,868,19
1/29/2025,1,mastercard,163,117,3
12/2/2007,4,jcb,71,152,17
7/15/2001,5,diners-club-carte-blanche,148,787,7
2/20/2019,1,jcb,47,563,19
5/21/2011,4,diners-club-us-ca,193,731,18
8/29/2017,5,jcb,151,866,19
11/29/2004,5,jcb,66,301,16
11/25/2019,5,diners-club-carte-blanche,196,506,10
7/17/2019,2,switch,77,23,13
7/25/2009,3,mastercard,67,634,1
7/12/2015,1,jcb,146,670,9
5/26/2020,3,maestro,126,777,16
9/30/2025,1,laser,167,218,17
12/29/2016,5,jcb,55,760,2
12/12/2004,5,maestro,107,350,19
1/9/2019,4,americanexpress,122,739,1
4/5/2010,1,jcb,60,258,5
4/2/2022,1,diners-club-enroute,35,963,9
5/25/2008,3,mastercard,111,280,15
12/12/2006,4,jcb,19,81,17
1/9/2008,1,jcb,52,624,9
5/26/2020,2,jcb,136,647,15
5/3/2004,4,visa-electron,199,483,8
4/24/2013,5,diners-club-enroute,32,693,4
12/20/2003,1,laser,189,812,13
11/13/2014,2,visa-electron,187,953,20
8/11/2009,2,jcb,163,256,9
12/30/2013,2,mastercard,154,687,20
2/26/2006,4,instapayment,43,619,3
11/10/2012,4,americanexpress,163,974,6
2/27/2019,5,jcb,190,372,7
8/14/2003,4,jcb,144,496,8
8/4/2006,5,switch,37,575,19
11/11/2002,5,maestro,175,775,2
11/26/2006,5,americanexpress,191,229,4
4/11/2002,3,mastercard,200,77,2
10/31/2006,5,diners-club-enroute,26,952,15
2/11/2003,5,jcb,13,237,19
8/5/2010,1,visa-electron,122,53,15
7/30/2017,1,jcb,178,822,10
8/25/2008,4,jcb,68,258,3
12/22/2016,5,visa-electron,111,883,13
12/28/2003,3,jcb,82,374,19
10/10/2005,4,switch,79,290,19
1/7/2017,4,maestro,43,788,2
5/23/2010,2,jcb,194,580,16
1/22/2021,5,jcb,83,310,8
4/17/2010,3,bankcard,48,305,12
9/4/2005,1,switch,117,319,4
2/17/2018,4,jcb,88,987,18
4/22/2026,2,diners-club-enroute,80,42,2
11/23/2014,4,jcb,128,102,12
11/3/2020,5,maestro,155,394,6
10/20/2014,4,instapayment,186,714,20
7/10/2010,4,americanexpress,86,169,14
1/13/2004,3,jcb,25,450,17
10/31/2013,1,diners-club-carte-blanche,60,490,15
2/6/2010,5,jcb,153,267,9
11/11/2013,4,jcb,111,174,16
1/31/2013,5,visa,95,133,2
4/8/2021,3,maestro,112,260,13
12/15/2010,5,maestro,31,995,8
12/21/2007,1,americanexpress,95,133,6
9/11/2012,3,visa,44,714,5
6/15/2006,1,jcb,192,593,12
9/15/2012,1,laser,2,867,19
3/11/2004,1,jcb,65,904,20
1/30/2023,5,jcb,147,472,8
7/11/2018,1,mastercard,6,518,10
1/19/2021,5,diners-club-enroute,172,338,1
12/29/2016,3,visa-electron,84,409,3
1/10/2002,3,china-unionpay,165,901,8
3/15/2012,2,jcb,68,665,2
1/7/2022,5,solo,180,377,15
8/3/2021,5,jcb,46,199,5
9/8/2020,4,jcb,191,897,18
3/22/2007,2,diners-club-enroute,44,123,1
1/13/2005,4,diners-club-enroute,75,501,2
10/29/2017,1,mastercard,153,212,15
2/23/2006,1,americanexpress,5,835,11
11/16/2020,1,jcb,123,410,15
11/16/2009,5,maestro,70,619,13
5/6/2007,3,jcb,39,631,5
7/6/2021,5,jcb,77,123,14
3/9/2014,2,jcb,196,209,5
10/2/2004,3,jcb,144,369,3
3/22/2015,2,jcb,166,244,2
6/6/2015,2,diners-club-enroute,164,584,13
7/30/2008,1,switch,191,408,16
1/2/2008,2,maestro,49,86,13
7/13/2007,5,visa-electron,80,528,11
12/5/2009,5,mastercard,1,218,6
10/16/2024,2,jcb,118,533,1
7/9/2015,5,solo,168,438,4
11/22/2015,2,jcb,45,59,13
10/14/2015,1,diners-club-carte-blanche,13,396,14
1/31/2008,1,jcb,68,814,1
5/4/2013,5,diners-club-carte-blanche,87,93,11
12/11/2005,3,laser,76,307,9
6/13/2021,3,jcb,57,20,17
5/14/2008,2,diners-club-enroute,185,677,8
4/16/2004,2,jcb,21,305,3
10/2/2004,2,laser,15,994,16
9/3/2002,1,jcb,148,282,16
12/30/2009,4,maestro,18,735,6
12/23/2013,2,maestro,31,579,8
7/1/2018,4,visa-electron,83,361,13
5/2/2001,2,visa-electron,8,18,13
9/16/2024,4,jcb,57,435,12
6/12/2024,2,bankcard,68,589,10
6/13/2008,2,visa-electron,84,223,13
5/21/2024,5,diners-club-international,168,485,2
4/12/2018,2,maestro,90,869,8
9/15/2021,5,jcb,43,74,8
7/16/2017,5,visa,184,972,1
7/21/2024,4,jcb,31,145,13
8/22/2001,1,mastercard,82,903,9
7/1/2015,1,jcb,14,216,8
2/3/2012,4,jcb,188,983,20
12/24/2015,1,mastercard,190,323,5
2/23/2010,5,jcb,70,189,11
12/6/2024,4,mastercard,70,657,1
4/8/2026,2,mastercard,112,574,13
7/29/2025,1,switch,140,388,15
6/16/2020,2,jcb,66,917,8
1/19/2017,5,visa-electron,64,862,7
11/12/2007,4,diners-club-enroute,159,287,16
7/13/2003,2,jcb,119,443,8
2/5/2003,2,mastercard,49,27,17
11/25/2013,3,jcb,175,466,7
9/28/2005,3,diners-club-enroute,39,39,12
11/14/2011,4,china-unionpay,101,256,9
12/27/2002,2,jcb,83,910,11
7/11/2025,1,switch,117,694,15
1/10/2012,3,switch,60,634,9
1/26/2025,4,jcb,150,431,1
2/22/2004,5,americanexpress,132,856,12
9/24/2006,2,diners-club-us-ca,147,256,15
9/17/2017,4,solo,103,829,8
10/20/2022,1,jcb,192,535,19
11/5/2025,3,jcb,32,708,19
12/26/2012,1,jcb,111,916,14
6/24/2018,4,jcb,142,97,1
11/17/2020,2,switch,132,556,11
6/1/2006,5,jcb,77,803,17
7/30/2021,1,americanexpress,190,666,14
7/1/2022,2,jcb,175,562,4
4/24/2010,5,instapayment,6,367,10
4/1/2010,5,bankcard,5,785,5
6/6/2014,5,mastercard,64,826,2
9/11/2013,1,diners-club-carte-blanche,28,961,18
11/16/2008,4,jcb,19,665,19
2/12/2023,1,visa-electron,155,26,2
7/12/2017,3,diners-club-us-ca,155,818,10
6/7/2019,3,jcb,53,334,5
6/6/2001,3,jcb,46,724,16
1/29/2024,2,diners-club-international,148,390,16
7/20/2004,2,visa,121,552,17
6/1/2001,2,diners-club-carte-blanche,35,379,4
12/15/2025,2,jcb,59,361,20
5/7/2008,3,maestro,108,133,17
12/31/2023,1,mastercard,35,215,2
10/1/2004,1,jcb,140,958,3
11/5/2003,3,diners-club-carte-blanche,39,277,5
12/27/2005,3,maestro,180,772,16
6/10/2007,3,jcb,64,746,15
7/25/2011,5,jcb,30,291,19
6/12/2013,4,mastercard,178,559,11
12/11/2022,3,jcb,29,368,16
8/3/2006,4,jcb,154,895,17
3/16/2013,3,jcb,37,893,16
12/20/2012,2,china-unionpay,59,471,9
7/17/2013,2,jcb,102,493,10
12/2/2017,1,maestro,128,277,15
2/20/2015,2,switch,6,92,9
7/9/2006,4,laser,142,392,4
2/23/2004,2,jcb,28,252,3
6/11/2005,4,maestro,96,356,20
4/8/2026,5,china-unionpay,100,430,6
4/27/2019,2,maestro,171,228,8
11/26/2014,5,americanexpress,12,845,2
11/22/2001,4,switch,199,816,10
7/2/2023,4,jcb,176,863,10
11/30/2011,1,jcb,77,205,19
1/20/2022,1,jcb,185,65,9
10/15/2003,3,visa-electron,80,569,1
12/18/2010,1,maestro,151,236,8
2/13/2021,5,jcb,2,464,9
6/26/2023,4,jcb,199,712,12
2/26/2015,5,jcb,29,111,18
4/20/2015,3,jcb,168,366,9
11/13/2004,5,diners-club-carte-blanche,172,482,20
2/2/2020,5,diners-club-carte-blanche,40,813,7
8/24/2012,3,china-unionpay,16,491,19
7/21/2023,5,jcb,89,700,14
4/13/2023,1,jcb,11,546,3
9/18/2012,2,switch,97,964,18
11/22/2012,3,jcb,178,985,13
3/7/2012,2,mastercard,71,925,8
2/16/2010,3,jcb,113,235,1
12/8/2010,1,jcb,3,206,2
8/2/2017,2,jcb,113,814,5
12/9/2021,3,jcb,191,21,20
12/8/2008,3,instapayment,90,884,7
3/5/2005,3,maestro,134,587,13
6/24/2017,5,jcb,8,103,13
10/27/2024,3,diners-club-carte-blanche,70,327,10
3/15/2019,3,laser,38,888,16
11/2/2021,2,visa,138,659,4
8/3/2016,2,jcb,85,596,12
9/4/2005,4,mastercard,150,150,15
6/17/2008,1,mastercard,26,275,5
8/5/2019,5,bankcard,164,876,10
6/7/2006,2,maestro,105,383,12
1/5/2009,2,laser,9,311,16
12/9/2005,3,laser,172,550,6
10/11/2013,5,switch,173,171,9
12/24/2007,1,visa,35,85,12
1/28/2023,5,diners-club-enroute,24,574,9
2/24/2022,5,jcb,61,994,6
10/13/2001,1,americanexpress,60,102,7
10/13/2007,4,bankcard,40,210,1
11/26/2018,2,visa-electron,136,259,16
12/23/2006,2,switch,167,575,16
3/11/2022,2,maestro,37,781,10
1/27/2017,3,jcb,70,709,14
1/15/2024,2,bankcard,81,945,12
8/21/2002,4,mastercard,9,877,5
5/18/2007,1,jcb,114,726,2
11/26/2008,5,jcb,117,610,1
10/16/2007,3,americanexpress,29,131,7
9/12/2017,2,jcb,14,338,15
8/28/2019,4,jcb,38,689,12
1/6/2019,2,china-unionpay,1,292,17
2/8/2012,3,solo,63,832,12
10/15/2015,2,instapayment,153,463,14
2/10/2013,5,jcb,150,591,19
8/20/2018,1,visa,62,746,12
8/17/2002,1,visa,164,407,8
4/25/2013,5,jcb,26,998,20
7/20/2021,3,americanexpress,60,215,10
2/18/2016,4,maestro,143,46,19
11/27/2003,5,jcb,128,632,10
9/1/2018,5,diners-club-carte-blanche,155,99,13
8/23/2003,3,jcb,151,406,14
5/28/2012,4,diners-club-us-ca,167,31,17
11/30/2002,5,americanexpress,192,108,4
11/24/2005,3,instapayment,102,258,19
3/29/2012,3,diners-club-enroute,109,378,5
12/23/2009,2,jcb,165,148,6
7/21/2003,2,china-unionpay,27,980,2
7/15/2020,1,bankcard,10,846,20
4/8/2003,2,china-unionpay,137,270,10
3/24/2011,2,maestro,44,381,3
5/7/2014,2,jcb,168,990,18
10/30/2018,4,jcb,200,422,8
9/6/2001,4,jcb,73,409,4
10/18/2006,2,china-unionpay,184,940,19
7/30/2007,1,maestro,131,801,4
11/6/2008,1,jcb,200,475,13
2/15/2011,3,maestro,69,83,14
2/8/2008,3,laser,199,116,15
1/10/2003,5,bankcard,166,606,4
9/16/2001,5,jcb,167,394,1
12/21/2002,2,jcb,140,519,11
2/14/2014,1,jcb,173,429,16
3/5/2018,2,switch,140,622,17
2/10/2005,3,solo,174,134,15
9/2/2010,1,jcb,109,817,20
3/28/2019,1,china-unionpay,180,640,6
12/14/2013,3,visa-electron,57,276,16
8/26/2008,3,jcb,77,838,18
4/27/2024,5,diners-club-carte-blanche,179,800,13
2/12/2023,3,americanexpress,75,870,7
11/9/2014,2,jcb,27,758,1
3/11/2022,4,mastercard,148,833,5
3/3/2025,4,maestro,198,90,12
2/3/2003,4,jcb,75,526,2
7/29/2010,4,americanexpress,120,432,12
12/3/2005,1,jcb,142,935,7
9/15/2021,5,jcb,28,431,3
7/24/2009,3,diners-club-carte-blanche,79,309,16
10/2/2001,1,mastercard,150,973,8
4/1/2016,3,jcb,35,224,3
6/23/2025,2,visa-electron,139,122,19
9/1/2001,3,china-unionpay,102,485,10
4/19/2020,3,mastercard,129,820,1
8/9/2016,2,jcb,10,167,1
6/3/2010,4,diners-club-carte-blanche,146,372,11
9/15/2011,5,mastercard,81,569,1
12/18/2017,3,jcb,96,950,6
4/25/2025,1,bankcard,111,69,1
5/11/2007,1,visa-electron,15,19,12
3/28/2010,1,mastercard,2,660,19
7/2/2019,4,switch,6,803,18
10/22/2016,2,mastercard,175,434,5
9/24/2019,4,jcb,68,177,10
9/1/2013,4,diners-club-enroute,65,862,13
1/2/2021,3,switch,48,359,3
6/18/2020,2,mastercard,140,559,16
8/1/2014,3,visa-electron,151,38,1
12/11/2002,1,maestro,179,249,4
3/12/2023,4,americanexpress,50,735,2
5/7/2012,4,diners-club-carte-blanche,37,464,14
6/6/2025,5,jcb,120,944,20
6/13/2009,5,diners-club-enroute,138,449,7
1/2/2017,4,switch,76,142,1
4/21/2005,5,jcb,114,157,15
4/23/2013,2,diners-club-international,141,511,14
12/14/2025,5,jcb,160,942,16
3/18/2023,5,jcb,71,280,14
10/31/2012,2,visa,99,495,11
5/24/2007,4,americanexpress,1,745,11
5/14/2006,1,jcb,82,275,5
4/25/2007,3,maestro,79,68,7
8/27/2006,5,jcb,31,774,2
5/8/2006,3,jcb,132,191,18
12/31/2008,5,maestro,63,804,20
8/8/2020,4,diners-club-carte-blanche,9,564,2
8/28/2005,2,jcb,15,944,3
7/15/2009,2,jcb,105,480,5
9/22/2005,1,jcb,126,354,14
9/22/2003,1,jcb,120,808,12
11/22/2010,3,maestro,119,610,5
12/10/2024,2,jcb,97,816,7
6/16/2001,4,visa-electron,55,640,7
12/19/2010,2,jcb,98,357,10
5/16/2014,5,diners-club-enroute,166,858,1
4/8/2004,5,mastercard,192,191,7
12/24/2005,5,jcb,198,337,2
10/12/2011,3,maestro,51,776,2
6/27/2021,3,jcb,166,354,9
2/17/2012,2,china-unionpay,140,987,19
2/29/2012,1,diners-club-carte-blanche,38,426,8
11/30/2011,2,americanexpress,63,546,6
5/11/2024,1,mastercard,6,967,7
4/20/2006,5,jcb,30,37,4
4/11/2015,4,jcb,61,309,13
6/18/2008,4,jcb,24,288,7
1/8/2006,1,maestro,22,415,2
1/31/2010,4,jcb,83,344,4
2/28/2019,1,diners-club-carte-blanche,53,634,20
8/26/2010,2,jcb,142,828,4
6/11/2014,4,china-unionpay,138,836,6
5/6/2011,3,maestro,120,461,8
1/8/2008,1,americanexpress,98,424,17
4/24/2025,3,switch,86,603,5
9/20/2008,3,visa,183,563,14
11/27/2011,4,china-unionpay,57,678,12
10/7/2015,4,laser,70,795,12
6/20/2019,5,bankcard,92,842,15
1/18/2023,3,china-unionpay,109,26,16
3/17/2025,5,jcb,152,205,10
3/3/2023,2,jcb,94,747,13
5/31/2003,3,jcb,184,196,15
4/10/2010,5,americanexpress,121,326,11
6/27/2019,3,jcb,76,286,11
11/16/2025,2,jcb,86,869,20
9/24/2019,5,diners-club-enroute,164,818,3
3/7/2007,4,mastercard,118,763,6
9/16/2009,5,jcb,7,572,12
1/9/2022,1,switch,189,327,19
5/22/2005,4,jcb,108,936,8
5/22/2007,1,china-unionpay,96,906,15
6/12/2010,4,jcb,122,119,1
10/24/2014,2,americanexpress,119,165,5
12/5/2022,1,laser,19,87,1
12/21/2023,4,americanexpress,134,722,5
11/19/2001,5,jcb,141,793,4
1/26/2022,2,jcb,65,31,15
1/29/2016,1,jcb,194,239,6
11/28/2013,1,china-unionpay,15,414,17
3/7/2004,2,jcb,39,414,14
6/13/2021,3,maestro,194,277,18
1/14/2014,3,diners-club-enroute,195,289,16
7/29/2009,1,instapayment,11,574,13
12/10/2014,2,jcb,129,745,6
1/16/2010,5,maestro,181,486,16
8/28/2013,5,jcb,40,263,4
2/23/2010,2,americanexpress,4,777,3
9/30/2019,3,jcb,197,207,5
8/13/2003,2,jcb,83,521,2
10/29/2005,1,bankcard,140,58,15
8/1/2019,3,jcb,81,972,10
8/22/2015,2,mastercard,60,344,7
9/26/2003,1,switch,113,147,14
7/25/2003,1,maestro,177,450,5
12/23/2024,5,jcb,106,516,6
2/6/2016,1,switch,139,713,10
11/8/2002,2,laser,200,72,5
8/2/2002,5,visa,181,904,3
10/29/2021,3,jcb,93,152,20
10/13/2017,2,switch,199,487,7
6/14/2016,1,switch,128,338,14
5/7/2023,1,mastercard,183,64,9
7/30/2019,2,jcb,97,21,1
8/28/2001,3,jcb,185,258,4
11/23/2023,5,americanexpress,140,271,1
5/14/2011,2,jcb,75,287,6
6/5/2004,2,instapayment,114,69,6
8/3/2012,2,jcb,92,38,19
8/1/2014,4,mastercard,69,499,17
1/9/2006,3,china-unionpay,174,182,17
3/23/2003,5,americanexpress,156,501,15
11/29/2005,3,jcb,18,207,11
3/12/2011,2,americanexpress,116,814,2
12/20/2013,4,bankcard,39,826,20
12/17/2012,3,laser,98,808,4
2/27/2026,1,instapayment,36,519,5
3/23/2024,2,jcb,56,439,11
4/26/2006,2,instapayment,197,103,8
8/7/2013,3,laser,120,267,6
4/6/2012,4,americanexpress,95,863,5
11/18/2025,2,switch,185,88,11
1/17/2009,5,diners-club-carte-blanche,83,163,14
5/5/2004,1,mastercard,197,959,7
11/18/2016,3,visa-electron,112,422,5
6/11/2014,4,mastercard,94,273,5
12/5/2006,2,switch,168,792,9
6/6/2013,3,visa-electron,116,153,3
4/20/2002,1,americanexpress,123,903,12
8/2/2005,1,jcb,172,66,12
4/5/2009,4,jcb,130,428,13
11/17/2014,3,diners-club-enroute,44,259,15
11/27/2020,2,diners-club-carte-blanche,33,986,16
1/19/2020,2,jcb,109,186,20
1/11/2003,4,jcb,103,750,17
8/16/2022,4,jcb,141,894,17
4/16/2010,5,visa-electron,115,47,20
9/13/2010,2,mastercard,117,170,12
6/13/2025,2,china-unionpay,183,322,8
12/2/2003,4,jcb,66,463,18
4/12/2013,4,jcb,51,215,17
10/24/2015,5,mastercard,131,629,7
11/4/2021,1,diners-club-international,140,112,4
11/7/2016,1,jcb,16,793,19
2/2/2017,2,jcb,11,119,14
7/1/2017,1,visa,172,93,1
7/27/2001,4,mastercard,56,483,15
12/11/2021,2,jcb,165,345,11
5/31/2001,2,jcb,109,59,1
7/15/2025,4,jcb,20,165,2
2/8/2012,5,jcb,177,876,20
4/30/2017,2,jcb,89,202,11
11/25/2009,4,jcb,143,575,19
6/25/2006,2,americanexpress,14,870,14
5/11/2012,3,maestro,134,21,16
2/13/2022,5,jcb,145,245,14
1/28/2022,5,americanexpress,180,401,12
12/19/2022,4,jcb,167,797,3
6/4/2018,3,visa-electron,139,613,9
8/1/2002,2,maestro,67,582,10
12/23/2004,5,bankcard,148,393,11
5/30/2022,5,mastercard,198,175,5
4/21/2018,1,laser,63,86,1
5/17/2025,1,jcb,9,200,18
12/13/2004,4,jcb,112,724,6
11/14/2019,2,maestro,3,750,16
3/18/2019,5,laser,62,389,16
9/29/2005,3,jcb,67,533,11
7/15/2024,3,mastercard,100,18,14
4/14/2018,1,visa-electron,90,927,8
1/2/2023,3,jcb,89,233,20
11/16/2021,4,bankcard,51,981,10
8/7/2018,1,visa-electron,80,2,2
7/12/2002,3,laser,49,572,14
6/12/2002,5,jcb,78,404,10
9/13/2002,3,switch,150,487,19
10/28/2013,2,mastercard,41,672,15
7/19/2008,1,jcb,6,750,16
2/21/2002,1,jcb,79,207,4
11/29/2001,1,jcb,17,856,20
2/14/2022,2,switch,130,500,3
6/29/2013,1,maestro,167,30,3
2/5/2006,2,jcb,15,510,3
10/13/2023,3,bankcard,98,786,3
12/7/2018,2,maestro,37,258,3
5/12/2016,5,china-unionpay,171,970,10
1/27/2014,2,mastercard,89,400,8
5/8/2019,1,mastercard,82,960,13
6/12/2014,5,bankcard,87,895,14
11/24/2014,2,laser,161,444,17
10/30/2014,5,diners-club-us-ca,160,97,7
11/21/2017,1,bankcard,153,547,18
12/14/2016,5,maestro,80,859,13
3/2/2010,2,mastercard,170,505,15
5/4/2006,2,jcb,94,101,1
8/10/2020,3,visa-electron,138,155,17
12/10/2019,2,jcb,178,1000,9
9/16/2023,3,bankcard,21,279,15
2/2/2009,5,mastercard,178,954,11
12/10/2020,2,visa-electron,89,258,4
12/20/2003,3,maestro,111,978,3
9/16/2013,5,jcb,146,561,2
6/12/2025,1,mastercard,187,918,10
3/20/2019,2,visa-electron,89,806,13
7/2/2013,1,switch,18,570,4
5/11/2023,2,diners-club-carte-blanche,112,655,19
2/15/2014,4,bankcard,189,577,17
5/1/2008,5,maestro,5,25,12
1/7/2007,2,jcb,1,553,7
10/18/2024,4,visa-electron,75,211,19
12/6/2023,5,bankcard,100,171,13
11/8/2007,2,switch,93,524,17
12/22/2017,2,bankcard,140,157,20
4/19/2007,4,diners-club-international,143,982,14
3/5/2013,1,china-unionpay,26,686,13
9/21/2013,5,switch,70,233,7
8/22/2002,2,jcb,150,510,4
12/19/2019,1,jcb,159,674,1
10/18/2017,4,americanexpress,102,290,6
6/22/2020,3,diners-club-carte-blanche,98,947,5
1/12/2005,5,jcb,171,340,4
10/29/2002,2,switch,60,242,19
12/11/2021,3,visa-electron,122,523,14
7/7/2008,1,switch,3,681,9
3/23/2004,1,mastercard,73,507,2
12/1/2012,3,diners-club-enroute,135,35,12
5/19/2020,2,visa-electron,179,648,16
6/16/2020,3,jcb,149,101,15
6/1/2005,3,jcb,29,850,6
11/2/2015,2,jcb,173,473,11
12/14/2015,3,mastercard,165,773,6
4/26/2022,1,jcb,7,589,16
12/13/2025,3,jcb,4,688,7
2/25/2009,4,americanexpress,118,977,19
11/9/2006,2,mastercard,26,194,2
12/31/2012,3,jcb,102,232,9
2/23/2022,4,china-unionpay,105,94,11
4/10/2007,1,jcb,38,221,16
9/17/2003,3,diners-club-carte-blanche,12,931,1
5/14/2013,4,jcb,200,292,9
4/6/2026,3,mastercard,129,730,10
1/10/2018,3,americanexpress,15,898,9
7/13/2020,1,diners-club-carte-blanche,84,44,11
10/9/2017,2,diners-club-carte-blanche,141,254,14
9/1/2025,5,china-unionpay,31,598,16
6/19/2024,4,visa,17,306,4
9/5/2020,3,china-unionpay,180,862,5
9/24/2005,2,visa-electron,145,771,3
1/17/2013,2,china-unionpay,147,590,7
8/26/2018,2,jcb,33,551,9
3/1/2026,5,diners-club-enroute,99,288,4
3/31/2011,1,visa-electron,63,938,14
8/22/2003,2,jcb,130,703,10
5/8/2016,1,jcb,100,755,18
3/30/2018,4,jcb,152,546,14
11/17/2025,2,bankcard,92,13,17
4/9/2017,3,diners-club-carte-blanche,160,690,10
7/13/2010,1,bankcard,114,895,7
5/30/2008,4,bankcard,83,20,16
10/10/2016,4,jcb,82,579,9
11/28/2015,4,visa-electron,115,58,7
8/14/2011,1,jcb,39,616,10
7/8/2023,4,switch,155,880,15
12/11/2001,3,jcb,28,108,4
6/28/2023,2,jcb,165,708,18
6/27/2013,5,laser,75,85,15
1/9/2022,5,mastercard,62,917,14
5/20/2022,3,jcb,62,324,12
1/3/2017,4,diners-club-international,87,534,2
3/2/2015,1,jcb,119,256,2
9/11/2001,4,jcb,45,282,17
4/1/2009,4,jcb,200,624,19
9/14/2016,4,jcb,61,18,5
3/13/2017,4,switch,138,256,2
11/5/2005,2,jcb,110,458,16
4/9/2006,5,jcb,43,403,10
8/20/2010,2,visa-electron,180,234,3
6/25/2007,1,americanexpress,22,698,19
10/20/2004,1,jcb,61,660,9
5/12/2017,5,maestro,186,38,6
7/13/2015,2,mastercard,68,71,9
7/24/2004,1,jcb,184,109,2
5/13/2025,4,switch,139,148,1
4/20/2015,2,mastercard,36,426,7
1/19/2018,1,jcb,67,805,20
7/21/2005,1,solo,179,626,1
6/3/2021,4,visa-electron,128,481,5
10/11/2011,4,jcb,91,244,16
12/26/2015,1,jcb,18,737,1
4/19/2021,5,mastercard,35,709,4
1/26/2012,1,jcb,143,826,10
10/14/2010,5,maestro,109,796,14
3/21/2010,2,switch,33,556,20
12/10/2005,4,jcb,143,273,10
7/16/2010,1,jcb,79,422,20
1/11/2003,2,diners-club-enroute,62,623,17
10/13/2018,2,jcb,30,434,20
11/27/2023,3,mastercard,111,537,11
3/3/2023,3,jcb,98,965,4
9/13/2003,5,jcb,7,894,16
2/15/2002,2,jcb,18,305,3
2/15/2002,4,jcb,69,448,8
4/1/2023,1,mastercard,85,765,3
3/5/2025,2,jcb,58,546,16
6/10/2001,2,jcb,110,464,4
3/24/2019,1,china-unionpay,20,585,12
2/21/2017,1,diners-club-enroute,18,899,15
4/1/2004,5,jcb,59,293,5
6/28/2011,1,mastercard,131,978,14
4/8/2024,3,jcb,153,855,18
8/24/2011,2,maestro,53,355,17
4/9/2003,3,jcb,86,236,3
7/9/2007,3,jcb,84,659,7
4/6/2005,2,jcb,151,477,11
4/12/2016,3,diners-club-carte-blanche,36,188,8
8/8/2016,5,china-unionpay,88,497,7
9/16/2001,3,jcb,143,896,13
10/5/2002,5,jcb,46,363,19
5/6/2002,1,visa-electron,41,99,13
1/23/2017,1,jcb,114,22,3
4/30/2011,1,maestro,98,951,3
4/3/2013,3,maestro,148,457,19
10/14/2011,2,jcb,30,204,1
4/8/2010,4,mastercard,191,377,10
2/4/2024,1,diners-club-us-ca,157,7,5
9/10/2017,3,laser,13,509,4
8/1/2018,4,jcb,149,604,12
9/1/2020,4,laser,40,643,12
5/12/2004,5,china-unionpay,98,904,17
6/6/2011,5,jcb,9,314,9
6/22/2004,4,china-unionpay,10,736,6
2/6/2011,2,jcb,67,133,7
10/5/2015,4,jcb,118,381,3
9/12/2015,3,visa,120,526,6
10/10/2004,4,jcb,29,256,16
7/12/2013,3,mastercard,65,308,1
5/7/2013,2,jcb,86,723,7
2/12/2023,5,americanexpress,79,174,2
3/16/2012,3,jcb,82,52,6
4/13/2011,4,mastercard,104,594,19
11/30/2010,1,visa-electron,67,760,1
12/21/2025,2,solo,186,115,7
11/17/2014,1,instapayment,80,455,10
5/17/2018,4,diners-club-carte-blanche,88,215,15
10/12/2009,2,jcb,191,950,1
1/26/2025,3,mastercard,92,658,11
4/26/2020,3,jcb,78,547,4
10/20/2010,2,jcb,188,966,16
1/23/2003,2,mastercard,104,351,9
7/2/2017,3,jcb,197,418,5
5/8/2017,4,china-unionpay,153,231,11
12/21/2015,3,solo,88,651,14
1/19/2023,1,jcb,74,583,12
5/3/2023,5,mastercard,34,563,13
7/23/2017,2,jcb,179,811,1
9/30/2016,2,jcb,78,985,7
8/15/2022,1,jcb,172,428,5
9/19/2006,4,jcb,122,780,1
3/17/2021,4,instapayment,188,383,18
12/7/2005,5,switch,126,932,5
11/2/2021,5,mastercard,42,270,10
5/18/2004,5,jcb,109,346,19
3/11/2007,2,americanexpress,104,530,19
7/1/2006,1,visa,197,736,16
6/14/2001,1,americanexpress,83,511,11
6/4/2013,1,switch,108,362,10
9/19/2023,5,instapayment,61,457,10
6/7/2024,1,mastercard,93,268,3
12/12/2024,5,visa-electron,31,894,9
7/16/2015,3,jcb,42,12,19
12/16/2010,2,solo,27,866,9
11/26/2015,5,mastercard,186,941,2
9/24/2011,2,jcb,57,205,6
7/9/2002,2,mastercard,8,131,11
8/22/2011,1,jcb,85,348,8
7/16/2016,1,jcb,177,969,1
2/26/2021,4,diners-club-carte-blanche,4,129,2
10/21/2021,4,jcb,38,962,5
4/5/2019,4,jcb,115,318,16
1/14/2026,3,jcb,116,460,4
9/16/2014,2,laser,20,696,4
1/20/2023,5,instapayment,188,290,13
2/8/2002,4,china-unionpay,146,663,10
4/28/2020,2,diners-club-enroute,148,866,2
8/19/2022,3,jcb,152,819,17
6/10/2019,2,maestro,27,525,4
8/1/2012,5,mastercard,37,794,2
8/8/2017,1,diners-club-carte-blanche,143,615,11
10/26/2012,3,diners-club-enroute,169,151,8
7/24/2014,5,diners-club-enroute,83,114,7
7/2/2019,3,bankcard,40,947,20
4/30/2013,5,laser,119,315,3
12/22/2016,2,jcb,179,831,11
10/29/2007,4,maestro,184,19,14
3/21/2024,3,china-unionpay,181,396,10
10/29/2013,1,china-unionpay,152,241,9
12/4/2015,1,jcb,64,767,20
12/22/2012,1,jcb,186,480,18
9/6/2002,1,jcb,21,101,9
12/16/2001,4,visa-electron,189,77,19
9/20/2012,4,diners-club-enroute,127,798,10
7/13/2006,1,diners-club-us-ca,52,888,9
5/11/2017,3,jcb,107,869,16
3/9/2025,5,jcb,69,556,17
10/20/2001,5,instapayment,166,179,4
3/17/2003,2,jcb,176,192,20
11/4/2002,4,diners-club-enroute,117,574,5
9/1/2024,5,diners-club-carte-blanche,199,562,20
8/16/2005,4,jcb,132,484,14
8/29/2019,4,bankcard,150,989,17
4/9/2026,1,switch,15,158,16
10/10/2008,4,laser,192,999,10
5/1/2012,2,visa-electron,146,652,17
8/4/2016,5,americanexpress,5,674,5
7/22/2007,4,visa-electron,113,245,13
2/16/2021,4,jcb,32,251,8
1/26/2012,3,jcb,45,442,19
8/4/2004,5,jcb,181,23,3
8/16/2004,1,switch,159,525,18
7/4/2025,5,jcb,165,834,8
8/10/2001,2,jcb,139,829,19
1/22/2014,2,diners-club-carte-blanche,118,829,12
2/24/2011,1,china-unionpay,195,902,13
6/27/2025,3,switch,140,541,2
2/28/2018,4,instapayment,7,155,20
2/24/2022,2,mastercard,31,947,19
11/17/2023,1,jcb,178,103,15
3/24/2021,1,jcb,177,905,3
7/25/2025,5,mastercard,115,783,15
9/12/2001,4,instapayment,2,371,10
5/17/2012,3,visa-electron,193,729,16
3/5/2005,1,jcb,62,167,8
9/2/2002,4,switch,22,101,7
12/27/2010,3,jcb,129,358,1
12/22/2024,1,jcb,41,564,8
8/1/2022,2,mastercard,62,198,12
3/11/2015,1,switch,91,844,3
4/11/2006,4,switch,129,833,5
11/11/2025,2,china-unionpay,49,591,14
12/16/2017,4,mastercard,29,75,16
7/17/2017,4,jcb,9,90,2
3/14/2024,3,mastercard,105,274,8
8/8/2008,4,jcb,127,13,11
7/21/2001,3,jcb,91,44,7
10/30/2010,2,jcb,69,614,12
3/31/2025,4,mastercard,6,913,19
9/9/2009,1,jcb,110,660,9
1/28/2026,3,americanexpress,63,219,5
12/30/2011,4,jcb,111,520,9
12/4/2017,1,china-unionpay,160,876,3
6/15/2003,1,visa-electron,66,716,10
10/27/2009,1,jcb,152,469,6
3/3/2014,1,jcb,58,958,11
11/13/2017,1,solo,30,428,3
9/5/2005,1,bankcard,66,485,1
1/15/2014,4,china-unionpay,184,332,16
8/15/2005,1,visa-electron,170,211,20
3/28/2019,4,jcb,160,229,9
3/8/2014,2,jcb,113,96,20
1/25/2022,2,jcb,154,8,10
2/18/2023,1,laser,117,394,11
8/17/2024,3,jcb,81,7,10
4/3/2007,4,maestro,156,378,20
5/24/2025,5,visa-electron,85,242,19
4/19/2023,3,china-unionpay,22,945,19
9/13/2012,1,visa-electron,163,792,10
7/3/2025,3,jcb,195,863,1
12/10/2024,4,mastercard,23,367,3
6/16/2017,1,jcb,164,995,19
4/20/2025,2,jcb,43,965,13
10/14/2007,1,jcb,59,195,14
2/24/2015,5,jcb,118,797,18
11/13/2020,3,visa,164,706,4
11/1/2006,3,mastercard,101,289,14
12/2/2020,2,bankcard,7,268,16
6/4/2014,5,jcb,165,780,3
10/28/2005,5,jcb,37,41,6
3/9/2024,5,maestro,7,738,19
6/28/2012,5,jcb,137,324,18
7/31/2024,2,visa-electron,197,310,15
7/29/2010,3,jcb,188,472,20
5/22/2009,4,jcb,4,607,14
9/6/2019,2,jcb,137,927,16
9/19/2023,4,jcb,87,187,10
1/17/2002,5,instapayment,34,734,6
2/3/2024,1,switch,86,222,7
11/2/2012,4,diners-club-carte-blanche,180,560,4
6/28/2002,2,mastercard,169,489,15
3/22/2007,1,bankcard,7,696,10
1/1/2005,1,jcb,151,39,11
4/10/2013,3,china-unionpay,131,661,10
1/7/2018,2,diners-club-carte-blanche,113,615,15
12/1/2021,3,china-unionpay,12,749,2
3/8/2024,2,jcb,80,786,7
5/22/2013,5,jcb,195,471,17
11/28/2022,4,jcb,75,190,3
4/17/2013,3,jcb,30,963,4
11/2/2010,1,jcb,188,405,8
8/9/2012,5,jcb,186,461,5
3/25/2004,2,diners-club-international,110,326,7
3/17/2007,4,diners-club-carte-blanche,108,640,5
9/5/2023,1,mastercard,37,59,19
12/29/2002,3,jcb,177,658,1
1/21/2018,1,jcb,27,590,1
2/8/2006,3,maestro,157,465,15
2/21/2025,4,visa,142,961,7
6/13/2017,1,jcb,199,70,11
12/16/2010,1,jcb,171,149,15
9/2/2018,3,instapayment,114,686,14
7/9/2016,1,jcb,200,167,20
10/7/2024,3,switch,78,886,4
2/24/2020,3,mastercard,118,568,12
2/2/2007,4,solo,82,227,15
6/2/2010,2,visa,65,716,8
8/17/2021,1,laser,174,525,2
8/29/2021,1,diners-club-enroute,12,48,11
11/27/2006,2,diners-club-enroute,156,689,14
9/16/2008,4,jcb,156,665,7
12/9/2006,1,mastercard,117,270,1
6/11/2025,5,jcb,192,319,10
11/23/2016,5,diners-club-carte-blanche,194,579,12
4/30/2017,5,jcb,97,912,10
3/13/2005,4,diners-club-carte-blanche,61,751,20
7/30/2004,4,laser,189,936,13
7/16/2013,1,maestro,151,10,16
3/12/2010,1,diners-club-us-ca,60,137,13
9/7/2001,1,jcb,113,581,20
1/24/2003,3,diners-club-enroute,61,737,16
3/29/2015,3,bankcard,188,216,7
5/13/2023,2,visa,149,700,20
2/5/2012,2,jcb,195,913,17
4/1/2002,1,diners-club-carte-blanche,153,75,3
8/24/2016,1,jcb,133,594,12
9/29/2002,1,jcb,55,243,16
2/14/2005,4,jcb,134,616,6
3/3/2023,4,visa-electron,22,311,20
8/11/2008,2,mastercard,48,626,14
1/24/2008,2,maestro,10,242,16
12/10/2002,5,mastercard,191,367,4
5/25/2005,3,jcb,87,647,9
1/9/2019,4,jcb,156,206,20
5/30/2020,3,jcb,93,304,11
8/19/2024,3,instapayment,5,72,19
6/7/2001,2,diners-club-enroute,83,265,20
8/3/2005,3,jcb,44,202,14
7/16/2007,3,switch,188,696,11
12/6/2021,2,jcb,45,775,6
4/6/2023,4,visa,110,71,7
8/25/2023,4,jcb,139,544,18
2/5/2021,3,jcb,195,551,20
3/24/2019,3,bankcard,5,7,10
4/20/2016,1,solo,145,392,5
4/15/2012,3,switch,78,992,19
1/28/2021,5,laser,76,367,14
9/19/2015,1,jcb,130,300,5
3/23/2004,3,jcb,139,551,12
12/10/2003,5,china-unionpay,163,639,12
10/1/2006,2,americanexpress,79,460,6
5/10/2015,4,diners-club-carte-blanche,173,116,14
11/13/2002,4,maestro,140,812,1
3/26/2006,4,diners-club-carte-blanche,71,354,7
3/26/2026,5,laser,176,136,9
3/21/2003,4,instapayment,82,377,2
12/15/2024,2,jcb,152,977,4
3/4/2003,3,switch,180,364,11
5/31/2010,1,diners-club-carte-blanche,97,194,11
10/9/2023,2,visa,98,134,12
11/14/2022,5,jcb,132,73,11
3/26/2007,4,solo,109,970,6
4/3/2026,3,maestro,116,131,10
11/26/2001,5,mastercard,121,324,9
9/28/2014,2,switch,145,873,10
9/27/2011,5,americanexpress,84,990,19
9/2/2009,3,diners-club-enroute,71,390,16
11/14/2013,3,switch,92,92,1
3/10/2026,4,jcb,149,795,20
8/23/2012,4,instapayment,136,69,5
10/24/2010,2,diners-club-enroute,84,718,13
2/24/2015,2,visa-electron,67,865,7
11/19/2024,2,china-unionpay,85,149,19
11/14/2010,4,jcb,47,888,6
6/28/2011,2,bankcard,56,718,15
8/2/2021,3,visa-electron,73,603,12
1/5/2008,1,jcb,135,880,5
2/16/2018,2,switch,34,926,14
5/7/2024,4,jcb,134,367,16
2/13/2020,3,jcb,18,779,3
10/24/2003,3,diners-club-carte-blanche,44,372,6
1/22/2007,4,americanexpress,93,693,8
3/26/2006,1,jcb,7,782,9
7/2/2017,1,mastercard,3,619,20
10/8/2019,5,mastercard,83,517,4
4/4/2022,4,jcb,92,111,16
7/2/2011,3,china-unionpay,35,110,20
11/10/2022,3,switch,56,730,1
2/18/2024,5,jcb,196,753,2
5/10/2006,3,americanexpress,185,137,15
2/12/2015,1,laser,88,686,3
2/20/2017,1,diners-club-us-ca,112,828,9
2/16/2026,2,jcb,71,972,12
5/27/2007,1,laser,71,344,3
12/10/2018,1,jcb,115,33,17
8/31/2015,5,jcb,180,821,20
4/15/2009,4,jcb,76,948,16
3/27/2004,2,jcb,3,188,17
1/15/2002,3,diners-club-us-ca,26,624,11
12/3/2003,2,mastercard,161,725,10
7/8/2015,2,mastercard,70,769,2
11/4/2023,4,bankcard,12,296,7
1/27/2009,1,switch,130,750,11
9/22/2025,1,visa,139,678,12
10/24/2008,3,maestro,126,369,4
4/21/2021,3,jcb,77,124,2
1/13/2025,5,jcb,51,102,1
10/17/2012,5,jcb,185,244,19
12/26/2021,3,jcb,18,53,10
4/27/2014,5,jcb,154,571,3
12/8/2001,1,americanexpress,49,602,20
11/20/2007,4,mastercard,137,789,11
8/7/2022,3,switch,133,287,15
7/8/2007,5,mastercard,102,531,4
1/16/2014,3,maestro,82,408,12
12/28/2005,5,jcb,105,339,6
12/22/2005,4,solo,38,256,9
12/26/2024,3,mastercard,100,264,20
5/25/2014,3,jcb,5,915,12
5/8/2021,3,jcb,15,841,5
3/17/2003,2,mastercard,39,946,7
9/30/2010,5,americanexpress,141,836,9
9/17/2008,4,maestro,88,59,12
10/5/2019,1,switch,82,623,7
6/6/2001,2,mastercard,54,319,10
12/9/2003,5,diners-club-carte-blanche,53,832,18
9/12/2022,2,jcb,80,854,7
10/19/2017,5,americanexpress,155,37,4
12/25/2012,1,jcb,153,141,10
6/16/2003,1,bankcard,135,784,12
3/13/2016,3,laser,66,19,14
9/1/2019,1,china-unionpay,35,53,19
7/13/2004,3,switch,58,291,15
4/7/2009,3,jcb,188,270,12
4/5/2002,4,jcb,119,502,16
4/25/2007,2,visa-electron,106,233,15
8/22/2013,1,visa-electron,160,495,17
6/30/2016,1,jcb,93,803,14
9/25/2025,1,laser,195,900,13
2/28/2006,5,americanexpress,10,833,2
7/13/2006,3,jcb,74,654,14
6/28/2004,5,visa,10,613,2
7/21/2025,1,switch,57,525,16
4/20/2025,4,jcb,72,673,7
3/15/2006,5,jcb,19,821,6
5/11/2019,5,maestro,86,415,7
8/21/2023,5,jcb,3,749,19
11/5/2011,5,visa-electron,32,127,5
11/1/2007,2,mastercard,19,360,1
12/19/2014,5,bankcard,191,958,12
12/21/2001,2,visa,12,21,14
12/11/2018,3,jcb,137,34,8
4/18/2026,2,diners-club-carte-blanche,179,806,15
11/30/2018,5,jcb,160,472,12
7/12/2013,4,maestro,130,74,7
5/13/2005,2,bankcard,43,882,17
5/27/2023,1,china-unionpay,87,716,3
7/20/2014,2,maestro,145,109,2
1/3/2011,3,mastercard,133,934,19
7/16/2005,3,jcb,198,696,12
8/9/2002,1,americanexpress,132,607,7
8/6/2002,3,visa-electron,154,328,16
7/18/2017,1,jcb,173,551,15
4/15/2014,2,maestro,23,747,18
5/11/2017,4,americanexpress,102,682,3
4/27/2014,5,jcb,33,195,11
9/30/2019,4,jcb,115,708,19
1/2/2024,4,jcb,44,828,4
3/3/2004,4,mastercard,116,724,11
1/19/2007,4,jcb,186,715,1
9/24/2005,4,jcb,118,183,4
2/10/2023,2,jcb,127,382,15
11/22/2010,3,americanexpress,159,732,16
2/8/2003,2,mastercard,123,325,15
2/16/2024,1,mastercard,137,183,12
8/19/2003,5,jcb,29,489,15
3/20/2026,5,jcb,177,501,20
4/29/2022,2,jcb,158,410,10
8/28/2023,4,maestro,184,883,9
3/27/2018,3,jcb,137,377,20
11/7/2015,2,diners-club-carte-blanche,26,387,3
11/6/2013,4,visa-electron,165,606,11
10/26/2015,1,switch,34,450,19
11/14/2007,3,switch,91,847,1
1/28/2013,1,jcb,104,996,2
2/17/2007,2,mastercard,38,856,1
6/30/2016,3,visa,46,13,18
1/21/2003,1,mastercard,131,412,1
1/11/2005,3,jcb,160,944,13
10/9/2001,2,jcb,17,916,20
2/9/2024,2,maestro,33,800,4
3/31/2008,2,jcb,40,147,14
7/14/2010,5,jcb,78,347,8
4/3/2010,3,diners-club-international,87,351,13
9/17/2020,5,jcb,86,964,5
11/20/2014,1,jcb,12,374,11
4/23/2013,2,jcb,148,387,11
11/24/2021,4,diners-club-carte-blanche,105,730,6
5/26/2002,5,jcb,65,818,7
8/1/2011,5,jcb,198,915,3
3/25/2018,2,jcb,142,206,20
4/28/2003,5,laser,30,688,8
5/11/2024,4,americanexpress,116,708,7
5/13/2014,4,jcb,160,703,3
12/2/2006,1,china-unionpay,114,214,7
1/24/2009,2,jcb,184,786,20
10/3/2022,4,china-unionpay,71,432,10
4/27/2010,3,mastercard,120,303,8
6/13/2002,2,jcb,20,932,5
10/29/2021,5,mastercard,139,582,2
1/25/2007,4,jcb,196,288,8
7/8/2017,3,diners-club-enroute,191,852,3
12/27/2003,2,jcb,141,470,2
6/11/2019,1,jcb,57,248,13
11/27/2009,1,diners-club-carte-blanche,126,284,10
7/9/2005,2,diners-club-enroute,37,751,6
12/15/2009,1,jcb,36,912,13
3/22/2019,1,mastercard,152,111,4
7/7/2023,5,bankcard,118,549,15
1/13/2022,2,china-unionpay,25,600,16
7/11/2012,3,jcb,44,554,3
8/19/2011,3,jcb,164,415,13
7/10/2006,4,jcb,194,438,12
6/20/2003,5,americanexpress,41,59,8
9/24/2009,1,visa-electron,156,520,14
3/26/2009,2,jcb,194,292,17
2/21/2013,4,jcb,171,321,3
7/22/2009,1,jcb,141,252,20
4/28/2024,5,switch,138,480,16
10/15/2002,4,mastercard,92,559,6
12/3/2014,5,visa,155,806,5
2/1/2002,2,jcb,193,968,8
12/13/2012,1,bankcard,146,552,8
2/20/2023,1,visa,58,942,13
9/3/2017,4,jcb,112,369,3
11/12/2012,4,visa-electron,18,333,17
3/14/2018,4,jcb,145,933,5
2/3/2022,3,instapayment,118,658,20
10/7/2004,5,americanexpress,35,275,18
2/8/2013,4,laser,187,156,19
3/5/2019,4,jcb,149,687,18
8/8/2004,4,jcb,150,45,17
1/12/2006,4,mastercard,36,750,5
12/15/2024,3,mastercard,63,678,8
7/6/2012,2,americanexpress,132,864,15
5/6/2025,1,maestro,58,568,4
5/28/2002,5,china-unionpay,51,682,17
11/20/2022,1,jcb,13,697,15
2/2/2002,1,americanexpress,145,778,2
3/6/2008,2,diners-club-carte-blanche,13,768,18
2/11/2006,4,jcb,137,542,12
8/24/2017,5,jcb,63,821,13
10/5/2021,2,diners-club-enroute,90,225,19
5/24/2017,5,americanexpress,111,401,5
7/10/2017,1,solo,174,525,4
8/5/2013,4,jcb,159,99,2
12/20/2009,2,jcb,164,6,19
2/10/2023,2,jcb,30,625,1
10/26/2005,3,visa-electron,109,212,9
10/16/2015,4,mastercard,58,279,19
3/12/2008,5,jcb,187,502,17
5/7/2016,2,americanexpress,180,394,4
8/16/2024,5,diners-club-carte-blanche,189,47,16
10/29/2004,5,visa-electron,164,724,15
7/3/2008,4,jcb,132,732,2
5/19/2007,3,mastercard,144,141,19
4/5/2021,1,mastercard,153,693,16
12/8/2012,1,jcb,58,853,5
4/3/2023,2,diners-club-enroute,101,694,1
9/6/2024,4,instapayment,55,104,4
3/30/2016,3,instapayment,194,134,15
5/8/2024,3,switch,57,135,4
7/13/2015,4,diners-club-enroute,13,125,14
12/10/2012,5,switch,25,799,3
4/4/2005,3,americanexpress,140,41,14
4/28/2012,5,jcb,144,639,20
6/17/2013,3,visa-electron,167,461,17
9/22/2023,1,jcb,14,892,1
1/19/2022,4,switch,93,477,12
3/20/2015,2,jcb,164,33,17
8/11/2019,5,jcb,174,987,9
12/23/2005,1,bankcard,161,562,20
10/9/2014,2,visa-electron,104,111,16
12/3/2016,4,diners-club-us-ca,131,214,20
6/18/2003,1,jcb,50,527,3
5/27/2019,1,mastercard,119,415,1
10/31/2009,3,china-unionpay,190,563,18
2/2/2022,5,diners-club-enroute,104,796,7
7/8/2015,3,jcb,95,682,7
4/8/2026,4,jcb,29,945,10
2/19/2018,4,jcb,200,545,18
4/8/2004,2,jcb,87,775,8
7/17/2006,4,switch,178,914,3
4/22/2017,4,instapayment,9,861,20
1/6/2024,2,switch,83,319,11
11/24/2013,4,jcb,134,495,9
9/20/2006,4,jcb,92,798,15
12/11/2003,4,americanexpress,164,23,1
7/16/2019,4,switch,184,717,8
2/20/2012,5,jcb,38,916,8
2/24/2003,2,switch,81,212,3
10/10/2013,5,americanexpress,72,168,14
8/5/2024,2,jcb,10,813,1
11/19/2023,4,jcb,11,563,15
9/30/2023,5,diners-club-enroute,19,498,15
12/15/2020,5,maestro,83,713,4
5/6/2025,3,jcb,26,592,13
10/31/2012,2,diners-club-enroute,121,552,16
8/22/2007,3,jcb,179,845,19
8/8/2017,5,americanexpress,198,349,17
9/9/2005,4,maestro,130,70,2
3/11/2005,3,jcb,56,227,17
12/27/2012,2,jcb,139,4,10
8/19/2005,5,jcb,54,188,11
10/3/2024,3,jcb,131,354,10
7/1/2017,3,mastercard,52,418,7
3/7/2021,5,jcb,188,970,7
8/28/2003,4,instapayment,74,926,3
11/23/2004,5,switch,112,799,17
12/23/2001,1,jcb,128,980,7
6/25/2006,2,visa-electron,13,717,4
4/8/2008,2,americanexpress,168,505,6
5/9/2019,4,maestro,62,494,6
7/10/2005,2,china-unionpay,8,838,6
10/18/2006,3,jcb,51,254,3
1/19/2020,2,jcb,115,7,2
7/15/2012,2,mastercard,165,70,12
6/2/2008,1,switch,45,480,7
2/10/2019,3,jcb,74,554,15
11/19/2005,3,china-unionpay,166,246,13
4/14/2009,5,diners-club-carte-blanche,172,51,6
3/1/2024,3,maestro,144,934,20
1/18/2007,1,jcb,103,816,17
7/10/2023,1,mastercard,36,332,19
6/3/2019,2,jcb,80,658,1
3/11/2023,4,maestro,37,98,2
3/14/2004,5,mastercard,133,794,3
4/26/2020,2,maestro,22,117,8
2/14/2011,2,mastercard,24,220,1
3/19/2020,1,americanexpress,113,303,5
7/24/2016,5,jcb,87,848,5
6/19/2002,4,instapayment,89,70,3
8/2/2008,2,laser,75,772,14
3/22/2014,5,maestro,22,975,4
11/8/2014,4,americanexpress,1,831,4
11/18/2025,2,jcb,185,896,6
8/8/2001,4,visa-electron,39,711,14
3/6/2017,2,jcb,134,904,9
11/13/2013,4,jcb,94,59,2
8/13/2009,5,china-unionpay,103,50,20
4/10/2008,4,jcb,69,249,4
4/19/2017,5,diners-club-carte-blanche,163,316,12
3/23/2013,3,visa,193,337,3
5/16/2017,5,jcb,84,579,19
12/13/2018,4,jcb,163,361,4
7/21/2006,5,jcb,55,911,16
6/6/2016,2,americanexpress,177,978,6
7/13/2017,5,mastercard,168,928,5
11/13/2010,4,visa,17,470,12
3/20/2014,4,jcb,83,79,11
2/12/2014,4,jcb,178,824,2
1/23/2022,4,mastercard,77,392,19
3/17/2023,5,switch,120,788,1
5/27/2012,3,visa-electron,196,684,10
5/10/2019,1,jcb,100,870,2
2/24/2005,4,bankcard,57,605,8
6/23/2020,1,diners-club-enroute,189,804,13
5/18/2004,4,jcb,53,1000,4
12/25/2005,4,bankcard,178,255,10
3/1/2022,4,visa,8,679,15
5/1/2025,4,visa,171,652,2
8/28/2005,2,americanexpress,117,261,16
11/18/2005,1,instapayment,94,597,3
9/15/2008,3,switch,29,542,19
5/10/2001,1,jcb,45,432,18
12/4/2018,4,diners-club-carte-blanche,157,426,17
8/31/2022,2,jcb,16,809,11
5/28/2016,2,jcb,168,798,3
4/3/2023,1,switch,55,227,5
3/1/2021,5,diners-club-carte-blanche,123,245,1
12/23/2024,1,mastercard,7,256,7
3/2/2014,5,instapayment,114,979,16
4/11/2026,5,visa,134,705,1
8/25/2008,4,jcb,125,534,10
7/8/2001,4,maestro,26,410,2
9/27/2005,3,diners-club-carte-blanche,52,315,10
7/18/2006,1,diners-club-enroute,18,695,20
7/22/2002,5,jcb,119,855,19
11/7/2003,5,jcb,12,449,13
5/28/2012,4,visa,56,138,18
12/13/2018,4,diners-club-us-ca,45,284,5
9/25/2003,3,visa-electron,51,208,14
6/26/2019,5,jcb,5,747,13
2/1/2013,2,jcb,43,107,20
6/19/2007,5,mastercard,93,597,12
4/5/2002,4,diners-club-enroute,103,618,7
12/10/2016,4,jcb,149,716,7
2/9/2011,4,laser,94,779,13
3/30/2005,4,jcb,91,194,5
10/30/2008,4,jcb,99,553,4
11/8/2017,3,diners-club-carte-blanche,199,462,20
1/14/2021,5,switch,107,456,10
3/21/2007,2,mastercard,137,901,11
5/17/2005,2,mastercard,180,182,20
8/31/2025,2,china-unionpay,188,484,11
9/19/2008,3,jcb,141,432,14
3/24/2010,1,visa-electron,17,462,3
6/23/2025,5,laser,170,853,7
9/26/2012,3,jcb,59,777,1
11/11/2009,3,jcb,3,570,6
7/2/2019,2,mastercard,78,61,13
11/24/2008,4,americanexpress,171,138,18
6/28/2005,1,visa-electron,8,32,12
5/28/2022,3,americanexpress,172,966,3
8/27/2019,5,jcb,25,531,1
2/5/2015,3,mastercard,104,263,9
10/28/2010,1,jcb,85,913,10
1/12/2008,3,maestro,46,823,1
4/29/2020,1,jcb,45,451,11
8/26/2010,3,jcb,106,525,16
9/10/2001,1,visa-electron,31,679,20
7/18/2025,4,jcb,157,327,17
12/7/2001,4,jcb,80,808,3
4/22/2019,5,jcb,163,179,17
2/7/2021,2,china-unionpay,191,480,7
2/23/2019,5,mastercard,10,615,15
2/23/2005,2,switch,92,507,10
12/5/2002,5,jcb,181,274,16
10/31/2014,4,visa,81,685,1
5/3/2003,5,jcb,126,173,13
4/15/2013,5,china-unionpay,88,796,9
3/3/2006,5,jcb,99,101,13
7/5/2023,3,bankcard,82,241,1
5/4/2011,5,maestro,126,368,6
5/17/2002,5,americanexpress,19,493,4
8/2/2014,3,mastercard,21,688,18
5/1/2012,3,visa,83,913,11
12/26/2020,3,jcb,154,214,9
4/15/2009,4,jcb,145,412,16
10/4/2025,4,switch,52,894,20
3/10/2005,4,china-unionpay,165,164,17
2/21/2022,4,americanexpress,100,514,6
4/17/2025,3,mastercard,101,943,10
1/21/2010,2,americanexpress,7,356,6
3/6/2013,3,mastercard,79,43,13
11/3/2021,2,americanexpress,26,482,7
4/5/2023,5,jcb,90,415,10
11/21/2024,2,switch,122,986,3
3/23/2024,1,switch,16,810,10
10/27/2022,3,solo,110,147,12
9/1/2006,2,jcb,134,527,8
8/6/2008,1,jcb,58,804,3
4/13/2006,2,mastercard,98,11,18
2/21/2003,3,americanexpress,120,727,9
2/19/2024,5,diners-club-carte-blanche,107,829,11
9/2/2007,2,visa-electron,96,584,8
1/28/2013,2,jcb,87,84,5
3/26/2021,4,laser,114,203,16
8/16/2022,1,jcb,42,227,4
11/2/2022,1,jcb,24,405,3
7/27/2023,4,americanexpress,115,861,14
12/16/2025,4,china-unionpay,114,347,4
6/22/2024,4,jcb,193,9,11
12/27/2008,3,jcb,124,833,7
10/12/2016,2,jcb,178,510,8
7/21/2010,2,switch,63,118,7
5/2/2012,3,china-unionpay,117,856,17
9/26/2017,2,jcb,108,673,12
11/22/2010,2,mastercard,173,83,3
7/2/2013,5,jcb,90,343,10
11/11/2016,3,jcb,109,490,20
3/21/2004,1,jcb,132,859,1
8/24/2021,3,china-unionpay,159,638,16
9/20/2009,5,jcb,48,860,16
4/26/2023,2,maestro,152,668,11
12/13/2016,2,diners-club-us-ca,35,994,1
9/23/2022,1,diners-club-enroute,152,409,14
8/9/2009,5,mastercard,10,846,20
6/2/2008,2,jcb,81,716,18
2/13/2016,3,jcb,71,472,10
9/27/2005,2,china-unionpay,145,45,6
11/8/2005,1,mastercard,60,237,12
10/26/2020,3,jcb,170,418,3
6/27/2010,3,visa,159,319,20
7/13/2023,1,jcb,168,887,9
11/22/2003,3,diners-club-enroute,82,275,7
9/16/2022,4,bankcard,194,738,19
9/16/2013,3,china-unionpay,45,308,18
2/7/2013,4,bankcard,113,224,10
3/21/2023,2,china-unionpay,52,498,11
1/29/2014,4,china-unionpay,199,146,16
4/13/2019,3,jcb,9,499,16
2/2/2017,3,jcb,117,665,9
3/13/2025,5,jcb,25,663,16
11/1/2018,3,americanexpress,144,639,3
5/24/2006,5,americanexpress,83,171,2
6/15/2006,1,jcb,158,577,8
9/13/2021,4,china-unionpay,107,176,17
9/30/2016,4,jcb,76,539,16
3/8/2008,1,americanexpress,182,184,14
2/7/2011,3,jcb,153,762,1
9/18/2025,1,jcb,96,153,18
5/23/2020,5,china-unionpay,101,741,12
3/25/2019,2,china-unionpay,135,718,4
10/16/2024,2,americanexpress,117,360,10
1/22/2021,2,mastercard,48,286,17
3/10/2024,1,jcb,158,425,11
11/9/2022,3,jcb,139,832,2
5/7/2003,5,mastercard,196,695,12
4/25/2006,5,jcb,67,318,8
10/18/2015,1,jcb,4,162,10
1/5/2024,2,jcb,86,665,16
10/22/2007,3,jcb,135,212,10
12/1/2004,4,maestro,170,254,3
6/10/2022,5,laser,17,281,10
11/13/2005,5,jcb,158,37,10
11/7/2010,3,mastercard,188,484,7
4/20/2019,3,mastercard,58,776,2
4/15/2023,4,jcb,1,952,11
12/11/2015,1,maestro,133,680,19
4/10/2005,2,jcb,91,148,9
11/9/2013,4,jcb,43,823,17
12/1/2009,1,jcb,96,235,12
7/9/2019,5,china-unionpay,126,988,9
5/13/2015,4,jcb,89,120,19
12/17/2022,1,jcb,43,496,15
5/28/2010,4,china-unionpay,144,410,14
3/9/2006,4,mastercard,199,848,12
3/10/2016,5,diners-club-enroute,151,580,7
6/27/2016,5,jcb,60,575,5
11/10/2015,3,jcb,187,754,14
2/28/2022,5,jcb,136,495,2
12/6/2024,5,jcb,72,190,8
1/8/2016,4,jcb,162,257,19
5/28/2012,1,jcb,45,427,14
10/8/2011,4,bankcard,5,837,17
4/21/2003,5,maestro,87,580,20
8/17/2016,1,bankcard,13,562,16
1/25/2002,2,maestro,110,517,11
6/5/2011,4,americanexpress,11,537,20
11/22/2015,5,jcb,132,945,1
12/26/2014,2,mastercard,122,416,5
5/19/2021,4,diners-club-carte-blanche,103,706,18
7/23/2019,4,mastercard,92,729,17
8/22/2017,1,jcb,124,243,1
9/24/2020,1,jcb,3,575,12
5/29/2008,3,mastercard,155,816,12
3/24/2016,2,jcb,147,9,3
2/24/2002,5,laser,188,229,14
12/5/2020,4,mastercard,15,643,8
6/5/2011,3,china-unionpay,186,840,15
9/28/2018,5,switch,176,516,7
3/8/2019,3,jcb,111,508,1
9/20/2008,3,mastercard,96,201,17
8/3/2020,1,china-unionpay,25,428,2
5/28/2012,3,maestro,85,404,17
4/9/2006,5,mastercard,122,941,16
4/5/2004,4,diners-club-enroute,95,286,19
3/8/2017,1,jcb,130,77,17
8/2/2018,4,visa-electron,17,189,13
7/21/2012,2,jcb,25,860,13
9/13/2007,3,jcb,112,800,17
3/7/2026,4,jcb,64,382,18
2/18/2003,4,maestro,42,179,8
10/7/2015,5,jcb,105,129,2
11/15/2019,5,jcb,161,37,10
7/26/2012,1,diners-club-us-ca,144,251,10
10/30/2003,2,mastercard,75,622,9
10/1/2023,2,diners-club-carte-blanche,94,838,2
2/28/2009,2,diners-club-carte-blanche,104,858,4
11/28/2010,4,jcb,96,660,18
6/12/2025,2,jcb,21,960,1
5/16/2002,5,jcb,13,149,17
7/4/2007,1,jcb,161,788,9
5/27/2017,1,china-unionpay,43,851,10
7/17/2025,1,jcb,129,984,11
8/12/2007,2,laser,28,447,12
7/12/2018,4,maestro,81,233,18
10/17/2023,5,mastercard,32,668,7
11/21/2008,4,switch,185,381,13
6/7/2002,3,jcb,75,138,16
10/20/2016,2,visa,97,794,14
10/1/2006,2,mastercard,56,747,17
3/27/2004,2,jcb,110,3,15
3/5/2016,5,china-unionpay,64,524,15
11/10/2007,5,jcb,71,153,6
4/14/2023,2,maestro,130,477,14
3/6/2004,2,jcb,46,931,1
10/13/2010,3,instapayment,42,873,16
1/19/2025,3,jcb,102,835,12
12/24/2015,3,jcb,182,190,8
2/17/2026,5,china-unionpay,25,156,9
9/21/2001,4,diners-club-international,92,323,8
4/2/2008,2,jcb,16,523,9
12/2/2009,1,jcb,92,89,17
4/21/2008,4,jcb,54,728,10
7/21/2002,3,maestro,158,717,7
9/3/2003,5,jcb,103,152,11
2/25/2004,5,jcb,167,729,20
6/27/2018,2,mastercard,33,513,20
3/3/2018,4,switch,19,735,10
9/10/2012,2,bankcard,31,860,13
11/14/2018,3,americanexpress,180,216,10
7/24/2016,2,laser,21,275,17
8/7/2001,4,maestro,21,467,13
1/9/2021,1,visa,47,82,6
11/27/2014,2,jcb,14,243,17
11/14/2010,4,jcb,110,180,16
4/26/2024,4,jcb,191,598,13
2/21/2022,5,maestro,134,248,11
8/6/2009,5,jcb,30,599,19
2/21/2013,2,laser,43,383,14
4/19/2025,1,jcb,117,23,15
9/30/2001,3,jcb,66,707,8
5/21/2001,4,diners-club-enroute,23,58,13
11/11/2020,1,mastercard,99,943,19
7/11/2001,5,visa-electron,44,383,20
9/27/2017,4,maestro,57,377,13
5/29/2015,2,jcb,112,41,1
6/14/2018,4,jcb,4,614,20
8/18/2007,4,jcb,138,610,16
9/3/2013,4,jcb,141,175,5
3/27/2021,1,jcb,200,456,14
12/14/2019,2,jcb,28,948,2
9/2/2009,3,jcb,182,403,8
2/9/2022,4,laser,74,282,12
4/24/2022,1,switch,182,521,19
6/19/2019,2,jcb,56,512,5
6/15/2015,1,jcb,130,558,5
5/7/2016,3,jcb,173,632,3
10/14/2007,4,jcb,79,541,6
1/17/2025,1,switch,3,456,12
3/3/2006,1,jcb,175,369,8
8/31/2002,5,visa,32,635,1
12/20/2024,3,china-unionpay,64,117,5
3/17/2026,1,china-unionpay,55,261,16
12/1/2024,5,solo,131,248,6
12/28/2004,2,visa-electron,140,394,6
2/12/2020,2,jcb,136,122,11
4/8/2012,5,laser,87,118,14
2/25/2009,4,switch,60,162,8
1/5/2002,3,jcb,139,104,8
11/15/2008,1,maestro,183,377,18
6/30/2025,1,diners-club-us-ca,132,918,11
1/10/2016,5,jcb,11,382,19
8/9/2005,5,jcb,118,874,5
1/15/2003,4,jcb,133,99,10
1/18/2006,1,jcb,87,776,1
10/30/2019,5,americanexpress,52,31,7
10/27/2013,3,switch,63,312,5
7/18/2021,4,switch,20,699,4
2/23/2006,1,jcb,95,898,4
4/15/2008,4,bankcard,18,511,18
10/19/2016,1,diners-club-enroute,69,756,7
1/10/2017,5,diners-club-enroute,77,770,14
8/6/2004,3,jcb,86,503,11
2/19/2024,1,mastercard,177,113,6
11/2/2024,1,jcb,140,788,13
7/9/2010,5,mastercard,68,843,13
9/3/2024,3,jcb,52,684,15
12/6/2001,1,americanexpress,92,785,10
7/22/2020,2,china-unionpay,146,348,19
5/24/2017,3,jcb,43,408,19
4/29/2026,1,jcb,193,190,12
11/15/2007,4,maestro,172,913,1
10/3/2022,3,diners-club-enroute,149,468,14
1/23/2022,5,jcb,77,268,8
7/17/2022,1,diners-club-carte-blanche,163,2,1
4/15/2020,2,china-unionpay,194,894,8
12/30/2013,1,diners-club-carte-blanche,49,315,10
5/7/2014,4,switch,48,556,2
3/6/2020,4,jcb,52,178,20
2/2/2016,4,americanexpress,160,550,5
9/7/2016,3,switch,155,351,12
12/10/2010,4,switch,85,902,15
5/13/2019,2,jcb,46,208,10
3/26/2022,1,bankcard,55,857,1
12/29/2014,3,jcb,126,453,8
1/21/2015,1,americanexpress,172,741,6
5/8/2004,2,switch,84,959,16
2/28/2012,5,jcb,85,216,4
1/7/2022,3,diners-club-enroute,28,779,15
8/25/2003,5,americanexpress,52,539,3
2/3/2021,5,visa,144,347,15
9/25/2007,1,instapayment,70,228,19
10/19/2021,3,jcb,51,215,6
8/31/2021,1,jcb,117,523,1
5/21/2025,2,jcb,101,644,20
11/11/2008,2,maestro,87,73,19
7/11/2018,3,solo,132,285,13
9/12/2016,4,mastercard,134,586,5
2/12/2002,5,switch,52,561,20
8/6/2002,5,bankcard,189,753,2
1/20/2007,3,maestro,26,620,20
9/11/2025,4,americanexpress,41,847,18
8/5/2020,4,mastercard,2,224,12
8/12/2019,5,diners-club-us-ca,134,123,11
12/27/2024,3,jcb,15,680,9
9/17/2006,4,laser,157,449,13
11/24/2012,3,switch,30,393,19
10/8/2015,2,jcb,25,908,16
12/7/2009,4,diners-club-carte-blanche,77,999,2
9/16/2002,2,bankcard,21,401,12
3/10/2002,5,visa-electron,41,217,2
8/28/2015,5,jcb,142,795,14
8/14/2021,4,mastercard,13,116,4
10/4/2015,4,mastercard,191,416,9
2/9/2014,3,jcb,51,757,1
2/27/2014,2,jcb,30,432,11
4/16/2019,4,diners-club-carte-blanche,91,197,14
10/5/2005,3,visa-electron,149,396,3
7/14/2024,1,jcb,106,557,10
12/29/2002,5,jcb,154,618,18
2/4/2013,3,jcb,100,828,13
7/22/2014,2,jcb,79,886,8
6/8/2001,2,visa,189,963,15
10/24/2019,1,diners-club-carte-blanche,198,553,2
11/30/2011,4,china-unionpay,109,456,17
10/28/2005,5,jcb,66,121,20
7/12/2016,1,china-unionpay,177,712,5
9/13/2001,5,jcb,59,903,20
12/5/2017,5,switch,20,364,8
5/8/2019,2,jcb,6,900,14
9/16/2005,2,jcb,39,501,18
2/12/2020,2,jcb,181,447,11
11/13/2013,1,diners-club-enroute,90,83,3
4/12/2011,1,bankcard,196,939,1
6/11/2006,3,visa,86,93,14
7/26/2005,5,visa-electron,32,170,20
10/11/2003,3,switch,148,524,6
5/5/2011,4,jcb,157,852,20
4/25/2020,2,visa-electron,155,2,19
10/11/2009,5,jcb,137,246,12
8/8/2024,1,diners-club-carte-blanche,17,950,17
8/31/2006,5,china-unionpay,40,684,11
12/8/2006,3,maestro,86,223,6
10/26/2008,3,diners-club-carte-blanche,17,835,6
2/7/2020,2,solo,128,19,18
11/18/2008,2,bankcard,149,846,1
11/8/2001,3,switch,14,465,20
9/30/2013,2,jcb,16,326,3
8/27/2017,5,switch,47,903,19
3/4/2025,3,instapayment,150,774,10
11/19/2024,3,jcb,141,259,2
8/28/2009,2,mastercard,106,274,10
6/18/2018,5,maestro,2,553,6
12/30/2010,5,jcb,172,943,1
11/28/2024,1,jcb,48,95,6
7/3/2009,5,instapayment,50,375,16
4/17/2012,3,jcb,19,697,5
8/28/2023,1,americanexpress,91,306,1
12/21/2015,2,laser,138,841,11
4/13/2023,2,diners-club-enroute,33,794,16
8/21/2013,4,jcb,101,158,5
5/17/2008,3,mastercard,70,576,17
1/26/2007,2,diners-club-us-ca,177,665,8
4/18/2005,3,maestro,138,732,17
9/6/2002,2,jcb,100,460,9
1/19/2004,4,jcb,67,541,15
5/10/2012,5,maestro,174,875,18
12/6/2012,1,visa,179,88,1
2/1/2015,2,jcb,111,388,4
6/20/2013,4,bankcard,180,768,4
7/12/2011,2,jcb,5,145,14
7/4/2002,3,diners-club-carte-blanche,145,814,1
1/20/2018,3,mastercard,160,964,6
5/22/2023,3,jcb,75,721,9
9/11/2004,2,jcb,99,284,19
5/5/2008,5,visa,70,578,19
1/16/2004,3,visa,136,100,14
9/11/2021,5,jcb,31,101,15
5/21/2013,2,maestro,49,279,9
2/21/2013,5,jcb,143,518,9
5/25/2010,1,jcb,164,603,1
7/12/2014,2,maestro,90,17,5
4/4/2015,1,jcb,176,647,11
12/4/2008,1,instapayment,78,669,9
6/23/2013,2,jcb,133,219,12
7/29/2001,5,diners-club-us-ca,178,931,11
4/10/2016,5,instapayment,98,721,18
6/27/2025,2,jcb,100,651,11
4/25/2012,4,switch,144,53,16
8/28/2011,5,maestro,37,598,12
5/26/2017,3,visa-electron,37,941,18
8/4/2007,1,americanexpress,105,313,18
3/20/2017,2,mastercard,59,401,13
5/29/2001,5,maestro,88,581,15
10/14/2002,4,jcb,128,770,20
3/21/2015,1,bankcard,7,531,7
4/6/2019,2,bankcard,38,161,15
2/19/2016,3,jcb,84,311,7
9/9/2009,1,jcb,117,380,12
10/29/2010,2,switch,61,393,3
10/24/2025,4,jcb,10,458,18
3/13/2005,1,visa-electron,88,802,6
8/4/2007,4,mastercard,75,586,14
7/26/2012,1,laser,69,300,3
5/17/2002,2,mastercard,55,336,12
11/28/2004,3,jcb,2,466,6
10/17/2015,4,americanexpress,165,830,9
4/26/2020,2,china-unionpay,176,430,4
9/28/2009,1,diners-club-carte-blanche,108,655,16
8/24/2003,1,jcb,30,278,8
2/26/2015,5,visa-electron,126,650,7
4/22/2020,3,jcb,83,276,18
1/8/2018,5,china-unionpay,166,89,8
12/18/2006,4,switch,34,782,9
10/1/2006,5,jcb,175,751,18
4/1/2013,4,jcb,131,779,17
7/11/2019,5,laser,158,154,9
12/10/2003,2,maestro,183,828,6
1/14/2020,1,jcb,194,302,9
11/8/2012,2,jcb,41,824,15
1/7/2007,1,diners-club-carte-blanche,122,153,17
1/11/2010,1,diners-club-carte-blanche,177,164,20
11/28/2010,1,jcb,150,24,3
6/17/2007,1,jcb,41,570,3
2/9/2020,2,jcb,16,503,12
7/7/2007,1,jcb,87,181,19
2/3/2016,3,jcb,138,314,5
9/18/2007,3,jcb,107,532,12
10/12/2025,4,mastercard,124,752,15
1/1/2006,4,switch,9,184,7
5/8/2016,3,visa-electron,24,614,14
6/13/2019,2,diners-club-enroute,141,771,13
5/24/2020,2,jcb,173,588,5
8/17/2019,4,jcb,72,789,19
6/26/2019,4,jcb,71,547,4
6/26/2014,5,switch,114,418,5
8/31/2018,2,jcb,192,164,16
12/18/2006,4,diners-club-enroute,99,988,8
4/16/2023,3,bankcard,56,351,14
1/21/2024,2,jcb,5,559,17
10/25/2015,2,bankcard,36,299,15
12/25/2010,1,jcb,129,869,5
1/21/2019,4,jcb,154,274,3
11/28/2018,1,diners-club-enroute,178,260,16
9/24/2005,4,jcb,140,576,6
2/2/2026,3,americanexpress,27,703,7
1/24/2016,3,jcb,161,193,17
5/7/2017,3,switch,121,115,7
2/19/2012,1,jcb,200,183,11
8/15/2023,5,jcb,1,637,16
12/11/2024,4,mastercard,26,3,19
5/12/2012,1,jcb,183,426,17
7/13/2007,5,mastercard,127,508,3
6/7/2011,4,jcb,163,982,13
8/9/2024,4,switch,17,543,14
9/6/2006,1,visa,36,720,9
3/14/2025,1,jcb,132,862,20
1/25/2018,5,visa-electron,66,423,12
12/29/2012,1,jcb,27,998,12
2/14/2016,3,jcb,43,972,6
7/26/2022,4,diners-club-carte-blanche,83,984,8
10/11/2023,4,solo,9,738,11
9/6/2024,4,china-unionpay,82,734,2
10/25/2022,5,jcb,85,885,2
1/22/2014,3,americanexpress,130,191,15
10/12/2014,1,jcb,139,979,15
11/12/2012,5,jcb,127,135,6
1/10/2009,4,mastercard,123,899,1
11/11/2021,2,jcb,28,906,2
1/13/2019,2,mastercard,20,851,8
7/31/2008,3,diners-club-enroute,138,738,3
2/27/2021,2,mastercard,145,578,20
7/26/2012,1,diners-club-carte-blanche,149,783,19
9/1/2004,1,diners-club-carte-blanche,183,635,2
11/1/2021,4,jcb,59,744,1
4/3/2005,1,mastercard,14,138,6
1/30/2021,5,jcb,23,872,20
4/4/2025,2,mastercard,22,889,18
8/22/2012,2,jcb,65,368,5
10/5/2006,3,mastercard,178,87,5
2/1/2016,1,solo,122,837,9
8/1/2016,4,jcb,69,225,3
6/1/2018,3,jcb,117,295,19
2/1/2024,1,switch,83,885,9
1/15/2013,1,china-unionpay,8,28,16
4/23/2023,3,maestro,41,255,16
4/8/2004,1,jcb,21,606,16
12/21/2022,3,jcb,181,240,19
6/12/2011,3,visa,25,677,3
5/3/2009,3,china-unionpay,23,662,20
9/28/2015,1,mastercard,126,550,6
8/26/2007,4,mastercard,114,910,12
4/13/2021,3,jcb,13,625,7
1/23/2019,3,jcb,193,17,3
5/9/2022,4,jcb,146,45,17
3/28/2023,3,visa-electron,120,466,20
4/21/2005,3,instapayment,143,51,20
10/24/2025,2,diners-club-carte-blanche,106,448,6
3/2/2012,2,visa-electron,28,292,19
11/17/2014,3,switch,146,967,8
6/23/2017,2,jcb,39,908,1
7/22/2022,4,visa-electron,182,665,13
6/13/2018,5,mastercard,56,789,4
2/26/2002,2,diners-club-enroute,34,57,13
11/8/2021,4,jcb,111,502,8
9/8/2016,3,diners-club-international,108,104,1
6/8/2009,4,mastercard,144,277,10
10/19/2020,2,mastercard,23,925,15
4/13/2006,5,jcb,44,750,18
7/17/2003,1,jcb,61,235,15
2/2/2020,5,americanexpress,49,811,8
10/30/2020,1,jcb,140,482,4
2/1/2002,4,switch,52,205,6
3/24/2008,2,jcb,193,571,15
7/23/2004,5,laser,46,225,12
8/25/2010,1,maestro,196,648,8
8/28/2024,2,jcb,34,313,15
2/21/2016,2,visa-electron,35,347,12
4/10/2024,3,jcb,94,263,7
7/11/2019,3,visa,105,993,18
5/30/2010,1,jcb,80,941,12
10/1/2023,1,jcb,119,827,16
6/14/2006,5,jcb,136,978,11
9/28/2025,5,mastercard,137,484,11
12/23/2019,4,diners-club-carte-blanche,36,245,5
2/1/2011,4,jcb,44,461,13
4/5/2020,2,mastercard,176,37,6
1/26/2008,4,laser,89,406,14
10/17/2024,1,bankcard,125,492,19
8/18/2010,3,mastercard,47,899,5
5/11/2017,1,mastercard,5,275,13
6/7/2006,4,jcb,63,768,6
6/16/2008,1,mastercard,31,700,17
10/22/2010,3,jcb,3,536,5
10/8/2003,3,jcb,68,301,10
6/28/2024,4,visa,90,715,16
9/17/2013,3,visa-electron,33,687,5
8/6/2018,4,mastercard,58,215,2
6/17/2022,2,switch,170,752,12
6/5/2023,3,jcb,56,895,9
7/14/2023,2,jcb,21,524,8
1/6/2006,4,visa-electron,87,27,10
2/5/2009,4,bankcard,168,196,7
3/19/2022,5,jcb,45,709,14
3/7/2024,4,jcb,132,554,13
2/28/2017,2,laser,90,262,10
2/27/2017,4,mastercard,29,597,14
3/31/2013,5,jcb,138,383,8
5/12/2013,4,visa,144,250,18
3/14/2010,3,laser,182,967,4
12/28/2025,4,mastercard,188,874,15
3/2/2024,2,jcb,105,74,9
2/9/2013,5,laser,172,153,8
7/2/2024,2,bankcard,129,845,20
1/10/2023,1,laser,40,533,19
8/7/2013,4,switch,54,847,1
1/22/2017,5,jcb,165,914,1
3/1/2024,3,laser,130,215,14
8/13/2018,1,mastercard,72,861,6
3/24/2005,2,maestro,20,121,8
4/3/2026,2,instapayment,152,252,13
3/4/2018,2,diners-club-carte-blanche,176,286,6
10/4/2016,3,mastercard,41,79,3
12/10/2004,1,visa-electron,18,722,13
6/24/2001,5,switch,129,835,16
5/12/2016,3,jcb,163,665,15
4/20/2004,3,china-unionpay,158,709,19
3/26/2012,5,jcb,163,330,3
7/11/2022,1,jcb,138,166,18
12/19/2009,1,jcb,92,245,15
12/19/2016,1,jcb,18,752,2
7/10/2010,1,mastercard,188,412,4
5/27/2013,2,jcb,200,721,6
11/10/2005,5,china-unionpay,119,201,17
8/13/2002,2,jcb,152,128,19
2/9/2022,5,bankcard,34,440,17
8/24/2022,5,bankcard,178,790,9
6/12/2017,4,jcb,174,585,12
6/3/2025,2,maestro,112,601,6
11/25/2014,5,jcb,131,116,17
11/10/2015,1,maestro,6,636,18
12/28/2019,5,maestro,126,547,10
4/15/2004,1,diners-club-carte-blanche,66,760,7
2/18/2020,2,jcb,158,19,6
10/17/2018,1,mastercard,133,308,10
2/16/2017,4,diners-club-enroute,47,845,10
1/14/2007,1,mastercard,72,246,16
2/9/2002,5,visa-electron,69,833,12
5/24/2011,5,jcb,132,73,6
5/15/2025,1,jcb,193,334,4
11/16/2003,2,jcb,4,483,7
9/8/2010,1,jcb,123,883,19
8/8/2009,2,americanexpress,74,334,9
4/29/2016,1,bankcard,13,848,11
2/25/2025,4,jcb,77,608,15
12/31/2013,3,jcb,190,753,16
1/5/2009,5,jcb,109,809,4
6/13/2008,1,laser,129,210,17
5/15/2007,4,mastercard,104,434,3
2/19/2008,1,diners-club-enroute,6,835,2
8/7/2009,1,visa-electron,98,998,19
9/6/2022,2,mastercard,187,567,12
10/5/2017,5,china-unionpay,66,456,3
8/8/2013,2,jcb,75,148,20
5/29/2023,5,visa-electron,131,43,9
8/22/2025,5,visa-electron,111,138,1
1/17/2009,4,diners-club-enroute,194,547,4
2/8/2024,2,switch,195,658,4
9/17/2013,2,jcb,183,602,3
12/25/2020,4,jcb,159,650,10
5/15/2014,5,diners-club-carte-blanche,12,859,6
10/24/2006,2,americanexpress,198,267,10
6/2/2005,5,americanexpress,96,822,7
11/15/2005,4,jcb,141,231,9
12/11/2017,5,jcb,16,827,11
10/12/2003,4,china-unionpay,66,977,1
11/13/2006,5,bankcard,119,24,19
7/24/2015,5,visa,105,755,13
5/20/2023,3,americanexpress,125,696,5
12/18/2017,3,americanexpress,41,375,18
3/28/2009,2,bankcard,64,769,4
9/14/2018,3,maestro,19,955,5
12/2/2025,2,jcb,128,890,5
1/15/2014,5,jcb,6,887,19
8/13/2023,5,jcb,73,444,20
11/4/2020,3,jcb,2,474,8
9/27/2013,4,maestro,47,821,14
1/31/2002,3,jcb,77,969,2
1/26/2005,4,jcb,42,151,9
1/22/2011,3,jcb,128,706,20
11/11/2007,3,china-unionpay,167,505,14
6/8/2004,3,maestro,149,385,9
2/24/2003,3,bankcard,120,96,10
12/26/2009,4,switch,148,550,20
7/2/2001,5,maestro,140,426,4
5/21/2014,3,jcb,72,137,19
1/29/2017,2,jcb,77,900,3
10/27/2013,3,jcb,76,267,9
1/10/2020,1,mastercard,16,159,1
3/26/2022,3,instapayment,83,854,5
10/19/2007,4,instapayment,101,597,5
8/9/2009,5,mastercard,177,205,5
5/11/2014,4,diners-club-carte-blanche,54,448,8
10/20/2013,4,jcb,38,656,6
8/24/2020,5,visa-electron,14,188,2
10/15/2022,4,mastercard,102,480,11
11/15/2004,3,switch,68,473,2
5/16/2025,2,mastercard,81,112,12
11/24/2021,3,americanexpress,137,169,13
10/1/2015,2,jcb,106,553,9
2/22/2018,2,jcb,159,908,16
7/25/2004,3,bankcard,62,506,2
3/12/2024,4,jcb,168,17,8
5/8/2001,3,jcb,5,221,9
10/10/2020,3,maestro,132,470,16
10/3/2011,3,diners-club-carte-blanche,147,328,14
12/23/2006,4,visa,7,595,4
5/24/2002,3,jcb,60,866,11
5/23/2007,4,jcb,164,481,11
7/30/2014,2,jcb,144,449,12
4/8/2015,5,mastercard,162,397,18
6/21/2004,2,bankcard,111,320,17
4/26/2026,1,jcb,73,184,15
9/11/2019,1,jcb,102,555,11
3/4/2003,1,china-unionpay,188,452,10
10/6/2006,4,diners-club-enroute,57,264,20
3/1/2025,2,visa-electron,62,87,8
4/6/2025,5,bankcard,174,453,2
9/7/2003,3,diners-club-enroute,113,255,20
11/7/2020,4,switch,130,827,11
6/21/2004,2,jcb,188,149,12
3/1/2020,5,jcb,166,850,18
12/18/2004,2,jcb,151,673,13
11/4/2025,2,jcb,131,663,12
1/6/2008,1,maestro,171,683,16
3/14/2023,3,maestro,11,585,2
12/29/2006,4,bankcard,24,44,18
5/7/2003,4,jcb,5,552,1
8/20/2006,4,jcb,121,400,7
5/4/2022,4,visa-electron,168,528,19
3/1/2018,4,china-unionpay,112,418,12
8/30/2010,1,jcb,97,492,16
10/29/2020,2,jcb,60,734,15
5/24/2007,2,jcb,35,362,14
2/16/2014,4,jcb,118,547,20
6/4/2001,4,instapayment,91,903,16
11/25/2006,4,visa,6,935,9
9/30/2010,5,visa,96,34,17
12/16/2005,5,jcb,12,3,14
11/28/2006,1,switch,183,404,1
4/18/2017,5,jcb,141,800,10
12/5/2023,4,laser,94,10,11
11/10/2005,4,switch,192,589,3
10/31/2019,3,maestro,74,51,17
5/22/2018,5,visa,72,160,17
8/9/2016,5,americanexpress,166,661,17
10/15/2010,4,jcb,135,386,13
8/13/2013,5,jcb,38,420,3
4/22/2007,2,switch,165,105,18
3/26/2023,1,solo,21,917,14
9/5/2015,1,americanexpress,86,345,14
7/7/2005,3,jcb,200,489,5
11/5/2010,4,switch,101,99,19
11/2/2025,3,visa-electron,170,606,7
1/23/2024,5,laser,47,469,14
6/19/2011,3,diners-club-international,16,694,10
2/6/2012,1,visa-electron,57,744,16
7/26/2024,3,jcb,32,428,3
12/25/2011,3,laser,156,77,13
2/8/2005,5,laser,63,298,4
7/24/2022,3,jcb,198,176,17
1/13/2026,3,jcb,23,124,17
4/22/2025,2,jcb,165,875,2
9/28/2021,5,jcb,123,965,7
2/4/2019,5,china-unionpay,168,826,6
8/14/2019,2,jcb,85,929,8
4/7/2018,5,china-unionpay,27,441,5
8/9/2008,1,visa,90,851,7
2/11/2016,5,mastercard,82,897,13
1/18/2017,5,americanexpress,50,849,19
5/19/2009,1,diners-club-carte-blanche,100,907,9
2/11/2014,2,jcb,195,644,17
6/17/2005,5,jcb,101,341,12
5/7/2022,1,jcb,146,745,6
3/6/2014,2,jcb,129,481,11
8/23/2023,2,solo,114,834,2
7/18/2018,3,visa-electron,138,354,17
11/16/2001,5,bankcard,1,969,19
1/21/2006,1,mastercard,58,667,16
6/12/2011,5,americanexpress,98,328,4
3/8/2012,3,jcb,40,887,6
1/9/2004,5,jcb,184,853,1
8/10/2005,1,jcb,96,536,2
6/1/2020,5,switch,146,174,18
5/13/2020,4,jcb,137,672,20
12/6/2013,3,jcb,122,799,2
3/9/2026,5,maestro,172,15,5
5/6/2012,5,jcb,114,126,15
10/4/2002,1,jcb,168,204,12
10/30/2022,3,mastercard,88,414,17
7/22/2008,2,visa,27,322,8
10/31/2020,2,jcb,196,375,8
5/17/2016,3,jcb,152,4,19
9/11/2018,1,jcb,97,464,11
2/26/2022,2,visa-electron,142,742,19
10/16/2009,2,switch,48,171,14
2/11/2004,5,jcb,82,981,14
10/18/2006,4,diners-club-enroute,172,800,18
11/2/2009,1,jcb,161,715,15
5/6/2023,5,diners-club-carte-blanche,41,706,1
5/9/2005,4,jcb,152,7,17
11/24/2001,2,switch,141,213,12
8/25/2001,4,jcb,86,707,19
5/10/2002,4,mastercard,178,831,19
10/1/2020,5,solo,147,649,17
10/31/2007,3,jcb,142,499,11
9/29/2024,1,jcb,150,606,15
10/13/2022,5,diners-club-enroute,169,937,8
11/17/2018,1,instapayment,90,410,20
5/31/2013,2,visa,125,325,8
10/11/2003,4,switch,170,412,18
8/31/2019,5,instapayment,45,101,19
9/9/2003,5,switch,100,141,12
1/20/2011,2,jcb,151,215,8
10/23/2024,1,americanexpress,165,215,3
8/5/2019,3,jcb,113,53,17
4/21/2013,4,jcb,160,258,9
2/26/2016,5,jcb,58,89,12
7/29/2015,2,switch,184,998,19
1/17/2017,4,jcb,174,771,18
3/17/2007,1,switch,118,436,7
11/28/2015,1,laser,50,918,2
8/27/2022,1,switch,100,704,16
6/12/2019,2,maestro,36,352,4
2/14/2010,4,jcb,113,198,9
8/24/2023,5,switch,123,149,14
6/13/2015,3,switch,51,710,8
8/14/2023,5,jcb,131,945,16
5/11/2013,2,diners-club-international,2,356,18
9/12/2014,2,jcb,190,484,8
8/11/2004,5,switch,198,967,1
3/31/2005,3,jcb,93,90,17
5/3/2023,3,jcb,180,888,6
2/2/2026,3,diners-club-enroute,84,529,15
4/30/2021,4,jcb,7,871,2
1/1/2021,3,bankcard,136,429,7
6/8/2016,1,jcb,136,718,4
9/29/2018,3,jcb,81,899,19
10/17/2009,2,jcb,118,942,19
9/4/2002,5,bankcard,70,866,13
9/29/2016,5,jcb,12,575,6
11/15/2020,5,jcb,55,935,9
3/20/2023,2,jcb,185,617,3
10/10/2014,4,bankcard,176,925,8
4/6/2014,4,jcb,130,560,18
6/8/2010,5,china-unionpay,75,521,16
6/18/2010,1,jcb,40,19,11
5/28/2024,3,jcb,199,719,1
8/4/2003,3,jcb,189,197,6
2/11/2013,1,china-unionpay,133,88,15
9/3/2013,1,jcb,79,142,3
2/10/2024,4,jcb,155,93,10
1/17/2006,2,jcb,73,17,7
5/10/2024,3,jcb,54,387,17
9/22/2024,4,bankcard,125,599,11
6/3/2019,4,jcb,21,792,4
12/20/2014,4,jcb,160,777,20
8/29/2005,4,jcb,60,973,10
7/17/2018,3,switch,120,461,13
7/26/2010,1,maestro,177,444,5
10/13/2016,5,solo,119,575,6
3/25/2018,5,maestro,41,176,8
2/9/2022,3,laser,192,826,9
7/19/2021,1,mastercard,91,976,15
2/1/2003,4,switch,149,301,9
5/4/2010,5,jcb,29,226,4
2/4/2023,1,jcb,7,720,20
6/24/2016,2,mastercard,22,219,9
12/18/2001,1,jcb,96,664,3
7/3/2010,5,bankcard,151,404,8
8/25/2024,4,laser,59,574,3
3/16/2012,5,jcb,155,800,17
11/1/2022,5,jcb,149,1,16
9/21/2011,3,bankcard,186,472,1
9/24/2010,3,jcb,39,58,1
7/23/2012,2,laser,136,104,17
1/25/2011,4,china-unionpay,47,360,17
2/16/2008,1,jcb,153,474,8
10/30/2020,3,jcb,81,760,7
10/17/2004,1,diners-club-carte-blanche,199,941,9
6/7/2024,3,jcb,116,992,11
6/24/2009,1,jcb,57,649,4
5/27/2019,2,china-unionpay,16,545,20
7/13/2023,2,jcb,122,600,1
8/3/2025,3,americanexpress,190,683,18
1/1/2016,1,jcb,61,347,7
2/15/2018,4,maestro,176,449,8
1/30/2015,2,jcb,96,801,5
1/7/2019,3,diners-club-carte-blanche,168,328,8
12/3/2019,1,jcb,128,739,2
1/3/2003,5,jcb,194,523,1
2/8/2024,5,jcb,199,850,2
3/25/2016,4,mastercard,11,297,16
1/14/2019,1,americanexpress,72,577,12
8/20/2001,5,mastercard,25,55,20
8/4/2015,2,jcb,85,477,13
3/3/2026,4,jcb,104,865,20
12/19/2005,3,jcb,52,848,19
8/8/2009,4,diners-club-us-ca,127,234,4
5/6/2013,5,diners-club-enroute,102,718,3
2/14/2018,5,switch,115,965,14
10/26/2011,4,laser,8,978,18
4/13/2013,1,visa-electron,172,673,12
12/6/2002,5,americanexpress,17,795,10
10/30/2006,3,maestro,77,720,7
10/23/2003,4,diners-club-international,59,936,5
6/28/2021,2,diners-club-enroute,185,752,8
9/1/2003,3,china-unionpay,6,141,14
4/29/2009,5,mastercard,120,630,5
3/31/2023,3,americanexpress,16,657,10
3/28/2017,3,jcb,60,370,11
2/28/2013,4,jcb,2,523,6
11/23/2002,5,switch,68,579,18
4/27/2026,5,jcb,76,111,16
8/6/2023,1,jcb,89,108,11
7/20/2008,2,diners-club-us-ca,176,476,15
12/19/2012,5,jcb,184,826,1
1/31/2003,1,switch,181,504,3
7/3/2011,3,instapayment,31,99,11
7/20/2022,2,diners-club-enroute,125,797,18
11/10/2008,3,switch,136,298,16
10/11/2011,5,china-unionpay,193,421,11
2/22/2014,4,jcb,133,323,14
11/18/2020,5,visa-electron,46,965,7
2/10/2016,4,visa,89,631,18
11/24/2004,4,instapayment,142,602,9
11/23/2002,2,jcb,147,862,13
6/23/2002,5,jcb,9,693,7
4/9/2023,5,jcb,145,106,10
6/10/2021,5,visa,113,528,6
1/1/2003,3,jcb,31,611,6
2/16/2015,1,visa-electron,100,41,4
5/27/2013,1,jcb,124,968,9
4/28/2012,1,diners-club-carte-blanche,43,702,7
4/23/2015,3,mastercard,173,437,3
8/8/2012,5,visa,188,397,6
5/18/2001,4,jcb,21,291,9
7/27/2024,4,diners-club-international,117,45,7
8/29/2003,2,jcb,47,766,9
7/5/2017,4,jcb,52,214,16
7/25/2012,5,maestro,72,414,13
12/20/2002,4,diners-club-enroute,28,394,10
2/27/2005,4,jcb,81,621,1
11/27/2013,4,solo,188,288,4
9/16/2025,2,jcb,116,448,9
12/16/2025,5,jcb,25,399,17
12/31/2005,3,jcb,57,210,16
9/27/2018,2,jcb,153,494,2
4/4/2026,2,jcb,46,454,1
10/24/2021,3,laser,122,698,4
4/26/2026,3,visa,98,563,7
11/27/2017,5,diners-club-enroute,145,683,15
9/10/2001,4,mastercard,140,333,18
10/24/2017,3,jcb,90,543,11
9/29/2001,3,jcb,93,939,19
9/22/2019,4,mastercard,20,174,19
3/11/2022,3,jcb,118,692,7
8/18/2003,5,americanexpress,185,383,10
11/25/2008,2,diners-club-carte-blanche,156,636,19
12/4/2013,4,jcb,128,924,6
4/6/2009,2,jcb,139,299,3
4/24/2023,1,jcb,148,366,1
11/30/2009,3,mastercard,95,637,1
11/3/2020,4,diners-club-carte-blanche,145,212,15
7/15/2002,1,jcb,128,172,16
1/11/2018,3,mastercard,176,753,10
5/29/2011,2,china-unionpay,9,851,1
3/11/2010,2,jcb,6,471,20
2/16/2022,2,jcb,190,429,7
12/11/2015,2,laser,164,723,3
10/28/2012,5,visa-electron,178,291,4
1/23/2002,3,mastercard,130,497,6
1/19/2015,3,switch,148,514,19
3/7/2003,4,bankcard,43,73,12
1/13/2021,3,jcb,173,811,4
3/4/2021,1,jcb,72,216,7
6/16/2025,4,bankcard,47,179,20
5/25/2007,4,diners-club-international,93,100,15
2/19/2026,4,mastercard,60,671,4
3/12/2009,3,china-unionpay,6,81,12
4/17/2008,1,jcb,68,545,12
7/8/2022,5,diners-club-us-ca,104,961,5
2/9/2007,1,jcb,11,740,7
11/9/2005,2,diners-club-carte-blanche,121,204,12
6/1/2012,5,jcb,97,700,1
6/29/2018,5,maestro,147,462,18
12/19/2015,5,instapayment,182,765,16
9/17/2012,1,bankcard,187,993,14
3/12/2021,4,china-unionpay,38,624,15
10/16/2004,2,maestro,31,728,19
3/27/2015,2,jcb,129,60,11
10/13/2022,1,bankcard,143,775,20
9/21/2004,1,jcb,168,849,6
10/22/2005,1,visa,123,516,20
1/22/2015,1,diners-club-enroute,159,192,20
8/10/2011,2,china-unionpay,46,74,11
11/23/2001,3,jcb,73,625,4
6/25/2025,1,jcb,177,415,4
1/27/2023,5,jcb,31,185,15
6/11/2019,5,jcb,171,976,6
9/11/2005,1,jcb,11,841,13
7/25/2010,2,jcb,117,937,14
6/18/2013,4,mastercard,62,46,4
9/30/2018,1,instapayment,49,519,2
3/23/2025,2,jcb,11,377,18
6/6/2015,2,jcb,100,452,4
6/20/2014,4,solo,165,789,4
10/20/2003,3,jcb,55,821,12
2/9/2011,3,diners-club-enroute,157,471,6
6/1/2007,3,mastercard,70,692,18
7/20/2013,1,diners-club-international,101,521,12
6/15/2005,1,jcb,170,251,13
10/18/2025,5,jcb,139,19,14
11/24/2025,3,jcb,120,786,8
7/21/2011,1,visa,22,949,9
8/7/2006,5,jcb,38,191,12
1/11/2017,3,mastercard,159,544,14
10/19/2006,2,jcb,156,100,20
5/26/2018,3,jcb,114,58,5
10/22/2019,1,visa-electron,29,461,17
5/17/2006,4,jcb,80,574,5
11/18/2018,1,jcb,171,833,7
9/12/2018,1,diners-club-enroute,175,587,16
10/20/2015,4,switch,25,763,16
3/4/2002,3,maestro,115,393,12
7/5/2017,5,jcb,151,207,8
3/14/2007,4,jcb,76,333,2
12/20/2010,1,americanexpress,161,734,9
1/20/2018,1,jcb,121,671,10
5/24/2014,2,mastercard,128,131,1
9/2/2010,2,switch,47,354,3
8/31/2001,5,jcb,187,712,1
7/24/2022,4,jcb,69,425,4
2/15/2024,4,jcb,103,693,8
11/26/2014,2,jcb,198,765,1
4/21/2013,3,jcb,74,106,8
7/6/2005,3,instapayment,92,280,10
5/8/2021,5,americanexpress,58,32,15
11/13/2005,2,maestro,83,266,16
1/24/2017,3,mastercard,72,32,9
8/18/2017,3,jcb,1,388,8
3/30/2026,2,jcb,53,868,14
8/1/2014,2,china-unionpay,21,173,16
6/1/2020,3,switch,5,173,16
12/28/2018,4,jcb,74,230,8
3/11/2002,5,mastercard,96,680,9
7/21/2015,1,americanexpress,33,380,15
11/24/2016,1,jcb,44,546,2
1/13/2021,5,laser,148,791,5
5/23/2021,4,visa-electron,68,594,20
11/14/2017,3,jcb,156,902,11
4/13/2007,3,jcb,121,926,10
5/8/2001,2,mastercard,157,573,5
11/22/2009,2,jcb,95,879,18
7/3/2024,5,jcb,68,1,6
8/9/2004,1,jcb,111,993,9
5/2/2019,4,jcb,182,717,12
8/25/2013,3,jcb,47,438,3
11/18/2025,3,instapayment,73,661,12
12/25/2003,3,diners-club-us-ca,157,628,12
4/1/2004,1,jcb,29,142,8
12/13/2009,2,jcb,88,417,18
4/5/2005,1,jcb,8,811,2
12/8/2022,1,visa-electron,29,357,20
10/4/2025,2,mastercard,115,568,10
9/4/2019,3,jcb,134,587,16
2/18/2004,5,jcb,78,349,12
9/5/2013,2,maestro,2,113,1
4/22/2020,4,diners-club-international,76,143,14
9/19/2017,2,diners-club-enroute,103,200,3
8/22/2009,2,jcb,3,186,10
5/3/2017,2,switch,62,393,15
7/27/2004,3,jcb,134,198,16
5/27/2025,1,jcb,73,157,19
6/1/2004,2,jcb,36,909,8
10/5/2004,2,china-unionpay,178,331,6
10/6/2012,3,visa,152,100,11
10/1/2025,2,jcb,162,817,19
9/18/2015,4,jcb,71,777,15
9/17/2001,4,diners-club-carte-blanche,91,741,16
3/18/2013,4,mastercard,189,302,2
2/16/2012,3,jcb,97,489,8
8/8/2011,4,jcb,162,796,11
7/17/2004,4,instapayment,173,885,11
1/18/2015,5,americanexpress,50,580,6
12/3/2007,3,jcb,21,380,19
9/19/2012,4,jcb,4,222,17
5/22/2014,2,maestro,86,127,15
4/2/2019,5,jcb,105,290,17
8/1/2009,1,visa-electron,155,116,9
7/20/2001,1,jcb,84,578,2
5/17/2008,3,jcb,150,865,7
8/28/2016,5,switch,101,984,20
11/27/2019,4,jcb,17,852,10
2/1/2007,3,china-unionpay,176,661,3
9/25/2024,4,visa,142,21,5
2/3/2003,1,americanexpress,97,801,3
6/2/2021,4,jcb,108,514,18
9/29/2017,2,switch,23,679,18
5/3/2011,3,jcb,65,897,11
5/30/2024,4,jcb,58,362,9
4/14/2015,1,jcb,94,748,17
10/2/2004,4,jcb,113,262,6
9/12/2014,4,americanexpress,153,583,9
1/12/2010,4,americanexpress,173,772,19
10/8/2011,1,jcb,148,84,14
6/7/2018,4,jcb,134,381,13
1/29/2009,1,jcb,194,648,15
2/25/2018,5,jcb,166,924,12
10/21/2003,4,jcb,160,565,13
12/19/2025,1,mastercard,41,87,20
3/23/2013,1,jcb,64,238,19
6/30/2010,4,diners-club-carte-blanche,130,808,11
6/15/2009,4,jcb,113,376,10
11/23/2002,5,switch,1,572,15
8/27/2009,1,jcb,57,576,3
3/26/2007,1,visa-electron,61,586,12
3/28/2025,5,diners-club-carte-blanche,32,430,11
2/19/2017,3,instapayment,173,55,17
1/17/2024,3,diners-club-enroute,65,290,16
11/4/2007,4,maestro,126,367,4
9/2/2016,3,laser,44,596,9
6/6/2023,5,jcb,179,238,10
7/29/2016,5,switch,71,297,9
12/11/2005,5,jcb,116,27,7
6/22/2003,1,visa,81,221,1
1/5/2006,5,bankcard,3,281,8
1/24/2005,3,jcb,159,173,3
11/13/2019,1,mastercard,141,860,16
11/28/2017,3,jcb,117,506,1
3/18/2014,4,americanexpress,181,872,10
8/23/2001,2,china-unionpay,125,750,11
11/21/2020,2,jcb,108,146,14
6/28/2019,1,jcb,56,272,14
6/12/2023,2,jcb,141,421,7
12/18/2024,3,jcb,39,385,2
2/5/2017,3,jcb,33,151,8
5/20/2022,2,jcb,33,745,8
10/5/2019,3,visa,29,254,9
1/17/2015,4,jcb,151,910,6
3/25/2023,2,americanexpress,3,480,4
2/3/2006,1,mastercard,163,861,2
8/25/2020,4,jcb,195,722,15
6/13/2017,5,diners-club-enroute,27,192,4
1/27/2018,4,jcb,43,399,1
3/3/2003,4,maestro,54,611,3
11/13/2002,1,jcb,134,216,19
3/20/2017,3,diners-club-carte-blanche,1,161,19
9/28/2020,4,solo,57,391,7
8/20/2021,5,mastercard,193,949,15
1/13/2008,4,jcb,43,20,7
11/9/2011,3,jcb,33,685,12
3/21/2015,4,diners-club-enroute,130,170,3
4/26/2012,1,mastercard,109,833,12
12/7/2007,4,diners-club-enroute,106,747,11
5/4/2001,2,jcb,54,63,10
10/1/2009,3,jcb,100,753,16
4/29/2016,1,visa,158,42,5
10/8/2007,2,maestro,21,857,18
3/14/2008,5,jcb,179,126,9
9/25/2022,2,jcb,48,354,18
8/19/2001,2,mastercard,71,161,1
5/3/2024,4,jcb,186,825,16
1/30/2011,1,mastercard,168,701,14
1/7/2002,2,jcb,53,747,19
4/2/2009,3,diners-club-international,196,774,10
1/21/2007,3,visa-electron,5,692,3
2/3/2015,3,jcb,117,551,2
12/14/2018,5,maestro,198,704,1
5/24/2003,2,jcb,35,310,14
11/29/2014,2,china-unionpay,117,802,2
1/21/2014,1,mastercard,57,334,18
8/19/2006,2,jcb,114,907,6
9/23/2011,1,mastercard,136,437,2
8/3/2022,1,americanexpress,191,672,15
10/31/2019,1,jcb,171,532,2
3/9/2020,4,jcb,163,850,17
1/29/2020,2,laser,178,360,8
1/4/2023,5,jcb,149,871,1
1/18/2018,3,americanexpress,22,808,16
3/22/2018,2,diners-club-enroute,177,984,15
8/14/2004,1,jcb,91,121,2
11/11/2020,3,jcb,76,59,7
4/13/2016,3,jcb,75,627,18
5/23/2004,3,jcb,91,320,15
1/9/2018,1,diners-club-enroute,159,404,9
3/14/2013,4,mastercard,84,644,10
9/27/2012,5,jcb,164,178,18
5/27/2016,3,visa-electron,116,398,12
3/11/2023,4,jcb,68,855,9
8/27/2013,4,china-unionpay,153,342,3
5/31/2024,5,diners-club-enroute,174,214,17
2/21/2004,2,maestro,152,568,17
1/19/2026,1,jcb,133,485,15
11/21/2010,1,maestro,131,964,4
3/23/2018,4,jcb,72,522,7
6/30/2017,5,diners-club-us-ca,160,293,18
1/6/2021,4,maestro,54,550,10
7/18/2015,2,mastercard,107,161,8
6/4/2018,4,switch,16,849,4
12/19/2022,2,diners-club-enroute,19,757,12
2/8/2022,4,bankcard,72,706,5
11/28/2023,4,jcb,197,288,4
3/6/2017,3,switch,85,93,5
9/25/2003,1,jcb,91,70,20
11/26/2017,1,jcb,101,767,19
9/12/2025,3,switch,28,635,14
6/28/2018,2,americanexpress,43,218,15
12/15/2021,5,mastercard,184,490,11
5/8/2018,5,jcb,193,63,3
11/1/2013,2,jcb,123,914,8
4/21/2024,1,americanexpress,82,449,15
3/11/2020,5,bankcard,126,62,4
12/24/2001,2,maestro,62,392,10
7/4/2025,1,jcb,62,813,18
4/10/2024,5,maestro,86,530,16
1/22/2024,1,diners-club-enroute,26,236,13
9/17/2021,4,jcb,87,760,18
1/10/2025,2,diners-club-enroute,109,857,8
7/29/2009,1,mastercard,144,769,11
11/16/2006,4,jcb,35,662,20
4/18/2009,1,jcb,27,532,8
9/20/2006,5,jcb,192,969,14
11/25/2003,5,jcb,145,951,6
6/11/2021,2,jcb,57,897,16
8/5/2023,5,jcb,110,873,20
11/21/2012,3,china-unionpay,42,186,16
11/29/2021,1,visa,88,325,16
3/26/2024,1,jcb,184,400,20
2/25/2026,5,maestro,151,601,17
9/1/2003,3,jcb,102,348,14
11/9/2003,4,solo,60,41,1
12/3/2022,5,mastercard,111,22,5
7/23/2005,1,jcb,61,536,13
11/29/2007,2,jcb,118,233,16
4/6/2009,3,visa-electron,191,89,9
8/29/2009,2,jcb,80,74,10
10/2/2020,4,diners-club-enroute,82,100,8
5/29/2025,2,jcb,120,716,7
1/10/2014,5,jcb,36,261,5
7/28/2021,2,switch,13,603,8
9/13/2024,2,switch,116,233,14
5/27/2025,3,jcb,169,968,12
3/16/2006,1,jcb,186,335,18
6/29/2005,4,bankcard,128,564,9
8/5/2024,3,americanexpress,134,490,11
12/15/2017,3,jcb,178,34,17
9/11/2025,4,bankcard,49,239,19
12/30/2013,3,jcb,34,196,14
1/16/2025,2,jcb,65,500,7
11/11/2016,1,laser,2,413,8
12/22/2012,1,bankcard,114,991,13
2/15/2013,1,switch,59,713,12
5/7/2022,1,china-unionpay,40,666,19
4/12/2011,4,jcb,99,292,5
3/16/2005,3,jcb,134,619,20
9/12/2014,5,jcb,68,633,17
5/18/2010,1,mastercard,123,399,3
7/28/2007,2,diners-club-enroute,157,37,17
7/20/2007,2,jcb,103,266,11
7/26/2017,3,jcb,73,295,15
9/25/2005,3,americanexpress,199,963,15
8/30/2009,3,mastercard,178,372,19
7/22/2023,4,mastercard,83,778,2
5/1/2018,5,jcb,152,969,3
2/8/2003,4,mastercard,172,973,10
5/24/2024,2,jcb,135,504,2
4/12/2017,3,diners-club-carte-blanche,112,893,17
6/8/2013,1,maestro,198,493,12
8/28/2014,5,jcb,34,199,13
2/4/2013,2,jcb,111,835,7
2/11/2008,2,jcb,85,658,20
3/31/2015,4,americanexpress,168,391,1
11/7/2008,5,jcb,28,268,19
4/28/2012,1,diners-club-carte-blanche,70,951,6
11/20/2002,1,jcb,86,513,14
10/8/2001,2,maestro,90,958,3
7/29/2019,1,jcb,132,604,3
3/28/2013,4,switch,50,347,2
3/12/2010,1,maestro,169,362,17
4/2/2022,1,jcb,136,40,6
8/10/2019,3,jcb,43,298,17
2/20/2003,3,jcb,52,463,18
11/7/2014,3,diners-club-us-ca,11,324,1
4/5/2002,4,jcb,72,531,1
3/14/2017,3,jcb,43,292,5
12/26/2008,2,maestro,30,917,12
12/12/2020,5,instapayment,11,192,7
6/1/2018,2,diners-club-carte-blanche,7,358,5
3/3/2016,2,switch,101,477,11
7/29/2008,3,switch,139,266,3
11/28/2009,2,switch,116,968,4
5/27/2021,1,jcb,81,427,8
10/27/2024,1,switch,122,4,5
5/4/2015,1,jcb,39,103,4
12/1/2009,4,jcb,25,789,8
9/7/2021,5,jcb,12,471,8
5/22/2017,3,jcb,76,897,19
9/27/2013,2,maestro,43,546,16
5/31/2014,2,china-unionpay,195,309,15
4/2/2003,4,switch,64,77,6
3/5/2026,4,jcb,143,161,7
4/18/2012,2,switch,121,322,10
1/4/2009,1,china-unionpay,97,457,6
5/27/2018,2,jcb,30,432,12
4/16/2008,5,jcb,21,254,15
3/21/2025,2,jcb,149,689,5
12/13/2017,1,jcb,121,669,1
12/14/2009,1,diners-club-carte-blanche,118,40,7
12/17/2003,2,jcb,164,206,18
4/7/2009,3,jcb,55,994,10
6/21/2014,5,diners-club-carte-blanche,27,524,17
8/27/2013,1,mastercard,141,971,7
9/14/2019,2,diners-club-international,123,775,14
7/9/2013,2,visa-electron,179,728,8
7/11/2023,1,bankcard,92,423,2
2/20/2022,2,visa,22,239,10
2/17/2011,5,jcb,85,661,13
5/27/2003,1,instapayment,110,660,16
11/11/2020,5,diners-club-international,72,976,16
6/25/2012,3,diners-club-carte-blanche,97,518,12
11/16/2020,1,switch,198,129,18
10/26/2008,4,jcb,188,863,3
7/19/2014,3,visa-electron,184,337,3
12/19/2024,2,jcb,107,106,9
10/6/2013,4,jcb,154,952,3
2/23/2005,2,diners-club-us-ca,62,134,9
1/22/2010,5,diners-club-enroute,177,33,16
2/7/2024,4,jcb,59,78,19
10/7/2021,3,jcb,73,413,2
4/17/2019,5,jcb,3,272,11
1/27/2025,4,solo,187,457,1
1/21/2013,5,jcb,143,60,10
8/15/2010,4,jcb,113,590,20
5/23/2018,4,jcb,105,927,19
5/19/2021,4,laser,103,306,11
7/14/2009,3,americanexpress,72,210,13
6/28/2005,5,jcb,93,532,19
11/26/2003,4,instapayment,111,338,20
1/12/2012,4,instapayment,15,935,18
5/22/2001,5,jcb,166,393,5
11/20/2024,2,jcb,148,236,11
9/19/2007,4,jcb,10,755,12
12/14/2014,5,jcb,151,628,2
8/9/2008,3,maestro,68,786,12
12/6/2016,4,jcb,64,488,11
8/24/2022,1,maestro,54,854,2
5/7/2007,2,jcb,177,191,3
7/8/2014,4,switch,72,447,14
8/7/2015,3,jcb,13,540,9
8/31/2020,1,jcb,158,626,8
3/18/2019,5,bankcard,57,988,8
8/11/2025,3,instapayment,137,169,4
8/11/2001,5,diners-club-carte-blanche,89,175,19
1/4/2021,4,jcb,124,853,1
12/2/2009,5,jcb,156,13,5
4/9/2007,4,diners-club-us-ca,50,218,13
11/22/2019,3,jcb,171,925,17
2/22/2007,5,maestro,33,321,4
7/15/2023,2,solo,6,385,3
3/11/2013,2,jcb,129,937,18
11/21/2020,4,jcb,161,572,3
8/8/2025,3,switch,39,119,15
3/11/2014,2,jcb,112,442,5
12/9/2006,1,jcb,128,757,15
1/16/2024,1,china-unionpay,157,90,11
11/16/2014,4,jcb,48,964,20
8/30/2021,3,jcb,32,576,6
10/25/2024,3,mastercard,125,727,13
11/19/2021,5,jcb,134,445,11
2/5/2026,5,switch,187,358,7
10/24/2018,2,china-unionpay,102,159,9
5/22/2007,2,jcb,107,208,4
8/2/2022,1,mastercard,20,351,3
4/24/2010,5,maestro,190,926,3
1/5/2004,1,maestro,25,747,3
7/20/2011,4,jcb,95,357,17
11/24/2016,1,maestro,70,219,1
5/12/2004,2,diners-club-enroute,86,105,19
9/26/2006,5,instapayment,30,187,15
2/2/2021,2,jcb,125,59,3
2/3/2018,4,diners-club-enroute,176,432,11
5/24/2021,1,china-unionpay,163,331,2
8/1/2016,3,jcb,75,978,17
12/19/2002,1,americanexpress,12,472,16
2/20/2021,2,visa-electron,71,848,4
6/24/2003,5,americanexpress,124,90,14
3/19/2026,2,bankcard,25,540,8
7/18/2002,3,switch,117,124,15
6/13/2020,2,jcb,187,794,11
8/17/2004,1,china-unionpay,68,255,12
10/9/2012,3,visa,121,326,13
7/18/2004,1,diners-club-carte-blanche,75,287,7
7/7/2006,1,bankcard,147,212,2
6/4/2022,1,jcb,155,103,11
12/17/2003,2,diners-club-enroute,81,445,14
11/24/2025,1,jcb,131,644,15
6/21/2013,2,solo,122,990,1
5/21/2011,3,jcb,73,442,6
2/24/2026,5,jcb,184,383,14
5/23/2025,5,jcb,170,815,17
9/16/2025,3,jcb,14,868,15
9/5/2022,2,jcb,147,969,8
7/2/2024,2,switch,133,406,12
6/4/2025,5,americanexpress,196,316,7
6/14/2013,4,mastercard,162,997,13
5/13/2020,5,jcb,143,862,11
2/22/2011,1,jcb,172,557,7
2/22/2020,3,switch,57,838,19
1/12/2017,1,china-unionpay,170,187,14
6/19/2019,3,laser,34,483,8
11/27/2005,5,americanexpress,120,986,15
8/29/2006,3,china-unionpay,2,158,1
1/17/2005,4,china-unionpay,41,381,18
12/12/2018,4,diners-club-enroute,21,63,20
9/21/2007,2,mastercard,104,850,13
1/10/2006,1,switch,44,884,7
5/16/2010,3,diners-club-enroute,189,110,7
10/16/2022,1,visa-electron,105,967,19
9/4/2007,5,jcb,60,355,7
6/18/2014,2,maestro,72,489,17
5/31/2001,2,maestro,129,719,17
4/5/2002,3,visa,170,116,14
2/20/2005,5,diners-club-enroute,80,161,8
7/31/2005,3,mastercard,60,427,7
9/21/2012,2,jcb,26,440,14
3/2/2017,2,diners-club-enroute,159,280,9
7/22/2018,4,maestro,107,844,15
10/8/2002,2,solo,19,945,5
2/14/2017,1,jcb,22,695,1
8/18/2001,4,americanexpress,193,477,20
6/8/2002,1,jcb,176,415,9
5/28/2022,1,jcb,173,787,1
7/27/2010,3,jcb,150,922,20
1/13/2025,4,visa-electron,132,664,8
3/30/2023,2,visa-electron,47,476,8
8/24/2018,5,solo,136,495,8
6/14/2013,3,diners-club-enroute,196,657,20
7/4/2004,1,switch,149,424,13
11/22/2001,1,switch,147,507,12
6/5/2002,4,jcb,155,253,4
12/13/2004,5,visa,151,892,14
7/30/2023,5,diners-club-enroute,68,498,1
8/15/2022,3,americanexpress,138,745,15
6/8/2023,5,jcb,95,698,20
11/16/2023,4,jcb,52,964,2
1/18/2012,5,jcb,195,884,13
8/26/2008,2,maestro,39,143,1
9/18/2025,3,diners-club-enroute,82,54,8
5/22/2022,1,jcb,65,898,7
3/9/2003,1,diners-club-enroute,109,470,6
8/2/2011,4,jcb,80,264,9
12/7/2012,5,jcb,141,447,11
3/14/2014,3,diners-club-us-ca,194,862,19
10/30/2017,1,maestro,59,248,17
9/7/2008,2,jcb,130,542,6
4/7/2012,5,laser,169,901,18
9/26/2013,5,diners-club-enroute,10,811,20
11/14/2012,4,jcb,165,77,8
7/27/2025,1,diners-club-enroute,92,800,15
3/2/2004,1,maestro,82,36,13
5/31/2003,3,mastercard,112,929,18
2/21/2018,4,jcb,14,84,5
5/31/2025,3,jcb,70,485,5
11/26/2008,3,jcb,43,720,8
1/22/2021,3,visa-electron,168,870,12
4/9/2023,2,diners-club-carte-blanche,22,116,17
8/12/2001,1,jcb,65,166,10
11/29/2020,5,laser,47,126,15
5/11/2009,1,visa-electron,70,293,13
5/3/2001,4,mastercard,100,316,7
11/19/2022,5,mastercard,10,39,6
11/21/2014,3,laser,67,893,11
5/17/2019,2,switch,115,518,7
11/19/2014,4,china-unionpay,105,524,8
6/3/2009,5,mastercard,163,904,9
9/22/2018,3,jcb,126,179,16
2/11/2012,5,jcb,136,568,16
5/8/2010,4,americanexpress,91,205,8
9/23/2023,5,jcb,56,376,4
3/3/2014,1,jcb,70,675,18
7/1/2025,4,visa-electron,116,495,5
5/26/2004,5,maestro,98,592,8
6/5/2021,2,diners-club-enroute,69,719,16
12/22/2001,2,mastercard,46,764,7
2/6/2012,1,solo,41,553,10
11/14/2011,3,mastercard,92,845,5
7/18/2002,5,jcb,175,341,12
6/30/2003,5,switch,40,415,2
7/12/2016,1,mastercard,156,540,20
1/8/2009,2,jcb,23,373,1
10/27/2014,1,visa,100,870,8
11/29/2006,1,jcb,28,843,13
8/19/2025,5,jcb,153,642,5
4/28/2021,3,diners-club-international,142,961,17
11/12/2023,5,diners-club-enroute,80,329,11
5/28/2011,5,visa-electron,65,146,7
4/14/2011,1,switch,143,199,9
7/19/2022,5,jcb,170,268,3
9/29/2019,2,jcb,73,781,4
4/4/2021,5,jcb,142,426,11
12/11/2017,4,jcb,75,49,13
11/29/2003,5,americanexpress,197,453,8
2/11/2003,5,diners-club-carte-blanche,45,265,5
3/6/2015,2,maestro,7,585,6
3/30/2010,5,diners-club-enroute,42,952,4
3/7/2011,3,jcb,45,653,10
7/15/2008,3,switch,124,122,17
9/28/2020,4,jcb,58,744,2
8/1/2016,4,jcb,53,833,11
3/25/2021,3,jcb,99,436,14
12/25/2007,3,jcb,173,95,8
2/15/2013,2,visa-electron,2,376,2
2/14/2019,2,solo,68,182,7
3/29/2020,2,jcb,6,608,3
9/17/2020,3,maestro,104,377,6
9/8/2012,3,mastercard,34,993,9
9/3/2011,4,jcb,200,686,17
12/18/2010,2,mastercard,112,744,2
8/4/2021,4,switch,194,934,8
7/28/2008,4,jcb,63,823,7
4/12/2007,3,bankcard,72,439,7
1/7/2015,2,visa,157,124,13
7/30/2016,5,visa-electron,67,208,19
5/15/2012,3,jcb,29,173,6
9/9/2016,1,diners-club-enroute,10,790,10
6/16/2005,4,jcb,117,360,12
3/11/2004,2,switch,14,670,3
11/9/2025,5,visa-electron,108,794,17
5/22/2019,5,jcb,70,735,6
1/18/2012,1,diners-club-enroute,190,661,2
8/18/2011,2,bankcard,139,880,1
6/26/2003,5,china-unionpay,123,811,3
3/21/2008,5,diners-club-enroute,61,231,2
11/30/2021,1,jcb,65,863,2
7/30/2003,1,jcb,163,865,12
4/6/2003,3,visa,30,674,5
4/22/2005,1,jcb,153,409,10
4/26/2015,5,china-unionpay,145,236,2
11/22/2018,2,bankcard,131,577,18
2/19/2006,5,jcb,108,401,2
4/26/2023,1,jcb,193,496,7
8/10/2010,2,maestro,164,645,4
1/23/2018,2,maestro,68,717,15
1/17/2009,3,jcb,36,75,3
8/7/2022,2,instapayment,160,365,18
12/16/2005,4,jcb,148,670,11
11/23/2023,3,mastercard,125,639,12
7/20/2020,2,diners-club-enroute,17,108,7
4/7/2023,4,diners-club-enroute,80,861,12
8/30/2007,3,jcb,98,600,18
2/2/2012,4,diners-club-carte-blanche,45,15,8
8/9/2015,4,bankcard,83,446,3
2/21/2007,5,maestro,59,152,5
4/20/2012,5,jcb,1,53,1
12/25/2021,5,switch,3,892,2
2/20/2015,3,jcb,155,330,17
12/7/2017,2,bankcard,2,523,4
11/13/2002,2,mastercard,171,239,5
4/6/2016,5,jcb,178,945,19
6/14/2013,4,jcb,192,89,12
9/13/2012,5,jcb,2,75,7
12/23/2011,2,jcb,157,441,5
4/20/2020,1,maestro,148,145,14
3/12/2017,2,jcb,91,594,14
7/1/2018,5,solo,105,298,6
8/9/2012,4,diners-club-enroute,106,320,1
11/3/2014,2,jcb,29,233,12
11/2/2004,4,diners-club-enroute,168,453,5
4/21/2016,3,china-unionpay,59,403,11
8/28/2022,1,jcb,107,8,15
6/17/2011,1,jcb,18,255,13
9/27/2014,3,laser,179,321,16
5/30/2010,2,maestro,121,955,19
4/27/2016,4,jcb,197,915,17
11/4/2006,4,jcb,50,642,14
7/13/2010,3,switch,84,585,3
10/1/2025,1,switch,32,675,16
8/26/2003,2,china-unionpay,56,801,6
7/17/2018,4,jcb,83,82,3
1/23/2012,2,jcb,1,656,11
7/18/2022,4,mastercard,182,968,17
5/21/2022,2,jcb,184,483,4
6/8/2020,1,mastercard,9,595,16
3/18/2012,4,visa,91,343,18
8/29/2010,4,jcb,38,26,14
9/24/2014,1,mastercard,85,515,2
3/6/2024,1,mastercard,46,51,13
3/7/2005,3,jcb,75,522,7
1/22/2007,3,diners-club-us-ca,64,989,10
10/5/2010,4,jcb,156,431,18
5/8/2005,4,laser,138,808,7
5/29/2004,4,diners-club-enroute,119,421,19
2/6/2003,2,diners-club-carte-blanche,30,568,5
12/29/2021,4,jcb,138,747,18
10/27/2001,4,jcb,139,329,20
8/22/2020,1,jcb,105,387,2
8/8/2003,4,mastercard,113,673,16
3/5/2014,5,china-unionpay,200,538,7
3/10/2011,2,visa-electron,95,687,9
11/24/2025,1,maestro,28,618,10
10/30/2010,1,china-unionpay,200,157,9
10/9/2025,1,maestro,195,512,16
1/11/2013,4,jcb,55,222,3
5/21/2007,4,jcb,171,544,16
5/5/2011,3,maestro,66,406,2
10/28/2014,2,visa-electron,105,681,4
6/1/2015,3,jcb,101,190,6
10/26/2012,2,jcb,141,962,17
5/12/2006,1,diners-club-international,35,763,3
12/18/2010,4,jcb,100,325,7
6/24/2020,3,laser,50,556,16
11/10/2003,1,jcb,9,378,6
8/9/2011,5,switch,24,956,17
4/6/2024,3,visa,102,824,19
6/25/2003,5,visa-electron,90,582,15
7/22/2023,3,china-unionpay,51,76,9
5/3/2023,1,diners-club-enroute,33,368,11
1/13/2015,4,americanexpress,76,265,14
9/9/2015,5,jcb,169,45,15
12/21/2011,3,mastercard,22,692,2
5/23/2011,5,jcb,196,572,17
